<?xml version="1.0" encoding="UTF-8"?>
<gpx creator="Garmin Connect" version="1.1"
  xsi:schemaLocation="http://www.topografix.com/GPX/1/1 http://www.topografix.com/GPX/11.xsd"
  xmlns:ns3="http://www.garmin.com/xmlschemas/TrackPointExtension/v1"
  xmlns="http://www.topografix.com/GPX/1/1"
  xmlns:xsi="http://www.w3.org/2001/XMLSchema-instance" xmlns:ns2="http://www.garmin.com/xmlschemas/GpxExtensions/v3">
  <metadata>
    <name>烏日雲林來回200k</name>
    <link href="connect.garmin.com">
      <text>Garmin Connect</text>
    </link>
    <time>2026-09-10T08:24:14.000Z</time>
  </metadata>
  <trk>
    <name>烏日雲林來回200k</name>
    <trkseg>
      <trkpt lat="24.104391150176525" lon="120.60685462318361">
        <ele>21.9</ele>
      </trkpt>
      <trkpt lat="24.10446952097118" lon="120.60654097236693">
        <ele>21.75</ele>
      </trkpt>
      <trkpt lat="24.104547975584865" lon="120.60622732155025">
        <ele>21.6</ele>
      </trkpt>
      <trkpt lat="24.104626262560487" lon="120.60591459274292">
        <ele>21.4</ele>
      </trkpt>
      <trkpt lat="24.104626178741455" lon="120.60591459274292">
        <ele>21.22</ele>
      </trkpt>
      <trkpt lat="24.104702873155475" lon="120.60562307015061">
        <ele>21.02</ele>
      </trkpt>
      <trkpt lat="24.104779567569494" lon="120.60533154755831">
        <ele>20.86</ele>
      </trkpt>
      <trkpt lat="24.104856261983514" lon="120.60504010878503">
        <ele>20.72</ele>
      </trkpt>
      <trkpt lat="24.104933040216565" lon="120.60474858619273">
        <ele>20.58</ele>
      </trkpt>
      <trkpt lat="24.105009734630585" lon="120.60445706360042">
        <ele>20.27</ele>
      </trkpt>
      <trkpt lat="24.105086429044604" lon="120.60416562482715">
        <ele>19.93</ele>
      </trkpt>
      <trkpt lat="24.105162704363465" lon="120.6038761138916">
        <ele>19.66</ele>
      </trkpt>
      <trkpt lat="24.105237806215882" lon="120.6035933084786">
        <ele>19.46</ele>
      </trkpt>
      <trkpt lat="24.10531299188733" lon="120.60331050306559">
        <ele>19.41</ele>
      </trkpt>
      <trkpt lat="24.10538817755878" lon="120.60302769765258">
        <ele>19.47</ele>
      </trkpt>
      <trkpt lat="24.10546336323023" lon="120.60274489223957">
        <ele>19.37</ele>
      </trkpt>
      <trkpt lat="24.105538548901677" lon="120.60246208682656">
        <ele>19.11</ele>
      </trkpt>
      <trkpt lat="24.105613315477967" lon="120.60218095779419">
        <ele>18.89</ele>
      </trkpt>
      <trkpt lat="24.105656230822206" lon="120.60200929641724">
        <ele>18.77</ele>
      </trkpt>
      <trkpt lat="24.105699146166444" lon="120.60190200805664">
        <ele>18.69</ele>
      </trkpt>
      <trkpt lat="24.10578489303589" lon="120.60158014297485">
        <ele>18.74</ele>
      </trkpt>
      <trkpt lat="24.10580643452704" lon="120.60149431228638">
        <ele>18.76</ele>
      </trkpt>
      <trkpt lat="24.10588514059782" lon="120.60120077803731">
        <ele>18.85</ele>
      </trkpt>
      <trkpt lat="24.105963930487633" lon="120.60090724378824">
        <ele>19.03</ele>
      </trkpt>
      <trkpt lat="24.106042636558414" lon="120.60061370953918">
        <ele>19.09</ele>
      </trkpt>
      <trkpt lat="24.106121426448226" lon="120.60032017529011">
        <ele>19.06</ele>
      </trkpt>
      <trkpt lat="24.106200132519007" lon="120.60002664104104">
        <ele>19.03</ele>
      </trkpt>
      <trkpt lat="24.10627850331366" lon="120.59973478317261">
        <ele>19.02</ele>
      </trkpt>
      <trkpt lat="24.106367016211152" lon="120.59944217093289">
        <ele>19.02</ele>
      </trkpt>
      <trkpt lat="24.106455612927675" lon="120.59914955869317">
        <ele>19.24</ele>
      </trkpt>
      <trkpt lat="24.1065442096442" lon="120.59885694645345">
        <ele>19.42</ele>
      </trkpt>
      <trkpt lat="24.10663280636072" lon="120.59856433421373">
        <ele>19.45</ele>
      </trkpt>
      <trkpt lat="24.106721403077245" lon="120.59827172197402">
        <ele>19.36</ele>
      </trkpt>
      <trkpt lat="24.106809999793768" lon="120.5979791097343">
        <ele>19.19</ele>
      </trkpt>
      <trkpt lat="24.10689859651029" lon="120.59768649749458">
        <ele>19.03</ele>
      </trkpt>
      <trkpt lat="24.106986606493592" lon="120.59739589691162">
        <ele>18.91</ele>
      </trkpt>
      <trkpt lat="24.10705097950995" lon="120.59719188138843">
        <ele>18.91</ele>
      </trkpt>
      <trkpt lat="24.107115352526307" lon="120.59698820114136">
        <ele>19.11</ele>
      </trkpt>
      <trkpt lat="24.107204787433147" lon="120.59669827111065">
        <ele>19.4</ele>
      </trkpt>
      <trkpt lat="24.10729430615902" lon="120.59640834107995">
        <ele>19.63</ele>
      </trkpt>
      <trkpt lat="24.10738374106586" lon="120.59611841104925">
        <ele>19.7</ele>
      </trkpt>
      <trkpt lat="24.107473259791732" lon="120.59582848101854">
        <ele>19.71</ele>
      </trkpt>
      <trkpt lat="24.107562694698572" lon="120.59553855098784">
        <ele>19.68</ele>
      </trkpt>
      <trkpt lat="24.107651794329286" lon="120.5952501296997">
        <ele>19.64</ele>
      </trkpt>
      <trkpt lat="24.107710300013423" lon="120.59506790712476">
        <ele>19.63</ele>
      </trkpt>
      <trkpt lat="24.107710300013423" lon="120.59506807476282">
        <ele>19.63</ele>
      </trkpt>
      <trkpt lat="24.107710383832455" lon="120.59506807476282">
        <ele>19.64</ele>
      </trkpt>
      <trkpt lat="24.107710383832455" lon="120.59506815858185">
        <ele>19.66</ele>
      </trkpt>
      <trkpt lat="24.107710383832455" lon="120.59506832621992">
        <ele>19.69</ele>
      </trkpt>
      <trkpt lat="24.107710467651486" lon="120.59506841003895">
        <ele>19.72</ele>
      </trkpt>
      <trkpt lat="24.107710467651486" lon="120.59506857767701">
        <ele>19.76</ele>
      </trkpt>
      <trkpt lat="24.107710467651486" lon="120.59506849385798">
        <ele>19.82</ele>
      </trkpt>
      <trkpt lat="24.10779914818704" lon="120.59479432180524">
        <ele>19.74</ele>
      </trkpt>
      <trkpt lat="24.107887828722596" lon="120.59452056884766">
        <ele>19.59</ele>
      </trkpt>
      <trkpt lat="24.107887744903564" lon="120.59452056884766">
        <ele>19.57</ele>
      </trkpt>
      <trkpt lat="24.107984388247132" lon="120.59423063881695">
        <ele>19.75</ele>
      </trkpt>
      <trkpt lat="24.10808094777167" lon="120.59394121170044">
        <ele>20.08</ele>
      </trkpt>
      <trkpt lat="24.108080863952637" lon="120.59394121170044">
        <ele>20.25</ele>
      </trkpt>
      <trkpt lat="24.108134591951966" lon="120.59375865384936">
        <ele>20.53</ele>
      </trkpt>
      <trkpt lat="24.108188236132264" lon="120.59357643127441">
        <ele>20.73</ele>
      </trkpt>
      <trkpt lat="24.108188152313232" lon="120.59357643127441">
        <ele>20.94</ele>
      </trkpt>
      <trkpt lat="24.10844455473125" lon="120.59361197054386">
        <ele>21.27</ele>
      </trkpt>
      <trkpt lat="24.1087010409683" lon="120.59364759363234">
        <ele>21.52</ele>
      </trkpt>
      <trkpt lat="24.108960712328553" lon="120.59368371963501">
        <ele>21.7</ele>
      </trkpt>
      <trkpt lat="24.10926103591919" lon="120.59370517730713">
        <ele>21.82</ele>
      </trkpt>
      <trkpt lat="24.109453316777945" lon="120.59368380345404">
        <ele>22.0</ele>
      </trkpt>
      <trkpt lat="24.109647357836366" lon="120.59366226196289">
        <ele>22.25</ele>
      </trkpt>
      <trkpt lat="24.109947765246034" lon="120.59364080429077">
        <ele>22.54</ele>
      </trkpt>
      <trkpt lat="24.11020517349243" lon="120.59368371963501">
        <ele>22.78</ele>
      </trkpt>
      <trkpt lat="24.110433161258698" lon="120.59373350813985">
        <ele>22.99</ele>
      </trkpt>
      <trkpt lat="24.110661149024963" lon="120.59378338046372">
        <ele>23.25</ele>
      </trkpt>
      <trkpt lat="24.110891902819276" lon="120.59383392333984">
        <ele>23.5</ele>
      </trkpt>
      <trkpt lat="24.111085021868348" lon="120.59387683868408">
        <ele>23.68</ele>
      </trkpt>
      <trkpt lat="24.111084938049316" lon="120.59387683868408">
        <ele>23.86</ele>
      </trkpt>
      <trkpt lat="24.111249474808574" lon="120.59391950257123">
        <ele>23.97</ele>
      </trkpt>
      <trkpt lat="24.111413089558482" lon="120.59396174736321">
        <ele>24.05</ele>
      </trkpt>
      <trkpt lat="24.111413843929768" lon="120.5939619988203">
        <ele>24.16</ele>
      </trkpt>
      <trkpt lat="24.111414598301053" lon="120.5939622502774">
        <ele>24.26</ele>
      </trkpt>
      <trkpt lat="24.111414682120085" lon="120.5939622502774">
        <ele>24.35</ele>
      </trkpt>
      <trkpt lat="24.111414765939116" lon="120.5939622502774">
        <ele>24.43</ele>
      </trkpt>
      <trkpt lat="24.111414849758148" lon="120.5939622502774">
        <ele>24.5</ele>
      </trkpt>
      <trkpt lat="24.11141501739621" lon="120.5939622502774">
        <ele>24.56</ele>
      </trkpt>
      <trkpt lat="24.111415101215243" lon="120.59396233409643">
        <ele>24.62</ele>
      </trkpt>
      <trkpt lat="24.111415268853307" lon="120.59396241791546">
        <ele>24.67</ele>
      </trkpt>
      <trkpt lat="24.11141535267234" lon="120.5939625017345">
        <ele>24.72</ele>
      </trkpt>
      <trkpt lat="24.111664379015565" lon="120.59402704238892">
        <ele>24.7</ele>
      </trkpt>
      <trkpt lat="24.111664295196533" lon="120.59402704238892">
        <ele>24.73</ele>
      </trkpt>
      <trkpt lat="24.11185665987432" lon="120.59406970627606">
        <ele>24.79</ele>
      </trkpt>
      <trkpt lat="24.11205061711371" lon="120.59411287307739">
        <ele>24.9</ele>
      </trkpt>
      <trkpt lat="24.112257147207856" lon="120.59416266158223">
        <ele>24.98</ele>
      </trkpt>
      <trkpt lat="24.112463761121035" lon="120.5942125339061">
        <ele>25.04</ele>
      </trkpt>
      <trkpt lat="24.112672889605165" lon="120.59426307678223">
        <ele>25.07</ele>
      </trkpt>
      <trkpt lat="24.11278017796576" lon="120.59428453445435">
        <ele>25.12</ele>
      </trkpt>
      <trkpt lat="24.11278009414673" lon="120.59428453445435">
        <ele>25.17</ele>
      </trkpt>
      <trkpt lat="24.11285880021751" lon="120.59404824860394">
        <ele>25.21</ele>
      </trkpt>
      <trkpt lat="24.11293759010732" lon="120.59381204657257">
        <ele>25.24</ele>
      </trkpt>
      <trkpt lat="24.11301621235907" lon="120.59357643127441">
        <ele>25.29</ele>
      </trkpt>
      <trkpt lat="24.11301612854004" lon="120.59357643127441">
        <ele>25.34</ele>
      </trkpt>
      <trkpt lat="24.113112771883607" lon="120.59329723007977">
        <ele>25.39</ele>
      </trkpt>
      <trkpt lat="24.113209331408143" lon="120.59301853179932">
        <ele>25.49</ele>
      </trkpt>
      <trkpt lat="24.11329516209662" lon="120.59274645522237">
        <ele>25.6</ele>
      </trkpt>
      <trkpt lat="24.113381076604128" lon="120.59247446246445">
        <ele>25.7</ele>
      </trkpt>
      <trkpt lat="24.113466823473573" lon="120.59220314025879">
        <ele>25.7</ele>
      </trkpt>
      <trkpt lat="24.11352046765387" lon="120.59202058240771">
        <ele>25.73</ele>
      </trkpt>
      <trkpt lat="24.113574028015137" lon="120.59183835983276">
        <ele>25.83</ele>
      </trkpt>
      <trkpt lat="24.113606214523315" lon="120.59162344783545">
        <ele>25.93</ele>
      </trkpt>
      <trkpt lat="24.113638401031494" lon="120.59140920639038">
        <ele>26.05</ele>
      </trkpt>
      <trkpt lat="24.113659858703613" lon="120.591183565557">
        <ele>26.12</ele>
      </trkpt>
      <trkpt lat="24.113681316375732" lon="120.59095859527588">
        <ele>26.21</ele>
      </trkpt>
      <trkpt lat="24.113670587539673" lon="120.59077595360577">
        <ele>26.3</ele>
      </trkpt>
      <trkpt lat="24.113659942522645" lon="120.59059381484985">
        <ele>26.43</ele>
      </trkpt>
      <trkpt lat="24.113627588376403" lon="120.59027144685388">
        <ele>26.54</ele>
      </trkpt>
      <trkpt lat="24.113595485687256" lon="120.58995008468628">
        <ele>26.58</ele>
      </trkpt>
      <trkpt lat="24.113638401031494" lon="120.58967113494873">
        <ele>26.62</ele>
      </trkpt>
      <trkpt lat="24.113616859540343" lon="120.5893703084439">
        <ele>26.68</ele>
      </trkpt>
      <trkpt lat="24.113595485687256" lon="120.5890703201294">
        <ele>26.81</ele>
      </trkpt>
      <trkpt lat="24.113552486523986" lon="120.58881249278784">
        <ele>26.99</ele>
      </trkpt>
      <trkpt lat="24.113509487360716" lon="120.58855466544628">
        <ele>27.19</ele>
      </trkpt>
      <trkpt lat="24.11346673965454" lon="120.5882978439331">
        <ele>27.4</ele>
      </trkpt>
      <trkpt lat="24.113409407436848" lon="120.58805434964597">
        <ele>27.55</ele>
      </trkpt>
      <trkpt lat="24.113352159038186" lon="120.58781093917787">
        <ele>27.62</ele>
      </trkpt>
      <trkpt lat="24.11329516209662" lon="120.58756828308105">
        <ele>27.57</ele>
      </trkpt>
      <trkpt lat="24.11328736692667" lon="120.58733786456287">
        <ele>27.63</ele>
      </trkpt>
      <trkpt lat="24.113279152661562" lon="120.58710744604468">
        <ele>27.72</ele>
      </trkpt>
      <trkpt lat="24.113279236480594" lon="120.58710761368275">
        <ele>27.77</ele>
      </trkpt>
      <trkpt lat="24.113279236480594" lon="120.58710744604468">
        <ele>27.8</ele>
      </trkpt>
      <trkpt lat="24.113279320299625" lon="120.58710761368275">
        <ele>27.82</ele>
      </trkpt>
      <trkpt lat="24.113279404118657" lon="120.58710778132081">
        <ele>27.82</ele>
      </trkpt>
      <trkpt lat="24.113279404118657" lon="120.58710761368275">
        <ele>27.81</ele>
      </trkpt>
      <trkpt lat="24.11327948793769" lon="120.58710778132081">
        <ele>27.78</ele>
      </trkpt>
      <trkpt lat="24.11327957175672" lon="120.58710786513984">
        <ele>27.74</ele>
      </trkpt>
      <trkpt lat="24.113279655575752" lon="120.58710794895887">
        <ele>27.68</ele>
      </trkpt>
      <trkpt lat="24.113279739394784" lon="120.58710811659694">
        <ele>27.61</ele>
      </trkpt>
      <trkpt lat="24.11327362060547" lon="120.58692455291748">
        <ele>27.56</ele>
      </trkpt>
      <trkpt lat="24.11320924758911" lon="120.58668851852417">
        <ele>27.49</ele>
      </trkpt>
      <trkpt lat="24.11315551958978" lon="120.58647369034588">
        <ele>27.32</ele>
      </trkpt>
      <trkpt lat="24.113101959228516" lon="120.58625936508179">
        <ele>27.14</ele>
      </trkpt>
      <trkpt lat="24.113059043884277" lon="120.58600187301636">
        <ele>26.96</ele>
      </trkpt>
      <trkpt lat="24.11302895285189" lon="120.58571395464242">
        <ele>26.77</ele>
      </trkpt>
      <trkpt lat="24.112998861819506" lon="120.58542603626847">
        <ele>26.59</ele>
      </trkpt>
      <trkpt lat="24.11296877078712" lon="120.58513811789453">
        <ele>26.38</ele>
      </trkpt>
      <trkpt lat="24.112938679754734" lon="120.58485019952059">
        <ele>26.19</ele>
      </trkpt>
      <trkpt lat="24.112908840179443" lon="120.58456420898438">
        <ele>25.96</ele>
      </trkpt>
      <trkpt lat="24.112887382507324" lon="120.58439229615033">
        <ele>25.7</ele>
      </trkpt>
      <trkpt lat="24.112866008654237" lon="120.58422088623047">
        <ele>25.4</ele>
      </trkpt>
      <trkpt lat="24.112844467163086" lon="120.58415651321411">
        <ele>25.11</ele>
      </trkpt>
      <trkpt lat="24.11273717880249" lon="120.58417797088623">
        <ele>24.88</ele>
      </trkpt>
      <trkpt lat="24.112672805786133" lon="120.58415651321411">
        <ele>24.62</ele>
      </trkpt>
      <trkpt lat="24.11238773725927" lon="120.58406380936503">
        <ele>24.3</ele>
      </trkpt>
      <trkpt lat="24.112102668732405" lon="120.58397118933499">
        <ele>23.9</ele>
      </trkpt>
      <trkpt lat="24.111814498901367" lon="120.58387756347656">
        <ele>23.55</ele>
      </trkpt>
      <trkpt lat="24.111664295196533" lon="120.58385610580444">
        <ele>23.25</ele>
      </trkpt>
      <trkpt lat="24.11149263381958" lon="120.58385610580444">
        <ele>22.96</ele>
      </trkpt>
      <trkpt lat="24.11125659942627" lon="120.58372735977173">
        <ele>22.75</ele>
      </trkpt>
      <trkpt lat="24.111106395721436" lon="120.58368444442749">
        <ele>22.5</ele>
      </trkpt>
      <trkpt lat="24.11102056503296" lon="120.58368444442749">
        <ele>22.21</ele>
      </trkpt>
      <trkpt lat="24.110806742683053" lon="120.58360959403217">
        <ele>21.9</ele>
      </trkpt>
      <trkpt lat="24.110591411590576" lon="120.58353424072266">
        <ele>21.52</ele>
      </trkpt>
      <trkpt lat="24.110366944223642" lon="120.58344866149127">
        <ele>21.11</ele>
      </trkpt>
      <trkpt lat="24.110140884295106" lon="120.5833625793457">
        <ele>20.69</ele>
      </trkpt>
      <trkpt lat="24.109846679493785" lon="120.58325780555606">
        <ele>20.3</ele>
      </trkpt>
      <trkpt lat="24.109552558511496" lon="120.58315311558545">
        <ele>19.91</ele>
      </trkpt>
      <trkpt lat="24.109258353710175" lon="120.58304842561483">
        <ele>19.53</ele>
      </trkpt>
      <trkpt lat="24.108964232727885" lon="120.58294373564422">
        <ele>19.22</ele>
      </trkpt>
      <trkpt lat="24.108670111745596" lon="120.58283904567361">
        <ele>18.82</ele>
      </trkpt>
      <trkpt lat="24.108375906944275" lon="120.582734355703">
        <ele>18.45</ele>
      </trkpt>
      <trkpt lat="24.108081785961986" lon="120.58262966573238">
        <ele>18.16</ele>
      </trkpt>
      <trkpt lat="24.107787664979696" lon="120.58252497576177">
        <ele>17.85</ele>
      </trkpt>
      <trkpt lat="24.107493460178375" lon="120.58242028579116">
        <ele>17.54</ele>
      </trkpt>
      <trkpt lat="24.107199339196086" lon="120.58231559582055">
        <ele>17.26</ele>
      </trkpt>
      <trkpt lat="24.106905218213797" lon="120.58221098966897">
        <ele>17.11</ele>
      </trkpt>
      <trkpt lat="24.106611013412476" lon="120.58210629969835">
        <ele>16.95</ele>
      </trkpt>
      <trkpt lat="24.106316892430186" lon="120.58200160972774">
        <ele>16.83</ele>
      </trkpt>
      <trkpt lat="24.106022771447897" lon="120.58189691975713">
        <ele>16.81</ele>
      </trkpt>
      <trkpt lat="24.105728566646576" lon="120.58179222978652">
        <ele>16.82</ele>
      </trkpt>
      <trkpt lat="24.105434445664287" lon="120.5816875398159">
        <ele>16.93</ele>
      </trkpt>
      <trkpt lat="24.105140324681997" lon="120.58158284984529">
        <ele>17.12</ele>
      </trkpt>
      <trkpt lat="24.104846119880676" lon="120.58147815987468">
        <ele>17.27</ele>
      </trkpt>
      <trkpt lat="24.104551998898387" lon="120.58137346990407">
        <ele>17.52</ele>
      </trkpt>
      <trkpt lat="24.104257877916098" lon="120.58126877993345">
        <ele>17.69</ele>
      </trkpt>
      <trkpt lat="24.103963673114777" lon="120.58116408996284">
        <ele>17.75</ele>
      </trkpt>
      <trkpt lat="24.103669552132487" lon="120.58105939999223">
        <ele>17.92</ele>
      </trkpt>
      <trkpt lat="24.103375347331166" lon="120.58095471002162">
        <ele>18.05</ele>
      </trkpt>
      <trkpt lat="24.103081226348877" lon="120.580850020051">
        <ele>18.17</ele>
      </trkpt>
      <trkpt lat="24.102787105366588" lon="120.58074533008039">
        <ele>18.36</ele>
      </trkpt>
      <trkpt lat="24.102492900565267" lon="120.58064064010978">
        <ele>18.66</ele>
      </trkpt>
      <trkpt lat="24.102198779582977" lon="120.58053595013916">
        <ele>18.96</ele>
      </trkpt>
      <trkpt lat="24.101904658600688" lon="120.58043126016855">
        <ele>19.18</ele>
      </trkpt>
      <trkpt lat="24.101579189300537" lon="120.58031558990479">
        <ele>19.42</ele>
      </trkpt>
      <trkpt lat="24.10147190093994" lon="120.58016538619995">
        <ele>19.69</ele>
      </trkpt>
      <trkpt lat="24.101286409422755" lon="120.58004410006106">
        <ele>19.98</ele>
      </trkpt>
      <trkpt lat="24.10110091790557" lon="120.57992281392217">
        <ele>20.19</ele>
      </trkpt>
      <trkpt lat="24.100914001464844" lon="120.57980060577393">
        <ele>20.43</ele>
      </trkpt>
      <trkpt lat="24.100699424743652" lon="120.57962894439697">
        <ele>20.76</ele>
      </trkpt>
      <trkpt lat="24.10047453828156" lon="120.57943616062403">
        <ele>21.12</ele>
      </trkpt>
      <trkpt lat="24.10024881362915" lon="120.57924270629883">
        <ele>21.43</ele>
      </trkpt>
      <trkpt lat="24.100066674873233" lon="120.57906056754291">
        <ele>21.72</ele>
      </trkpt>
      <trkpt lat="24.099884033203125" lon="120.5788779258728">
        <ele>22.01</ele>
      </trkpt>
      <trkpt lat="24.099690914154053" lon="120.57866334915161">
        <ele>22.25</ele>
      </trkpt>
      <trkpt lat="24.099562168121338" lon="120.57844877243042">
        <ele>22.47</ele>
      </trkpt>
      <trkpt lat="24.099454879760742" lon="120.57816982269287">
        <ele>22.72</ele>
      </trkpt>
      <trkpt lat="24.099390422925353" lon="120.57797653600574">
        <ele>22.96</ele>
      </trkpt>
      <trkpt lat="24.099326133728027" lon="120.57778358459473">
        <ele>23.18</ele>
      </trkpt>
      <trkpt lat="24.09923301078379" lon="120.57749005034566">
        <ele>23.38</ele>
      </trkpt>
      <trkpt lat="24.099139971658587" lon="120.57719659991562">
        <ele>23.6</ele>
      </trkpt>
      <trkpt lat="24.09904718399048" lon="120.57690382003784">
        <ele>23.76</ele>
      </trkpt>
      <trkpt lat="24.098982894793153" lon="120.57666778564453">
        <ele>23.92</ele>
      </trkpt>
      <trkpt lat="24.09888407215476" lon="120.57635421864688">
        <ele>24.05</ele>
      </trkpt>
      <trkpt lat="24.098785249516368" lon="120.57604065164924">
        <ele>24.22</ele>
      </trkpt>
      <trkpt lat="24.098686510697007" lon="120.57572716847062">
        <ele>24.36</ele>
      </trkpt>
      <trkpt lat="24.098587688058615" lon="120.57541360147297">
        <ele>24.41</ele>
      </trkpt>
      <trkpt lat="24.098489368334413" lon="120.57510137557983">
        <ele>24.47</ele>
      </trkpt>
      <trkpt lat="24.098381996154785" lon="120.57477925904095">
        <ele>24.57</ele>
      </trkpt>
      <trkpt lat="24.09827479161322" lon="120.57445764541626">
        <ele>24.63</ele>
      </trkpt>
      <trkpt lat="24.098199605941772" lon="120.57418917305768">
        <ele>24.66</ele>
      </trkpt>
      <trkpt lat="24.098124587908387" lon="120.57392120361328">
        <ele>24.72</ele>
      </trkpt>
      <trkpt lat="24.098124504089355" lon="120.57392120361328">
        <ele>24.74</ele>
      </trkpt>
      <trkpt lat="24.098027860745788" lon="120.57362054474652">
        <ele>24.79</ele>
      </trkpt>
      <trkpt lat="24.097931468859315" lon="120.57332038879395">
        <ele>24.79</ele>
      </trkpt>
      <trkpt lat="24.09783834591508" lon="120.57302685454488">
        <ele>24.76</ele>
      </trkpt>
      <trkpt lat="24.097745306789875" lon="120.57273340411484">
        <ele>24.73</ele>
      </trkpt>
      <trkpt lat="24.097652519121766" lon="120.57244062423706">
        <ele>24.71</ele>
      </trkpt>
      <trkpt lat="24.09756668843329" lon="120.57214021682739">
        <ele>24.7</ele>
      </trkpt>
      <trkpt lat="24.09750214777887" lon="120.57195765897632">
        <ele>24.67</ele>
      </trkpt>
      <trkpt lat="24.097437858581543" lon="120.57177543640137">
        <ele>24.6</ele>
      </trkpt>
      <trkpt lat="24.097352027893066" lon="120.57158223353326">
        <ele>24.51</ele>
      </trkpt>
      <trkpt lat="24.09726628102362" lon="120.57138919830322">
        <ele>24.39</ele>
      </trkpt>
      <trkpt lat="24.097201824188232" lon="120.57123899459839">
        <ele>24.27</ele>
      </trkpt>
      <trkpt lat="24.09705170430243" lon="120.57098150253296">
        <ele>24.1</ele>
      </trkpt>
      <trkpt lat="24.096858501434326" lon="120.57072401046753">
        <ele>23.91</ele>
      </trkpt>
      <trkpt lat="24.096644008532166" lon="120.57048797607422">
        <ele>23.74</ele>
      </trkpt>
      <trkpt lat="24.09647226333618" lon="120.57031631469727">
        <ele>23.56</ele>
      </trkpt>
      <trkpt lat="24.096322059631348" lon="120.57020902633667">
        <ele>23.41</ele>
      </trkpt>
      <trkpt lat="24.096113434061408" lon="120.57007525116205">
        <ele>23.24</ele>
      </trkpt>
      <trkpt lat="24.09590480849147" lon="120.56994147598743">
        <ele>23.02</ele>
      </trkpt>
      <trkpt lat="24.09569618292153" lon="120.56980778463185">
        <ele>22.76</ele>
      </trkpt>
      <trkpt lat="24.095485294237733" lon="120.56967258453369">
        <ele>22.48</ele>
      </trkpt>
      <trkpt lat="24.09531405195594" lon="120.56957627646625">
        <ele>22.24</ele>
      </trkpt>
      <trkpt lat="24.095141887664795" lon="120.56947946548462">
        <ele>22.02</ele>
      </trkpt>
      <trkpt lat="24.095007944852114" lon="120.56938810274005">
        <ele>21.9</ele>
      </trkpt>
      <trkpt lat="24.094878109171987" lon="120.5692994222045">
        <ele>21.79</ele>
      </trkpt>
      <trkpt lat="24.094877522438765" lon="120.56929900310934">
        <ele>21.6</ele>
      </trkpt>
      <trkpt lat="24.094877103343606" lon="120.56929875165224">
        <ele>21.42</ele>
      </trkpt>
      <trkpt lat="24.094876516610384" lon="120.56929833255708">
        <ele>21.25</ele>
      </trkpt>
      <trkpt lat="24.094875929877162" lon="120.56929799728096">
        <ele>21.08</ele>
      </trkpt>
      <trkpt lat="24.094875510782003" lon="120.56929774582386">
        <ele>20.91</ele>
      </trkpt>
      <trkpt lat="24.09487492404878" lon="120.56929741054773">
        <ele>20.75</ele>
      </trkpt>
      <trkpt lat="24.09487433731556" lon="120.56929699145257">
        <ele>20.59</ele>
      </trkpt>
      <trkpt lat="24.0948739182204" lon="120.56929673999548">
        <ele>20.44</ele>
      </trkpt>
      <trkpt lat="24.094873750582337" lon="120.56929665617645">
        <ele>20.29</ele>
      </trkpt>
      <trkpt lat="24.09487333148718" lon="120.56929632090032">
        <ele>20.15</ele>
      </trkpt>
      <trkpt lat="24.094669818878174" lon="120.56915760040283">
        <ele>20.01</ele>
      </trkpt>
      <trkpt lat="24.09454107284546" lon="120.56905031204224">
        <ele>19.84</ele>
      </trkpt>
      <trkpt lat="24.094423223286867" lon="120.56893246248364">
        <ele>19.66</ele>
      </trkpt>
      <trkpt lat="24.09430503845215" lon="120.56881427764893">
        <ele>19.47</ele>
      </trkpt>
      <trkpt lat="24.094197750091553" lon="120.56866407394409">
        <ele>19.31</ele>
      </trkpt>
      <trkpt lat="24.094122564420104" lon="120.56850305758417">
        <ele>19.21</ele>
      </trkpt>
      <trkpt lat="24.09404754638672" lon="120.5683422088623">
        <ele>19.13</ele>
      </trkpt>
      <trkpt lat="24.09400463104248" lon="120.56817054748535">
        <ele>19.13</ele>
      </trkpt>
      <trkpt lat="24.09398317337036" lon="120.56797742843628">
        <ele>19.15</ele>
      </trkpt>
      <trkpt lat="24.09397236071527" lon="120.56774105876684">
        <ele>19.18</ele>
      </trkpt>
      <trkpt lat="24.093961715698242" lon="120.56750535964966">
        <ele>19.15</ele>
      </trkpt>
      <trkpt lat="24.09404754638672" lon="120.56735515594482">
        <ele>19.08</ele>
      </trkpt>
      <trkpt lat="24.094176376238465" lon="120.5670976638794">
        <ele>18.97</ele>
      </trkpt>
      <trkpt lat="24.094176292419434" lon="120.5670976638794">
        <ele>18.92</ele>
      </trkpt>
      <trkpt lat="24.09432951360941" lon="120.5667971726507">
        <ele>18.85</ele>
      </trkpt>
      <trkpt lat="24.094482818618417" lon="120.56649676524103">
        <ele>18.78</ele>
      </trkpt>
      <trkpt lat="24.094636123627424" lon="120.56619635783136">
        <ele>18.71</ele>
      </trkpt>
      <trkpt lat="24.09478942863643" lon="120.56589595042169">
        <ele>18.61</ele>
      </trkpt>
      <trkpt lat="24.09494273364544" lon="120.56559554301202">
        <ele>18.51</ele>
      </trkpt>
      <trkpt lat="24.095095954835415" lon="120.56529505178332">
        <ele>18.58</ele>
      </trkpt>
      <trkpt lat="24.095249259844422" lon="120.56499464437366">
        <ele>18.68</ele>
      </trkpt>
      <trkpt lat="24.09540256485343" lon="120.56469423696399">
        <ele>18.73</ele>
      </trkpt>
      <trkpt lat="24.095555869862437" lon="120.56439382955432">
        <ele>18.81</ele>
      </trkpt>
      <trkpt lat="24.095709174871445" lon="120.56409342214465">
        <ele>18.71</ele>
      </trkpt>
      <trkpt lat="24.09586239606142" lon="120.56379293091595">
        <ele>18.6</ele>
      </trkpt>
      <trkpt lat="24.096015701070428" lon="120.56349252350628">
        <ele>18.54</ele>
      </trkpt>
      <trkpt lat="24.096169006079435" lon="120.56319211609662">
        <ele>18.49</ele>
      </trkpt>
      <trkpt lat="24.09632214345038" lon="120.56289196014404">
        <ele>18.47</ele>
      </trkpt>
      <trkpt lat="24.096440076828003" lon="120.5626558419317">
        <ele>18.47</ele>
      </trkpt>
      <trkpt lat="24.096558094024658" lon="120.56241989135742">
        <ele>18.48</ele>
      </trkpt>
      <trkpt lat="24.096708297729492" lon="120.56213012896478">
        <ele>18.46</ele>
      </trkpt>
      <trkpt lat="24.096858501434326" lon="120.56184045039117">
        <ele>18.38</ele>
      </trkpt>
      <trkpt lat="24.09700870513916" lon="120.56155077181756">
        <ele>18.35</ele>
      </trkpt>
      <trkpt lat="24.097158908843994" lon="120.56126109324396">
        <ele>18.41</ele>
      </trkpt>
      <trkpt lat="24.097309112548828" lon="120.56097141467035">
        <ele>18.4</ele>
      </trkpt>
      <trkpt lat="24.097459316253662" lon="120.56068173609674">
        <ele>18.32</ele>
      </trkpt>
      <trkpt lat="24.097609519958496" lon="120.56039205752313">
        <ele>18.26</ele>
      </trkpt>
      <trkpt lat="24.09775972366333" lon="120.56010246276855">
        <ele>18.25</ele>
      </trkpt>
      <trkpt lat="24.097877740859985" lon="120.55980188772082">
        <ele>18.27</ele>
      </trkpt>
      <trkpt lat="24.09799575805664" lon="120.55950164794922">
        <ele>18.27</ele>
      </trkpt>
      <trkpt lat="24.09808167256415" lon="120.55923317559063">
        <ele>18.33</ele>
      </trkpt>
      <trkpt lat="24.098167503252625" lon="120.55896520614624">
        <ele>18.37</ele>
      </trkpt>
      <trkpt lat="24.098167419433594" lon="120.55896520614624">
        <ele>18.37</ele>
      </trkpt>
      <trkpt lat="24.098221147432923" lon="120.55868592113256">
        <ele>18.35</ele>
      </trkpt>
      <trkpt lat="24.09827479161322" lon="120.55840730667114">
        <ele>18.32</ele>
      </trkpt>
      <trkpt lat="24.09828543663025" lon="120.55822466500103">
        <ele>18.29</ele>
      </trkpt>
      <trkpt lat="24.09829616546631" lon="120.55804252624512">
        <ele>18.26</ele>
      </trkpt>
      <trkpt lat="24.098317623138428" lon="120.55780615657568">
        <ele>18.24</ele>
      </trkpt>
      <trkpt lat="24.09833916462958" lon="120.5575704574585">
        <ele>18.3</ele>
      </trkpt>
      <trkpt lat="24.098339080810547" lon="120.55732327513397">
        <ele>18.32</ele>
      </trkpt>
      <trkpt lat="24.098339080810547" lon="120.55707693099976">
        <ele>18.32</ele>
      </trkpt>
      <trkpt lat="24.098349809646606" lon="120.55684056133032">
        <ele>18.32</ele>
      </trkpt>
      <trkpt lat="24.098360622301698" lon="120.55660486221313">
        <ele>18.33</ele>
      </trkpt>
      <trkpt lat="24.098360538482666" lon="120.55660486221313">
        <ele>18.32</ele>
      </trkpt>
      <trkpt lat="24.098367663100362" lon="120.55630043148994">
        <ele>18.26</ele>
      </trkpt>
      <trkpt lat="24.09837487153709" lon="120.55599600076675">
        <ele>18.19</ele>
      </trkpt>
      <trkpt lat="24.098381996154785" lon="120.55569157004356">
        <ele>18.08</ele>
      </trkpt>
      <trkpt lat="24.098389204591513" lon="120.5553872231394">
        <ele>18.03</ele>
      </trkpt>
      <trkpt lat="24.09839641302824" lon="120.55508279241621">
        <ele>18.02</ele>
      </trkpt>
      <trkpt lat="24.098403537645936" lon="120.55478096008301">
        <ele>18.01</ele>
      </trkpt>
      <trkpt lat="24.098392724990845" lon="120.55457677692175">
        <ele>17.96</ele>
      </trkpt>
      <trkpt lat="24.098382079973817" lon="120.55437326431274">
        <ele>17.91</ele>
      </trkpt>
      <trkpt lat="24.098360622301698" lon="120.55405139923096">
        <ele>17.87</ele>
      </trkpt>
      <trkpt lat="24.098306810483336" lon="120.55373984389007">
        <ele>17.81</ele>
      </trkpt>
      <trkpt lat="24.09825325012207" lon="120.5534291267395">
        <ele>17.77</ele>
      </trkpt>
      <trkpt lat="24.09819952212274" lon="120.55319275707006">
        <ele>17.75</ele>
      </trkpt>
      <trkpt lat="24.098145961761475" lon="120.55295705795288">
        <ele>17.71</ele>
      </trkpt>
      <trkpt lat="24.09805577248335" lon="120.55269931443036">
        <ele>17.68</ele>
      </trkpt>
      <trkpt lat="24.097965583205223" lon="120.55244165472686">
        <ele>17.63</ele>
      </trkpt>
      <trkpt lat="24.097875393927097" lon="120.55218399502337">
        <ele>17.57</ele>
      </trkpt>
      <trkpt lat="24.097785288468003" lon="120.55192633531988">
        <ele>17.52</ele>
      </trkpt>
      <trkpt lat="24.097695434466004" lon="120.55166959762573">
        <ele>17.47</ele>
      </trkpt>
      <trkpt lat="24.097630977630615" lon="120.55149776861072">
        <ele>17.45</ele>
      </trkpt>
      <trkpt lat="24.09756668843329" lon="120.55132627487183">
        <ele>17.43</ele>
      </trkpt>
      <trkpt lat="24.097566604614258" lon="120.55132627487183">
        <ele>17.39</ele>
      </trkpt>
      <trkpt lat="24.09747532568872" lon="120.55105243809521">
        <ele>17.38</ele>
      </trkpt>
      <trkpt lat="24.09738404676318" lon="120.55077868513763">
        <ele>17.34</ele>
      </trkpt>
      <trkpt lat="24.097292767837644" lon="120.55050484836102">
        <ele>17.28</ele>
      </trkpt>
      <trkpt lat="24.097201824188232" lon="120.55023193359375">
        <ele>17.2</ele>
      </trkpt>
      <trkpt lat="24.09712303429842" lon="120.5499598570168">
        <ele>17.11</ele>
      </trkpt>
      <trkpt lat="24.09704432822764" lon="120.54968778043985">
        <ele>17.0</ele>
      </trkpt>
      <trkpt lat="24.096965873613954" lon="120.54941654205322">
        <ele>16.92</ele>
      </trkpt>
      <trkpt lat="24.096912061795592" lon="120.54922317154706">
        <ele>16.85</ele>
      </trkpt>
      <trkpt lat="24.096858501434326" lon="120.54903030395508">
        <ele>16.83</ele>
      </trkpt>
      <trkpt lat="24.09683712758124" lon="120.54892301559448">
        <ele>16.81</ele>
      </trkpt>
      <trkpt lat="24.0967683121562" lon="120.54865236394107">
        <ele>16.76</ele>
      </trkpt>
      <trkpt lat="24.096699580550194" lon="120.54838171228766">
        <ele>16.65</ele>
      </trkpt>
      <trkpt lat="24.096630848944187" lon="120.54811106063426">
        <ele>16.59</ele>
      </trkpt>
      <trkpt lat="24.09656211733818" lon="120.54784040898085">
        <ele>16.61</ele>
      </trkpt>
      <trkpt lat="24.096493804827332" lon="120.54757118225098">
        <ele>16.66</ele>
      </trkpt>
      <trkpt lat="24.096407890319824" lon="120.5472403485328">
        <ele>16.67</ele>
      </trkpt>
      <trkpt lat="24.096321975812316" lon="120.54690959863365">
        <ele>16.67</ele>
      </trkpt>
      <trkpt lat="24.096236061304808" lon="120.5465788487345">
        <ele>16.65</ele>
      </trkpt>
      <trkpt lat="24.0961501467973" lon="120.54624801501632">
        <ele>16.62</ele>
      </trkpt>
      <trkpt lat="24.09606465138495" lon="120.5459189414978">
        <ele>16.53</ele>
      </trkpt>
      <trkpt lat="24.09602165222168" lon="120.54570411331952">
        <ele>16.48</ele>
      </trkpt>
      <trkpt lat="24.095978820696473" lon="120.54548978805542">
        <ele>16.46</ele>
      </trkpt>
      <trkpt lat="24.09597873687744" lon="120.54548978805542">
        <ele>16.43</ele>
      </trkpt>
      <trkpt lat="24.095908915624022" lon="120.54522659629583">
        <ele>16.44</ele>
      </trkpt>
      <trkpt lat="24.095839094370604" lon="120.54496348835528">
        <ele>16.45</ele>
      </trkpt>
      <trkpt lat="24.095769273117185" lon="120.54470038041472">
        <ele>16.43</ele>
      </trkpt>
      <trkpt lat="24.095699787139893" lon="120.54443836212158">
        <ele>16.41</ele>
      </trkpt>
      <trkpt lat="24.095624601468444" lon="120.54419134743512">
        <ele>16.41</ele>
      </trkpt>
      <trkpt lat="24.09554958343506" lon="120.54394483566284">
        <ele>16.4</ele>
      </trkpt>
      <trkpt lat="24.09543148241937" lon="120.54364426061511">
        <ele>16.37</ele>
      </trkpt>
      <trkpt lat="24.095313549041748" lon="120.5433440208435">
        <ele>16.32</ele>
      </trkpt>
      <trkpt lat="24.09520617686212" lon="120.54310253821313">
        <ele>16.28</ele>
      </trkpt>
      <trkpt lat="24.095098888501525" lon="120.54286105558276">
        <ele>16.23</ele>
      </trkpt>
      <trkpt lat="24.09499160014093" lon="120.54261957295239">
        <ele>16.19</ele>
      </trkpt>
      <trkpt lat="24.094884479418397" lon="120.54237842559814">
        <ele>16.18</ele>
      </trkpt>
      <trkpt lat="24.094884395599365" lon="120.54237842559814">
        <ele>16.18</ele>
      </trkpt>
      <trkpt lat="24.09478783607483" lon="120.54216376505792">
        <ele>16.2</ele>
      </trkpt>
      <trkpt lat="24.094691360369325" lon="120.54194927215576">
        <ele>16.24</ele>
      </trkpt>
      <trkpt lat="24.09456261433661" lon="120.5416488647461">
        <ele>16.26</ele>
      </trkpt>
      <trkpt lat="24.094455242156982" lon="120.54139841347933">
        <ele>16.22</ele>
      </trkpt>
      <trkpt lat="24.094347953796387" lon="120.54114796221256">
        <ele>16.18</ele>
      </trkpt>
      <trkpt lat="24.094240749254823" lon="120.54089784622192">
        <ele>16.2</ele>
      </trkpt>
      <trkpt lat="24.094144105911255" lon="120.54065091535449">
        <ele>16.28</ele>
      </trkpt>
      <trkpt lat="24.09404763020575" lon="120.54040431976318">
        <ele>16.36</ele>
      </trkpt>
      <trkpt lat="24.09404754638672" lon="120.54040431976318">
        <ele>16.39</ele>
      </trkpt>
      <trkpt lat="24.09392944537103" lon="120.54014674387872">
        <ele>16.44</ele>
      </trkpt>
      <trkpt lat="24.093811511993408" lon="120.53988933563232">
        <ele>16.48</ele>
      </trkpt>
      <trkpt lat="24.093693494796753" lon="120.53969621658325">
        <ele>16.5</ele>
      </trkpt>
      <trkpt lat="24.09357556141913" lon="120.53950309753418">
        <ele>16.49</ele>
      </trkpt>
      <trkpt lat="24.093575477600098" lon="120.53950309753418">
        <ele>16.51</ele>
      </trkpt>
      <trkpt lat="24.093461064621806" lon="120.53930285386741">
        <ele>16.49</ele>
      </trkpt>
      <trkpt lat="24.093346651643515" lon="120.53910261020064">
        <ele>16.51</ele>
      </trkpt>
      <trkpt lat="24.093232238665223" lon="120.53890228271484">
        <ele>16.54</ele>
      </trkpt>
      <trkpt lat="24.09323215484619" lon="120.53890228271484">
        <ele>16.56</ele>
      </trkpt>
      <trkpt lat="24.09307130612433" lon="120.53863406181335">
        <ele>16.56</ele>
      </trkpt>
      <trkpt lat="24.092910373583436" lon="120.53836584091187">
        <ele>16.56</ele>
      </trkpt>
      <trkpt lat="24.092781711369753" lon="120.53818353451788">
        <ele>16.57</ele>
      </trkpt>
      <trkpt lat="24.092652881518006" lon="120.53800106048584">
        <ele>16.57</ele>
      </trkpt>
      <trkpt lat="24.09252405166626" lon="120.53782939910889">
        <ele>16.57</ele>
      </trkpt>
      <trkpt lat="24.092323975637555" lon="120.53757928311825">
        <ele>16.56</ele>
      </trkpt>
      <trkpt lat="24.09212389960885" lon="120.53732916712761">
        <ele>16.56</ele>
      </trkpt>
      <trkpt lat="24.091923320665956" lon="120.53707838058472">
        <ele>16.6</ele>
      </trkpt>
      <trkpt lat="24.091923236846924" lon="120.53707838058472">
        <ele>16.6</ele>
      </trkpt>
      <trkpt lat="24.091751659289002" lon="120.5368423461914">
        <ele>16.62</ele>
      </trkpt>
      <trkpt lat="24.091558707877994" lon="120.53660656325519">
        <ele>16.59</ele>
      </trkpt>
      <trkpt lat="24.091365840286016" lon="120.53637078031898">
        <ele>16.59</ele>
      </trkpt>
      <trkpt lat="24.091172302141786" lon="120.53613424301147">
        <ele>16.6</ele>
      </trkpt>
      <trkpt lat="24.091010447591543" lon="120.5359791778028">
        <ele>16.6</ele>
      </trkpt>
      <trkpt lat="24.090852364897728" lon="120.53582771681249">
        <ele>16.56</ele>
      </trkpt>
      <trkpt lat="24.090851861983538" lon="120.5358272138983">
        <ele>16.54</ele>
      </trkpt>
      <trkpt lat="24.09085144288838" lon="120.53582687862217">
        <ele>16.51</ele>
      </trkpt>
      <trkpt lat="24.09085093997419" lon="120.53582637570798">
        <ele>16.48</ele>
      </trkpt>
      <trkpt lat="24.09085043706" lon="120.5358258727938">
        <ele>16.45</ele>
      </trkpt>
      <trkpt lat="24.09085010178387" lon="120.53582553751767">
        <ele>16.41</ele>
      </trkpt>
      <trkpt lat="24.09084959886968" lon="120.53582503460348">
        <ele>16.37</ele>
      </trkpt>
      <trkpt lat="24.09084901213646" lon="120.53582453168929">
        <ele>16.32</ele>
      </trkpt>
      <trkpt lat="24.090848676860332" lon="120.53582419641316">
        <ele>16.27</ele>
      </trkpt>
      <trkpt lat="24.0908485930413" lon="120.53582411259413">
        <ele>16.22</ele>
      </trkpt>
      <trkpt lat="24.090848173946142" lon="120.53582369349897">
        <ele>16.16</ele>
      </trkpt>
      <trkpt lat="24.090657318010926" lon="120.53564071655273">
        <ele>16.06</ele>
      </trkpt>
      <trkpt lat="24.090657234191895" lon="120.53564071655273">
        <ele>16.0</ele>
      </trkpt>
      <trkpt lat="24.09052848815918" lon="120.53553342819214">
        <ele>15.92</ele>
      </trkpt>
      <trkpt lat="24.090335788205266" lon="120.53536210209131">
        <ele>15.84</ele>
      </trkpt>
      <trkpt lat="24.090142333880067" lon="120.53519010543823">
        <ele>15.77</ele>
      </trkpt>
      <trkpt lat="24.090142250061035" lon="120.53519010543823">
        <ele>15.7</ele>
      </trkpt>
      <trkpt lat="24.0899127535522" lon="120.53499430418015">
        <ele>15.62</ele>
      </trkpt>
      <trkpt lat="24.089683340862393" lon="120.53479850292206">
        <ele>15.52</ele>
      </trkpt>
      <trkpt lat="24.08945392817259" lon="120.53460270166397">
        <ele>15.46</ele>
      </trkpt>
      <trkpt lat="24.089224515482783" lon="120.53440698422492">
        <ele>15.44</ele>
      </trkpt>
      <trkpt lat="24.08899510279298" lon="120.53421118296683">
        <ele>15.45</ele>
      </trkpt>
      <trkpt lat="24.088765690103173" lon="120.53401538170874">
        <ele>15.37</ele>
      </trkpt>
      <trkpt lat="24.08853300847113" lon="120.53381681442261">
        <ele>15.33</ele>
      </trkpt>
      <trkpt lat="24.088304601609707" lon="120.53362403064966">
        <ele>15.3</ele>
      </trkpt>
      <trkpt lat="24.088076194748282" lon="120.53343133069575">
        <ele>15.14</ele>
      </trkpt>
      <trkpt lat="24.08784636296332" lon="120.53323745727539">
        <ele>14.94</ele>
      </trkpt>
      <trkpt lat="24.087621476501226" lon="120.53303394466639">
        <ele>14.76</ele>
      </trkpt>
      <trkpt lat="24.087395751848817" lon="120.53282976150513">
        <ele>14.68</ele>
      </trkpt>
      <trkpt lat="24.087181175127625" lon="120.53265810012817">
        <ele>14.62</ele>
      </trkpt>
      <trkpt lat="24.086966598406434" lon="120.5324649810791">
        <ele>14.55</ele>
      </trkpt>
      <trkpt lat="24.08678454346955" lon="120.53232575766742">
        <ele>14.49</ele>
      </trkpt>
      <trkpt lat="24.086601734161377" lon="120.53218603134155">
        <ele>14.41</ele>
      </trkpt>
      <trkpt lat="24.086387241259217" lon="120.5320143699646">
        <ele>14.33</ele>
      </trkpt>
      <trkpt lat="24.086129749193788" lon="120.53184270858765">
        <ele>14.32</ele>
      </trkpt>
      <trkpt lat="24.085862198844552" lon="120.53167146630585">
        <ele>14.35</ele>
      </trkpt>
      <trkpt lat="24.085593223571777" lon="120.53149938583374">
        <ele>14.33</ele>
      </trkpt>
      <trkpt lat="24.085336569696665" lon="120.53136033006012">
        <ele>14.28</ele>
      </trkpt>
      <trkpt lat="24.08507832325995" lon="120.53122043609619">
        <ele>14.24</ele>
      </trkpt>
      <trkpt lat="24.084928538650274" lon="120.53114550188184">
        <ele>14.21</ele>
      </trkpt>
      <trkpt lat="24.08477791585028" lon="120.53107023239136">
        <ele>14.19</ele>
      </trkpt>
      <trkpt lat="24.084537271410227" lon="120.53096864372492">
        <ele>14.17</ele>
      </trkpt>
      <trkpt lat="24.084296710789204" lon="120.53086705505848">
        <ele>14.15</ele>
      </trkpt>
      <trkpt lat="24.08405615016818" lon="120.53076546639204">
        <ele>14.16</ele>
      </trkpt>
      <trkpt lat="24.08381223678589" lon="120.5306625366211">
        <ele>14.16</ele>
      </trkpt>
      <trkpt lat="24.08353337086737" lon="120.5305552482605">
        <ele>14.19</ele>
      </trkpt>
      <trkpt lat="24.083298174664378" lon="120.53047679364681">
        <ele>14.24</ele>
      </trkpt>
      <trkpt lat="24.083062978461385" lon="120.53039842285216">
        <ele>14.29</ele>
      </trkpt>
      <trkpt lat="24.08282526768744" lon="120.53031921386719">
        <ele>14.28</ele>
      </trkpt>
      <trkpt lat="24.082825183868408" lon="120.53031921386719">
        <ele>14.3</ele>
      </trkpt>
      <trkpt lat="24.082579342648387" lon="120.5302550084889">
        <ele>14.3</ele>
      </trkpt>
      <trkpt lat="24.0823317412287" lon="120.53019046783447">
        <ele>14.35</ele>
      </trkpt>
      <trkpt lat="24.08206989057362" lon="120.53013162687421">
        <ele>14.38</ele>
      </trkpt>
      <trkpt lat="24.081808039918542" lon="120.53007286973298">
        <ele>14.4</ele>
      </trkpt>
      <trkpt lat="24.081546273082495" lon="120.53001411259174">
        <ele>14.46</ele>
      </trkpt>
      <trkpt lat="24.081280315294862" lon="120.52995443344116">
        <ele>14.49</ele>
      </trkpt>
      <trkpt lat="24.08105945214629" lon="120.52991881035268">
        <ele>14.5</ele>
      </trkpt>
      <trkpt lat="24.08083858899772" lon="120.5298831872642">
        <ele>14.5</ele>
      </trkpt>
      <trkpt lat="24.080615043640137" lon="120.52984714508057">
        <ele>14.52</ele>
      </trkpt>
      <trkpt lat="24.08033718355" lon="120.5298364162445">
        <ele>14.57</ele>
      </trkpt>
      <trkpt lat="24.08005714416504" lon="120.52982568740845">
        <ele>14.61</ele>
      </trkpt>
      <trkpt lat="24.079864863306284" lon="120.52982560358942">
        <ele>14.57</ele>
      </trkpt>
      <trkpt lat="24.079670989885926" lon="120.52982568740845">
        <ele>14.48</ele>
      </trkpt>
      <trkpt lat="24.079382484778762" lon="120.52985770627856">
        <ele>14.39</ele>
      </trkpt>
      <trkpt lat="24.07909163273871" lon="120.5298900604248">
        <ele>14.38</ele>
      </trkpt>
      <trkpt lat="24.07892064191401" lon="120.52991135045886">
        <ele>14.34</ele>
      </trkpt>
      <trkpt lat="24.078748309984803" lon="120.52993297576904">
        <ele>14.27</ele>
      </trkpt>
      <trkpt lat="24.07858796417713" lon="120.52997572347522">
        <ele>14.21</ele>
      </trkpt>
      <trkpt lat="24.078426444903016" lon="120.53001880645752">
        <ele>14.15</ele>
      </trkpt>
      <trkpt lat="24.078180519863963" lon="120.53008292801678">
        <ele>14.08</ele>
      </trkpt>
      <trkpt lat="24.077932834625244" lon="120.53014755249023">
        <ele>14.06</ele>
      </trkpt>
      <trkpt lat="24.077690597623587" lon="120.53020446561277">
        <ele>14.01</ele>
      </trkpt>
      <trkpt lat="24.07744836062193" lon="120.53026146255434">
        <ele>13.95</ele>
      </trkpt>
      <trkpt lat="24.077203273773193" lon="120.53031921386719">
        <ele>13.89</ele>
      </trkpt>
      <trkpt lat="24.076988780871034" lon="120.53040504455566">
        <ele>13.83</ele>
      </trkpt>
      <trkpt lat="24.076806977391243" lon="120.53046916611493">
        <ele>13.76</ele>
      </trkpt>
      <trkpt lat="24.076623916625977" lon="120.53053379058838">
        <ele>13.71</ele>
      </trkpt>
      <trkpt lat="24.076602458953857" lon="120.53036187775433">
        <ele>13.64</ele>
      </trkpt>
      <trkpt lat="24.07658108510077" lon="120.53019046783447">
        <ele>13.56</ele>
      </trkpt>
      <trkpt lat="24.076666915789247" lon="120.5298900604248">
        <ele>13.44</ele>
      </trkpt>
      <trkpt lat="24.07675266265869" lon="120.52961111068726">
        <ele>13.44</ele>
      </trkpt>
      <trkpt lat="24.076752746477723" lon="120.52961111068726">
        <ele>13.4</ele>
      </trkpt>
      <trkpt lat="24.076824327930808" lon="120.52933073602617">
        <ele>13.45</ele>
      </trkpt>
      <trkpt lat="24.076894903555512" lon="120.52905337885022">
        <ele>13.4</ele>
      </trkpt>
      <trkpt lat="24.076894987374544" lon="120.52905329503119">
        <ele>13.37</ele>
      </trkpt>
      <trkpt lat="24.076895155012608" lon="120.529052792117">
        <ele>13.33</ele>
      </trkpt>
      <trkpt lat="24.07689523883164" lon="120.52905262447894">
        <ele>13.3</ele>
      </trkpt>
      <trkpt lat="24.07689532265067" lon="120.52905245684087">
        <ele>13.27</ele>
      </trkpt>
      <trkpt lat="24.076895490288734" lon="120.52905195392668">
        <ele>13.25</ele>
      </trkpt>
      <trkpt lat="24.076895574107766" lon="120.52905187010765">
        <ele>13.22</ele>
      </trkpt>
      <trkpt lat="24.076895657926798" lon="120.52905170246959">
        <ele>13.2</ele>
      </trkpt>
      <trkpt lat="24.07694226130843" lon="120.5288698989898">
        <ele>13.13</ele>
      </trkpt>
      <trkpt lat="24.076988697052002" lon="120.52868843078613">
        <ele>13.1</ele>
      </trkpt>
      <trkpt lat="24.07707461155951" lon="120.52847385406494">
        <ele>13.12</ele>
      </trkpt>
      <trkpt lat="24.07724618911743" lon="120.52819490432739">
        <ele>13.15</ele>
      </trkpt>
      <trkpt lat="24.077353477478027" lon="120.52795886993408">
        <ele>13.2</ele>
      </trkpt>
      <trkpt lat="24.077460765838623" lon="120.52765284664929">
        <ele>13.27</ele>
      </trkpt>
      <trkpt lat="24.07756813801825" lon="120.52734690718353">
        <ele>13.2</ele>
      </trkpt>
      <trkpt lat="24.077675510197878" lon="120.52704088389874">
        <ele>13.0</ele>
      </trkpt>
      <trkpt lat="24.07778263092041" lon="120.52673578262329">
        <ele>12.89</ele>
      </trkpt>
      <trkpt lat="24.07780408859253" lon="120.52660703659058">
        <ele>12.86</ele>
      </trkpt>
      <trkpt lat="24.07778263092041" lon="120.52630662918091">
        <ele>12.84</ele>
      </trkpt>
      <trkpt lat="24.07773963175714" lon="120.52604343742132">
        <ele>12.81</ele>
      </trkpt>
      <trkpt lat="24.077696716412902" lon="120.52578024566174">
        <ele>12.78</ele>
      </trkpt>
      <trkpt lat="24.077653717249632" lon="120.52551705390215">
        <ele>12.78</ele>
      </trkpt>
      <trkpt lat="24.07761105336249" lon="120.52525520324707">
        <ele>12.77</ele>
      </trkpt>
      <trkpt lat="24.077600240707397" lon="120.52505102008581">
        <ele>12.77</ele>
      </trkpt>
      <trkpt lat="24.077589511871338" lon="120.5248475074768">
        <ele>12.79</ele>
      </trkpt>
      <trkpt lat="24.077578699216247" lon="120.5245681386441">
        <ele>12.8</ele>
      </trkpt>
      <trkpt lat="24.07756805419922" lon="120.52428960800171">
        <ele>12.76</ele>
      </trkpt>
      <trkpt lat="24.077589511871338" lon="120.52420377731323">
        <ele>12.7</ele>
      </trkpt>
      <trkpt lat="24.077600240707397" lon="120.5239674076438">
        <ele>12.72</ele>
      </trkpt>
      <trkpt lat="24.07761105336249" lon="120.52373170852661">
        <ele>12.74</ele>
      </trkpt>
      <trkpt lat="24.077621698379517" lon="120.52350606769323">
        <ele>12.72</ele>
      </trkpt>
      <trkpt lat="24.077632427215576" lon="120.52328109741211">
        <ele>12.62</ele>
      </trkpt>
      <trkpt lat="24.077610969543457" lon="120.52313089370728">
        <ele>12.51</ele>
      </trkpt>
      <trkpt lat="24.077632427215576" lon="120.52291598170996">
        <ele>12.41</ele>
      </trkpt>
      <trkpt lat="24.077653968706727" lon="120.52270174026489">
        <ele>12.35</ele>
      </trkpt>
      <trkpt lat="24.077696884050965" lon="120.52245824597776">
        <ele>12.33</ele>
      </trkpt>
      <trkpt lat="24.077739883214235" lon="120.52221475169063">
        <ele>12.29</ele>
      </trkpt>
      <trkpt lat="24.077782714739442" lon="120.52197217941284">
        <ele>12.17</ele>
      </trkpt>
      <trkpt lat="24.07782563008368" lon="120.52175735123456">
        <ele>12.0</ele>
      </trkpt>
      <trkpt lat="24.07786854542792" lon="120.52154302597046">
        <ele>11.85</ele>
      </trkpt>
      <trkpt lat="24.077932834625244" lon="120.52126407623291">
        <ele>11.71</ele>
      </trkpt>
      <trkpt lat="24.077986478805542" lon="120.52104924805462">
        <ele>11.6</ele>
      </trkpt>
      <trkpt lat="24.07804012298584" lon="120.52083492279053">
        <ele>11.51</ele>
      </trkpt>
      <trkpt lat="24.07804020680487" lon="120.52083492279053">
        <ele>11.42</ele>
      </trkpt>
      <trkpt lat="24.078131401911378" lon="120.52050735801458">
        <ele>11.32</ele>
      </trkpt>
      <trkpt lat="24.078222680836916" lon="120.52017979323864">
        <ele>11.2</ele>
      </trkpt>
      <trkpt lat="24.078313959762454" lon="120.51985231228173">
        <ele>11.11</ele>
      </trkpt>
      <trkpt lat="24.078404903411865" lon="120.51952600479126">
        <ele>11.09</ele>
      </trkpt>
      <trkpt lat="24.078480005264282" lon="120.51936498843133">
        <ele>11.02</ele>
      </trkpt>
      <trkpt lat="24.0785551071167" lon="120.51920413970947">
        <ele>10.96</ele>
      </trkpt>
      <trkpt lat="24.078655187040567" lon="120.51899660378695">
        <ele>10.9</ele>
      </trkpt>
      <trkpt lat="24.078755350783467" lon="120.51878915168345">
        <ele>10.86</ele>
      </trkpt>
      <trkpt lat="24.078855514526367" lon="120.51858186721802">
        <ele>10.86</ele>
      </trkpt>
      <trkpt lat="24.078941345214844" lon="120.51841012202203">
        <ele>10.83</ele>
      </trkpt>
      <trkpt lat="24.079027259722352" lon="120.51823854446411">
        <ele>10.8</ele>
      </trkpt>
      <trkpt lat="24.079134464263916" lon="120.5181097984314">
        <ele>10.78</ele>
      </trkpt>
      <trkpt lat="24.079284416511655" lon="120.51797057501972">
        <ele>10.75</ele>
      </trkpt>
      <trkpt lat="24.079434955492616" lon="120.51783084869385">
        <ele>10.74</ele>
      </trkpt>
      <trkpt lat="24.079574178904295" lon="120.51767008379102">
        <ele>10.71</ele>
      </trkpt>
      <trkpt lat="24.079713905230165" lon="120.51750898361206">
        <ele>10.69</ele>
      </trkpt>
      <trkpt lat="24.079863857477903" lon="120.51733748987317">
        <ele>10.66</ele>
      </trkpt>
      <trkpt lat="24.080014312639832" lon="120.51716566085815">
        <ele>10.67</ele>
      </trkpt>
      <trkpt lat="24.08015353605151" lon="120.51700489595532">
        <ele>10.7</ele>
      </trkpt>
      <trkpt lat="24.08029317855835" lon="120.51684379577637">
        <ele>10.72</ele>
      </trkpt>
      <trkpt lat="24.080443382263184" lon="120.51658630371094">
        <ele>10.74</ele>
      </trkpt>
      <trkpt lat="24.08052921295166" lon="120.51630735397339">
        <ele>10.76</ele>
      </trkpt>
      <trkpt lat="24.080588221549988" lon="120.51603879779577">
        <ele>10.68</ele>
      </trkpt>
      <trkpt lat="24.080647313967347" lon="120.51577032543719">
        <ele>10.59</ele>
      </trkpt>
      <trkpt lat="24.080706406384706" lon="120.51550176925957">
        <ele>10.62</ele>
      </trkpt>
      <trkpt lat="24.08076524734497" lon="120.51523447036743">
        <ele>10.71</ele>
      </trkpt>
      <trkpt lat="24.080840349197388" lon="120.51503045484424">
        <ele>10.8</ele>
      </trkpt>
      <trkpt lat="24.080915451049805" lon="120.51482677459717">
        <ele>10.84</ele>
      </trkpt>
      <trkpt lat="24.08100849017501" lon="120.51459778100252">
        <ele>10.87</ele>
      </trkpt>
      <trkpt lat="24.081101529300213" lon="120.51436878740788">
        <ele>10.89</ele>
      </trkpt>
      <trkpt lat="24.081194484606385" lon="120.51414012908936">
        <ele>10.91</ele>
      </trkpt>
      <trkpt lat="24.08126950263977" lon="120.51396838389337">
        <ele>10.95</ele>
      </trkpt>
      <trkpt lat="24.081344604492188" lon="120.51379680633545">
        <ele>10.99</ele>
      </trkpt>
      <trkpt lat="24.08134468831122" lon="120.51379680633545">
        <ele>11.03</ele>
      </trkpt>
      <trkpt lat="24.081408977508545" lon="120.51347494125366">
        <ele>11.04</ele>
      </trkpt>
      <trkpt lat="24.081419706344604" lon="120.51324930042028">
        <ele>11.09</ele>
      </trkpt>
      <trkpt lat="24.081430518999696" lon="120.51302433013916">
        <ele>11.14</ele>
      </trkpt>
      <trkpt lat="24.081430518999696" lon="120.51270196214318">
        <ele>11.21</ele>
      </trkpt>
      <trkpt lat="24.081430518999696" lon="120.51238059997559">
        <ele>11.25</ele>
      </trkpt>
      <trkpt lat="24.081430518999696" lon="120.51207968965173">
        <ele>11.26</ele>
      </trkpt>
      <trkpt lat="24.081430518999696" lon="120.51177978515625">
        <ele>11.33</ele>
      </trkpt>
      <trkpt lat="24.081462705507874" lon="120.51148968748748">
        <ele>11.33</ele>
      </trkpt>
      <trkpt lat="24.081494975835085" lon="120.51119958981872">
        <ele>11.27</ele>
      </trkpt>
      <trkpt lat="24.081527162343264" lon="120.51090957596898">
        <ele>11.27</ele>
      </trkpt>
      <trkpt lat="24.08155926503241" lon="120.51062107086182">
        <ele>11.31</ele>
      </trkpt>
      <trkpt lat="24.08158072270453" lon="120.51047086715698">
        <ele>11.34</ele>
      </trkpt>
      <trkpt lat="24.08160218037665" lon="120.51022728905082">
        <ele>11.36</ele>
      </trkpt>
      <trkpt lat="24.081623638048768" lon="120.50998379476368">
        <ele>11.38</ele>
      </trkpt>
      <trkpt lat="24.081645095720887" lon="120.50974130630493">
        <ele>11.4</ele>
      </trkpt>
      <trkpt lat="24.081645095720887" lon="120.5094838142395">
        <ele>11.42</ele>
      </trkpt>
      <trkpt lat="24.081645095720887" lon="120.50926923751831">
        <ele>11.44</ele>
      </trkpt>
      <trkpt lat="24.081645095720887" lon="120.50900059752166">
        <ele>11.43</ele>
      </trkpt>
      <trkpt lat="24.081645095720887" lon="120.50873279571533">
        <ele>11.42</ele>
      </trkpt>
      <trkpt lat="24.081612825393677" lon="120.5083996988833">
        <ele>11.45</ele>
      </trkpt>
      <trkpt lat="24.08158072270453" lon="120.50806760787964">
        <ele>11.51</ele>
      </trkpt>
      <trkpt lat="24.08155918121338" lon="120.50776678137481">
        <ele>11.53</ele>
      </trkpt>
      <trkpt lat="24.08153780736029" lon="120.5074667930603">
        <ele>11.47</ele>
      </trkpt>
      <trkpt lat="24.081516349688172" lon="120.5073595046997">
        <ele>11.41</ele>
      </trkpt>
      <trkpt lat="24.08149480819702" lon="120.50709086470306">
        <ele>11.34</ele>
      </trkpt>
      <trkpt lat="24.081473434343934" lon="120.50682306289673">
        <ele>11.29</ele>
      </trkpt>
      <trkpt lat="24.081451892852783" lon="120.50654369406402">
        <ele>11.24</ele>
      </trkpt>
      <trkpt lat="24.081430351361632" lon="120.50626432523131">
        <ele>11.21</ele>
      </trkpt>
      <trkpt lat="24.081408977508545" lon="120.50598621368408">
        <ele>11.17</ele>
      </trkpt>
      <trkpt lat="24.081376707181334" lon="120.5056746583432">
        <ele>11.1</ele>
      </trkpt>
      <trkpt lat="24.08134468831122" lon="120.50536394119263">
        <ele>11.02</ele>
      </trkpt>
      <trkpt lat="24.08130177296698" lon="120.5051064491272">
        <ele>10.93</ele>
      </trkpt>
      <trkpt lat="24.081258857622743" lon="120.50482749938965">
        <ele>10.84</ele>
      </trkpt>
      <trkpt lat="24.081237316131592" lon="120.50462331622839">
        <ele>10.75</ele>
      </trkpt>
      <trkpt lat="24.081215942278504" lon="120.50441980361938">
        <ele>10.66</ele>
      </trkpt>
      <trkpt lat="24.081183671951294" lon="120.50416197627783">
        <ele>10.59</ele>
      </trkpt>
      <trkpt lat="24.081151485443115" lon="120.50390481948853">
        <ele>10.52</ele>
      </trkpt>
      <trkpt lat="24.081151485443115" lon="120.50367917865515">
        <ele>10.46</ele>
      </trkpt>
      <trkpt lat="24.081151569262147" lon="120.50345420837402">
        <ele>10.41</ele>
      </trkpt>
      <trkpt lat="24.081162298098207" lon="120.50325002521276">
        <ele>10.31</ele>
      </trkpt>
      <trkpt lat="24.081173026934266" lon="120.50304651260376">
        <ele>10.19</ele>
      </trkpt>
      <trkpt lat="24.081194484606385" lon="120.50270268693566">
        <ele>10.05</ele>
      </trkpt>
      <trkpt lat="24.081215942278504" lon="120.50235986709595">
        <ele>9.96</ele>
      </trkpt>
      <trkpt lat="24.081237316131592" lon="120.50206976942718">
        <ele>9.89</ele>
      </trkpt>
      <trkpt lat="24.08125877380371" lon="120.50178050994873">
        <ele>9.78</ele>
      </trkpt>
      <trkpt lat="24.081258857622743" lon="120.50178050994873">
        <ele>9.7</ele>
      </trkpt>
      <trkpt lat="24.081280315294862" lon="120.50154447555542">
        <ele>9.6</ele>
      </trkpt>
      <trkpt lat="24.08130177296698" lon="120.50128656439483">
        <ele>9.56</ele>
      </trkpt>
      <trkpt lat="24.0813232306391" lon="120.50102873705328">
        <ele>9.58</ele>
      </trkpt>
      <trkpt lat="24.081344604492188" lon="120.50077199935913">
        <ele>9.57</ele>
      </trkpt>
      <trkpt lat="24.081355333328247" lon="120.50049263052642">
        <ele>9.47</ele>
      </trkpt>
      <trkpt lat="24.08136614598334" lon="120.50021409988403">
        <ele>9.34</ele>
      </trkpt>
      <trkpt lat="24.08136614598334" lon="120.50002098083496">
        <ele>9.27</ele>
      </trkpt>
      <trkpt lat="24.08140185289085" lon="120.49975594505668">
        <ele>9.22</ele>
      </trkpt>
      <trkpt lat="24.08143764361739" lon="120.49949099309742">
        <ele>9.17</ele>
      </trkpt>
      <trkpt lat="24.081473350524902" lon="120.49922704696655">
        <ele>9.11</ele>
      </trkpt>
      <trkpt lat="24.081484079360962" lon="120.49890467897058">
        <ele>8.99</ele>
      </trkpt>
      <trkpt lat="24.08149480819702" lon="120.49858331680298">
        <ele>8.9</ele>
      </trkpt>
      <trkpt lat="24.08150553703308" lon="120.49828249029815">
        <ele>8.89</ele>
      </trkpt>
      <trkpt lat="24.081516349688172" lon="120.49798250198364">
        <ele>8.84</ele>
      </trkpt>
      <trkpt lat="24.081527078524232" lon="120.49775686115026">
        <ele>8.78</ele>
      </trkpt>
      <trkpt lat="24.08153780736029" lon="120.49753189086914">
        <ele>8.71</ele>
      </trkpt>
      <trkpt lat="24.08156462945044" lon="120.49724179320037">
        <ele>8.67</ele>
      </trkpt>
      <trkpt lat="24.08159145154059" lon="120.4969516955316">
        <ele>8.61</ele>
      </trkpt>
      <trkpt lat="24.08161835744977" lon="120.49666168168187">
        <ele>8.58</ele>
      </trkpt>
      <trkpt lat="24.081645095720887" lon="120.4963731765747">
        <ele>8.56</ele>
      </trkpt>
      <trkpt lat="24.081666553393006" lon="120.49606153741479">
        <ele>8.64</ele>
      </trkpt>
      <trkpt lat="24.081688011065125" lon="120.49575090408325">
        <ele>8.73</ele>
      </trkpt>
      <trkpt lat="24.081709468737245" lon="120.49547153525054">
        <ele>8.75</ele>
      </trkpt>
      <trkpt lat="24.081730926409364" lon="120.49519216641784">
        <ele>8.72</ele>
      </trkpt>
      <trkpt lat="24.08175230026245" lon="120.4949140548706">
        <ele>8.72</ele>
      </trkpt>
      <trkpt lat="24.08176302909851" lon="120.49465614371002">
        <ele>8.71</ele>
      </trkpt>
      <trkpt lat="24.08177375793457" lon="120.49439907073975">
        <ele>8.72</ele>
      </trkpt>
      <trkpt lat="24.081773841753602" lon="120.49439907073975">
        <ele>8.72</ele>
      </trkpt>
      <trkpt lat="24.0817791223526" lon="120.49410360865295">
        <ele>8.75</ele>
      </trkpt>
      <trkpt lat="24.08178448677063" lon="120.49380814656615">
        <ele>8.75</ele>
      </trkpt>
      <trkpt lat="24.08178985118866" lon="120.49351268447936">
        <ele>8.7</ele>
      </trkpt>
      <trkpt lat="24.08179521560669" lon="120.4932188987732">
        <ele>8.7</ele>
      </trkpt>
      <trkpt lat="24.08181667327881" lon="120.49288580194116">
        <ele>8.68</ele>
      </trkpt>
      <trkpt lat="24.08183821476996" lon="120.4925537109375">
        <ele>8.69</ele>
      </trkpt>
      <trkpt lat="24.081875765696168" lon="120.49223679117858">
        <ele>8.71</ele>
      </trkpt>
      <trkpt lat="24.081913400441408" lon="120.49191987141967">
        <ele>8.74</ele>
      </trkpt>
      <trkpt lat="24.081950951367617" lon="120.49160295166075">
        <ele>8.78</ele>
      </trkpt>
      <trkpt lat="24.081988418474793" lon="120.49128770828247">
        <ele>8.86</ele>
      </trkpt>
      <trkpt lat="24.08201700076461" lon="120.49100121483207">
        <ele>8.93</ele>
      </trkpt>
      <trkpt lat="24.082045583054423" lon="120.49071472138166">
        <ele>8.96</ele>
      </trkpt>
      <trkpt lat="24.08207416534424" lon="120.4904294013977">
        <ele>8.96</ele>
      </trkpt>
      <trkpt lat="24.08207424916327" lon="120.4904294013977">
        <ele>9.03</ele>
      </trkpt>
      <trkpt lat="24.082104256376624" lon="120.49013712443411">
        <ele>9.09</ele>
      </trkpt>
      <trkpt lat="24.08213434740901" lon="120.48984493128955">
        <ele>9.17</ele>
      </trkpt>
      <trkpt lat="24.082164438441396" lon="120.489552738145">
        <ele>9.3</ele>
      </trkpt>
      <trkpt lat="24.08219444565475" lon="120.48926054500043">
        <ele>9.4</ele>
      </trkpt>
      <trkpt lat="24.082224369049072" lon="120.4889702796936">
        <ele>9.49</ele>
      </trkpt>
      <trkpt lat="24.082267368212342" lon="120.48869132995605">
        <ele>9.54</ele>
      </trkpt>
      <trkpt lat="24.08231019973755" lon="120.48856258392334">
        <ele>9.64</ele>
      </trkpt>
      <trkpt lat="24.082353115081787" lon="120.48845529556274">
        <ele>9.78</ele>
      </trkpt>
      <trkpt lat="24.082417488098145" lon="120.48828346654773">
        <ele>9.93</ele>
      </trkpt>
      <trkpt lat="24.082481944933534" lon="120.48811197280884">
        <ele>10.07</ele>
      </trkpt>
      <trkpt lat="24.08255704678595" lon="120.4879294987768">
        <ele>10.19</ele>
      </trkpt>
      <trkpt lat="24.082632148638368" lon="120.48774719238281">
        <ele>10.29</ele>
      </trkpt>
      <trkpt lat="24.082717895507812" lon="120.48755407333374">
        <ele>10.37</ele>
      </trkpt>
      <trkpt lat="24.08284672535956" lon="120.48729658126831">
        <ele>10.48</ele>
      </trkpt>
      <trkpt lat="24.08302894793451" lon="120.48703389242291">
        <ele>10.5</ele>
      </trkpt>
      <trkpt lat="24.08321125432849" lon="120.48677120357752">
        <ele>10.6</ele>
      </trkpt>
      <trkpt lat="24.08339347690344" lon="120.48650851473212">
        <ele>10.76</ele>
      </trkpt>
      <trkpt lat="24.08357628621161" lon="120.48624515533447">
        <ele>10.87</ele>
      </trkpt>
      <trkpt lat="24.08373713493347" lon="120.48597693443298">
        <ele>10.92</ele>
      </trkpt>
      <trkpt lat="24.083898151293397" lon="120.4857087135315">
        <ele>11.0</ele>
      </trkpt>
      <trkpt lat="24.08405363559723" lon="120.48547276295722">
        <ele>11.04</ele>
      </trkpt>
      <trkpt lat="24.08420911990106" lon="120.48523681238294">
        <ele>11.15</ele>
      </trkpt>
      <trkpt lat="24.084364604204893" lon="120.48500094562769">
        <ele>11.26</ele>
      </trkpt>
      <trkpt lat="24.084520423784852" lon="120.48476457595825">
        <ele>11.4</ele>
      </trkpt>
      <trkpt lat="24.084627544507384" lon="120.48462518490851">
        <ele>11.5</ele>
      </trkpt>
      <trkpt lat="24.084735000506043" lon="120.4844856262207">
        <ele>11.57</ele>
      </trkpt>
      <trkpt lat="24.084874307736754" lon="120.4842818621546">
        <ele>11.64</ele>
      </trkpt>
      <trkpt lat="24.08501386642456" lon="120.48407793045044">
        <ele>11.68</ele>
      </trkpt>
      <trkpt lat="24.085088968276978" lon="120.48391691409051">
        <ele>11.69</ele>
      </trkpt>
      <trkpt lat="24.085164153948426" lon="120.48375606536865">
        <ele>11.71</ele>
      </trkpt>
      <trkpt lat="24.08528753556311" lon="120.4834823962301">
        <ele>11.72</ele>
      </trkpt>
      <trkpt lat="24.085410917177796" lon="120.48320872709155">
        <ele>11.7</ele>
      </trkpt>
      <trkpt lat="24.08553429879248" lon="120.482935057953">
        <ele>11.72</ele>
      </trkpt>
      <trkpt lat="24.085657596588135" lon="120.48266172409058">
        <ele>11.73</ele>
      </trkpt>
      <trkpt lat="24.085722053423524" lon="120.48240423202515">
        <ele>11.68</ele>
      </trkpt>
      <trkpt lat="24.085764968767762" lon="120.48214673995972">
        <ele>11.67</ele>
      </trkpt>
      <trkpt lat="24.08581861294806" lon="120.48184591345489">
        <ele>11.66</ele>
      </trkpt>
      <trkpt lat="24.085872173309326" lon="120.48154592514038">
        <ele>11.59</ele>
      </trkpt>
      <trkpt lat="24.085958087816834" lon="120.48124551773071">
        <ele>11.51</ele>
      </trkpt>
      <trkpt lat="24.08603310585022" lon="120.48106304369867">
        <ele>11.49</ele>
      </trkpt>
      <trkpt lat="24.086108207702637" lon="120.48088073730469">
        <ele>11.44</ele>
      </trkpt>
      <trkpt lat="24.086194038391113" lon="120.48079490661621">
        <ele>11.38</ele>
      </trkpt>
      <trkpt lat="24.08625841140747" lon="120.48073053359985">
        <ele>11.27</ele>
      </trkpt>
      <trkpt lat="24.086408615112305" lon="120.4806661605835">
        <ele>11.12</ele>
      </trkpt>
      <trkpt lat="24.08625841140747" lon="120.4805588722229">
        <ele>10.95</ele>
      </trkpt>
      <trkpt lat="24.08602237701416" lon="120.4804515838623">
        <ele>10.76</ele>
      </trkpt>
      <trkpt lat="24.085851218551397" lon="120.48036600463092">
        <ele>10.53</ele>
      </trkpt>
      <trkpt lat="24.085679054260254" lon="120.48027992248535">
        <ele>10.31</ele>
      </trkpt>
      <trkpt lat="24.08572766929865" lon="120.48009510152042">
        <ele>10.12</ele>
      </trkpt>
      <trkpt lat="24.085679054260254" lon="120.48027992248535">
        <ele>10.31</ele>
      </trkpt>
      <trkpt lat="24.08572683110833" lon="120.48009728081524">
        <ele>9.71</ele>
      </trkpt>
      <trkpt lat="24.085726914927363" lon="120.48009702935815">
        <ele>9.5</ele>
      </trkpt>
      <trkpt lat="24.085727082565427" lon="120.48009652644396">
        <ele>9.28</ele>
      </trkpt>
      <trkpt lat="24.08572725020349" lon="120.48009627498686">
        <ele>9.05</ele>
      </trkpt>
      <trkpt lat="24.085727334022522" lon="120.4800961073488">
        <ele>8.83</ele>
      </trkpt>
      <trkpt lat="24.085727501660585" lon="120.48009552061558">
        <ele>8.6</ele>
      </trkpt>
      <trkpt lat="24.085727585479617" lon="120.48009526915848">
        <ele>8.36</ele>
      </trkpt>
      <trkpt lat="24.08572766929865" lon="120.48009510152042">
        <ele>10.12</ele>
      </trkpt>
      <trkpt lat="24.08578634262085" lon="120.47987222671509">
        <ele>7.89</ele>
      </trkpt>
      <trkpt lat="24.08584007062018" lon="120.47962512820959">
        <ele>7.58</ele>
      </trkpt>
      <trkpt lat="24.085893714800477" lon="120.47937870025635">
        <ele>7.32</ele>
      </trkpt>
      <trkpt lat="24.085936630144715" lon="120.47914233058691">
        <ele>7.04</ele>
      </trkpt>
      <trkpt lat="24.085979545488954" lon="120.4789060447365">
        <ele>6.8</ele>
      </trkpt>
      <trkpt lat="24.08602237701416" lon="120.47867059707642">
        <ele>6.57</ele>
      </trkpt>
      <trkpt lat="24.08604383468628" lon="120.47847747802734">
        <ele>6.34</ele>
      </trkpt>
      <trkpt lat="24.086049953475595" lon="120.47819601371884">
        <ele>6.15</ele>
      </trkpt>
      <trkpt lat="24.08605607226491" lon="120.47791454941034">
        <ele>6.01</ele>
      </trkpt>
      <trkpt lat="24.086062191054225" lon="120.47763434238732">
        <ele>5.84</ele>
      </trkpt>
      <trkpt lat="24.08606537617743" lon="120.47749042510986">
        <ele>5.67</ele>
      </trkpt>
      <trkpt lat="24.086062191054225" lon="120.47763149254024">
        <ele>5.55</ele>
      </trkpt>
      <trkpt lat="24.086062191054225" lon="120.47763182781637">
        <ele>5.42</ele>
      </trkpt>
      <trkpt lat="24.086062191054225" lon="120.47763249836862">
        <ele>5.31</ele>
      </trkpt>
      <trkpt lat="24.086062191054225" lon="120.47763283364475">
        <ele>5.2</ele>
      </trkpt>
      <trkpt lat="24.086062191054225" lon="120.47763308510184">
        <ele>5.12</ele>
      </trkpt>
      <trkpt lat="24.086062191054225" lon="120.47763367183506">
        <ele>5.04</ele>
      </trkpt>
      <trkpt lat="24.086062191054225" lon="120.47763392329216">
        <ele>4.98</ele>
      </trkpt>
      <trkpt lat="24.086062191054225" lon="120.47763434238732">
        <ele>5.84</ele>
      </trkpt>
      <trkpt lat="24.08606537617743" lon="120.47749042510986">
        <ele>5.67</ele>
      </trkpt>
      <trkpt lat="24.086086750030518" lon="120.4772862419486">
        <ele>4.86</ele>
      </trkpt>
      <trkpt lat="24.086108207702637" lon="120.4770827293396">
        <ele>4.86</ele>
      </trkpt>
      <trkpt lat="24.086140394210815" lon="120.47691081650555">
        <ele>4.87</ele>
      </trkpt>
      <trkpt lat="24.086172664538026" lon="120.4767394065857">
        <ele>4.9</ele>
      </trkpt>
      <trkpt lat="24.086258495226502" lon="120.47642433084548">
        <ele>4.87</ele>
      </trkpt>
      <trkpt lat="24.08634440973401" lon="120.47610933892429">
        <ele>4.8</ele>
      </trkpt>
      <trkpt lat="24.08643032424152" lon="120.4757943470031">
        <ele>4.88</ele>
      </trkpt>
      <trkpt lat="24.086516238749027" lon="120.47547935508192">
        <ele>4.99</ele>
      </trkpt>
      <trkpt lat="24.086602153256536" lon="120.47516436316073">
        <ele>5.0</ele>
      </trkpt>
      <trkpt lat="24.086688067764044" lon="120.47484928742051">
        <ele>5.11</ele>
      </trkpt>
      <trkpt lat="24.086773982271552" lon="120.47453429549932">
        <ele>5.21</ele>
      </trkpt>
      <trkpt lat="24.08685989677906" lon="120.47421930357814">
        <ele>5.19</ele>
      </trkpt>
      <trkpt lat="24.086945056915283" lon="120.47390699386597">
        <ele>5.21</ele>
      </trkpt>
      <trkpt lat="24.086945140734315" lon="120.47390699386597">
        <ele>5.23</ele>
      </trkpt>
      <trkpt lat="24.087022924795747" lon="120.47363148070872">
        <ele>5.3</ele>
      </trkpt>
      <trkpt lat="24.087100625038147" lon="120.47335647046566">
        <ele>5.31</ele>
      </trkpt>
      <trkpt lat="24.08716239966452" lon="120.47313795424998">
        <ele>5.26</ele>
      </trkpt>
      <trkpt lat="24.087224090471864" lon="120.47291994094849">
        <ele>5.23</ele>
      </trkpt>
      <trkpt lat="24.087162232026458" lon="120.47313837334514">
        <ele>5.28</ele>
      </trkpt>
      <trkpt lat="24.087100625038147" lon="120.47335647046566">
        <ele>5.31</ele>
      </trkpt>
      <trkpt lat="24.08716239966452" lon="120.47313795424998">
        <ele>5.26</ele>
      </trkpt>
      <trkpt lat="24.087224090471864" lon="120.47291994094849">
        <ele>5.23</ele>
      </trkpt>
      <trkpt lat="24.087162734940648" lon="120.47313535586">
        <ele>5.23</ele>
      </trkpt>
      <trkpt lat="24.087162651121616" lon="120.47313577495515">
        <ele>5.21</ele>
      </trkpt>
      <trkpt lat="24.087162567302585" lon="120.47313636168838">
        <ele>5.18</ele>
      </trkpt>
      <trkpt lat="24.087162483483553" lon="120.47313678078353">
        <ele>5.14</ele>
      </trkpt>
      <trkpt lat="24.087162483483553" lon="120.47313703224063">
        <ele>5.09</ele>
      </trkpt>
      <trkpt lat="24.08716239966452" lon="120.47313753515482">
        <ele>5.05</ele>
      </trkpt>
      <trkpt lat="24.08716231584549" lon="120.47313795424998">
        <ele>4.99</ele>
      </trkpt>
      <trkpt lat="24.087162232026458" lon="120.47313837334514">
        <ele>5.28</ele>
      </trkpt>
      <trkpt lat="24.08716239966452" lon="120.47313795424998">
        <ele>5.26</ele>
      </trkpt>
      <trkpt lat="24.087224090471864" lon="120.47291994094849">
        <ele>5.23</ele>
      </trkpt>
      <trkpt lat="24.08727773465216" lon="120.47273738309741">
        <ele>4.65</ele>
      </trkpt>
      <trkpt lat="24.087331295013428" lon="120.47255516052246">
        <ele>4.54</ele>
      </trkpt>
      <trkpt lat="24.087395751848817" lon="120.47231887467206">
        <ele>4.43</ele>
      </trkpt>
      <trkpt lat="24.087460124865174" lon="120.47208309173584">
        <ele>4.32</ele>
      </trkpt>
      <trkpt lat="24.087537406012416" lon="120.47179525718093">
        <ele>4.24</ele>
      </trkpt>
      <trkpt lat="24.087614687159657" lon="120.47150742262602">
        <ele>4.15</ele>
      </trkpt>
      <trkpt lat="24.08769205212593" lon="120.47121967189014">
        <ele>3.99</ele>
      </trkpt>
      <trkpt lat="24.087769333273172" lon="120.47093183733523">
        <ele>3.95</ele>
      </trkpt>
      <trkpt lat="24.08784636296332" lon="120.47064542770386">
        <ele>4.03</ele>
      </trkpt>
      <trkpt lat="24.087932193651795" lon="120.47034116461873">
        <ele>4.01</ele>
      </trkpt>
      <trkpt lat="24.088018108159304" lon="120.4700369015336">
        <ele>3.86</ele>
      </trkpt>
      <trkpt lat="24.088104022666812" lon="120.46973263844848">
        <ele>3.77</ele>
      </trkpt>
      <trkpt lat="24.08818993717432" lon="120.46942837536335">
        <ele>3.76</ele>
      </trkpt>
      <trkpt lat="24.088275767862797" lon="120.46912411227822">
        <ele>3.68</ele>
      </trkpt>
      <trkpt lat="24.088361263275146" lon="120.46882152557373">
        <ele>3.61</ele>
      </trkpt>
      <trkpt lat="24.088361347094178" lon="120.46882152557373">
        <ele>3.55</ele>
      </trkpt>
      <trkpt lat="24.08844005316496" lon="120.46854944899678">
        <ele>3.48</ele>
      </trkpt>
      <trkpt lat="24.08851884305477" lon="120.46827737241983">
        <ele>3.39</ele>
      </trkpt>
      <trkpt lat="24.08859738148749" lon="120.4680061340332">
        <ele>3.42</ele>
      </trkpt>
      <trkpt lat="24.088677847757936" lon="120.4677214846015">
        <ele>3.43</ele>
      </trkpt>
      <trkpt lat="24.088758397847414" lon="120.46743691898882">
        <ele>3.41</ele>
      </trkpt>
      <trkpt lat="24.088838947936893" lon="120.46715235337615">
        <ele>3.37</ele>
      </trkpt>
      <trkpt lat="24.088919246569276" lon="120.46686887741089">
        <ele>3.31</ele>
      </trkpt>
      <trkpt lat="24.088972890749574" lon="120.46667550690472">
        <ele>3.2</ele>
      </trkpt>
      <trkpt lat="24.08902645111084" lon="120.46648263931274">
        <ele>3.1</ele>
      </trkpt>
      <trkpt lat="24.089112365618348" lon="120.46616898849607">
        <ele>2.99</ele>
      </trkpt>
      <trkpt lat="24.089198280125856" lon="120.46585542149842">
        <ele>2.82</ele>
      </trkpt>
      <trkpt lat="24.089284194633365" lon="120.46554185450077">
        <ele>2.87</ele>
      </trkpt>
      <trkpt lat="24.089370109140873" lon="120.46522828750312">
        <ele>3.05</ele>
      </trkpt>
      <trkpt lat="24.089455688372254" lon="120.46491622924805">
        <ele>3.11</ele>
      </trkpt>
      <trkpt lat="24.08952542580664" lon="120.46466921456158">
        <ele>3.22</ele>
      </trkpt>
      <trkpt lat="24.08959524706006" lon="120.46442219987512">
        <ele>3.21</ele>
      </trkpt>
      <trkpt lat="24.08966506831348" lon="120.46417518518865">
        <ele>3.08</ele>
      </trkpt>
      <trkpt lat="24.089734638109803" lon="120.46392917633057">
        <ele>2.97</ele>
      </trkpt>
      <trkpt lat="24.08979901112616" lon="120.46367134898901">
        <ele>2.99</ele>
      </trkpt>
      <trkpt lat="24.089863300323486" lon="120.4634141921997">
        <ele>3.04</ele>
      </trkpt>
      <trkpt lat="24.08993488177657" lon="120.46316357329488">
        <ele>3.07</ele>
      </trkpt>
      <trkpt lat="24.090006463229656" lon="120.46291303820908">
        <ele>3.04</ele>
      </trkpt>
      <trkpt lat="24.090077877044678" lon="120.46266317367554">
        <ele>3.03</ele>
      </trkpt>
      <trkpt lat="24.09007796086371" lon="120.46266317367554">
        <ele>3.03</ele>
      </trkpt>
      <trkpt lat="24.090153062716126" lon="120.46236243098974">
        <ele>3.1</ele>
      </trkpt>
      <trkpt lat="24.09022808074951" lon="120.4620623588562">
        <ele>3.14</ele>
      </trkpt>
      <trkpt lat="24.09031399525702" lon="120.46176882460713">
        <ele>3.09</ele>
      </trkpt>
      <trkpt lat="24.09039990976453" lon="120.46147529035807">
        <ele>3.07</ele>
      </trkpt>
      <trkpt lat="24.090485656633973" lon="120.46118259429932">
        <ele>3.08</ele>
      </trkpt>
      <trkpt lat="24.09055539406836" lon="120.46088185161352">
        <ele>3.09</ele>
      </trkpt>
      <trkpt lat="24.09062521532178" lon="120.46058110892773">
        <ele>3.02</ele>
      </trkpt>
      <trkpt lat="24.090695036575198" lon="120.46028036624193">
        <ele>2.87</ele>
      </trkpt>
      <trkpt lat="24.090764606371522" lon="120.45998096466064">
        <ele>2.9</ele>
      </trkpt>
      <trkpt lat="24.09083970822394" lon="120.45964795164764">
        <ele>3.07</ele>
      </trkpt>
      <trkpt lat="24.090914810076356" lon="120.45931577682495">
        <ele>3.03</ele>
      </trkpt>
      <trkpt lat="24.090973986312747" lon="120.45902785845101">
        <ele>2.95</ele>
      </trkpt>
      <trkpt lat="24.091033162549138" lon="120.45874061062932">
        <ele>2.89</ele>
      </trkpt>
      <trkpt lat="24.091064929962158" lon="120.4585862159729">
        <ele>2.87</ele>
      </trkpt>
      <trkpt lat="24.091033162549138" lon="120.45874061062932">
        <ele>2.89</ele>
      </trkpt>
      <trkpt lat="24.091064929962158" lon="120.4585862159729">
        <ele>2.87</ele>
      </trkpt>
      <trkpt lat="24.091106420382857" lon="120.4583655204624">
        <ele>2.9</ele>
      </trkpt>
      <trkpt lat="24.09110650420189" lon="120.45836518518627">
        <ele>2.91</ele>
      </trkpt>
      <trkpt lat="24.091106671839952" lon="120.45836451463401">
        <ele>2.92</ele>
      </trkpt>
      <trkpt lat="24.091106755658984" lon="120.45836417935789">
        <ele>2.94</ele>
      </trkpt>
      <trkpt lat="24.091106839478016" lon="120.45836392790079">
        <ele>2.96</ele>
      </trkpt>
      <trkpt lat="24.09110700711608" lon="120.4583634249866">
        <ele>2.98</ele>
      </trkpt>
      <trkpt lat="24.09110709093511" lon="120.45836308971047">
        <ele>3.01</ele>
      </trkpt>
      <trkpt lat="24.091115053743124" lon="120.45832118019462">
        <ele>3.06</ele>
      </trkpt>
      <trkpt lat="24.09116517752409" lon="120.45805622823536">
        <ele>3.11</ele>
      </trkpt>
      <trkpt lat="24.091215133666992" lon="120.45779228210449">
        <ele>3.12</ele>
      </trkpt>
      <trkpt lat="24.091215217486024" lon="120.45779228210449">
        <ele>3.17</ele>
      </trkpt>
      <trkpt lat="24.091247403994203" lon="120.45759891159832">
        <ele>3.23</ele>
      </trkpt>
      <trkpt lat="24.09127959050238" lon="120.45740604400635">
        <ele>3.3</ele>
      </trkpt>
      <trkpt lat="24.09134396351874" lon="120.45709666796029">
        <ele>3.33</ele>
      </trkpt>
      <trkpt lat="24.091408420354128" lon="120.45678729191422">
        <ele>3.4</ele>
      </trkpt>
      <trkpt lat="24.091472877189517" lon="120.4564779996872">
        <ele>3.5</ele>
      </trkpt>
      <trkpt lat="24.091537334024906" lon="120.45616862364113">
        <ele>3.58</ele>
      </trkpt>
      <trkpt lat="24.09160145558417" lon="120.45586109161377">
        <ele>3.68</ele>
      </trkpt>
      <trkpt lat="24.091665828600526" lon="120.45554601587355">
        <ele>3.74</ele>
      </trkpt>
      <trkpt lat="24.091730285435915" lon="120.45523094013333">
        <ele>3.75</ele>
      </trkpt>
      <trkpt lat="24.091794742271304" lon="120.45491586439312">
        <ele>3.79</ele>
      </trkpt>
      <trkpt lat="24.091859199106693" lon="120.4546007886529">
        <ele>3.9</ele>
      </trkpt>
      <trkpt lat="24.091923655942082" lon="120.45428571291268">
        <ele>4.03</ele>
      </trkpt>
      <trkpt lat="24.091987693682313" lon="120.45397281646729">
        <ele>4.21</ele>
      </trkpt>
      <trkpt lat="24.09205206669867" lon="120.4536541365087">
        <ele>4.32</ele>
      </trkpt>
      <trkpt lat="24.09211652353406" lon="120.45333545655012">
        <ele>4.3</ele>
      </trkpt>
      <trkpt lat="24.09218098036945" lon="120.45301686041057">
        <ele>4.34</ele>
      </trkpt>
      <trkpt lat="24.092245437204838" lon="120.45269818045199">
        <ele>4.5</ele>
      </trkpt>
      <trkpt lat="24.092309894040227" lon="120.45237950049341">
        <ele>4.68</ele>
      </trkpt>
      <trkpt lat="24.092373931780457" lon="120.45206308364868">
        <ele>4.77</ele>
      </trkpt>
      <trkpt lat="24.092438304796815" lon="120.4517515283078">
        <ele>4.83</ele>
      </trkpt>
      <trkpt lat="24.092502761632204" lon="120.45144005678594">
        <ele>4.89</ele>
      </trkpt>
      <trkpt lat="24.092567218467593" lon="120.45112858526409">
        <ele>4.94</ele>
      </trkpt>
      <trkpt lat="24.092631675302982" lon="120.45081711374223">
        <ele>4.9</ele>
      </trkpt>
      <trkpt lat="24.09269613213837" lon="120.45050564222038">
        <ele>4.9</ele>
      </trkpt>
      <trkpt lat="24.092760169878602" lon="120.45019626617432">
        <ele>5.0</ele>
      </trkpt>
      <trkpt lat="24.092810209840536" lon="120.4499671049416">
        <ele>5.13</ele>
      </trkpt>
      <trkpt lat="24.092860333621502" lon="120.4497379437089">
        <ele>5.22</ele>
      </trkpt>
      <trkpt lat="24.092910373583436" lon="120.4495096206665">
        <ele>5.25</ele>
      </trkpt>
      <trkpt lat="24.092969382181764" lon="120.44925715774298">
        <ele>5.29</ele>
      </trkpt>
      <trkpt lat="24.09302839078009" lon="120.44900477863848">
        <ele>5.36</ele>
      </trkpt>
      <trkpt lat="24.09308748319745" lon="120.44875239953399">
        <ele>5.45</ele>
      </trkpt>
      <trkpt lat="24.093146324157715" lon="120.4485011100769">
        <ele>5.54</ele>
      </trkpt>
      <trkpt lat="24.092900482937694" lon="120.44843690469861">
        <ele>5.59</ele>
      </trkpt>
      <trkpt lat="24.092652881518006" lon="120.44837236404419">
        <ele>5.62</ele>
      </trkpt>
      <trkpt lat="24.092502677813172" lon="120.44835090637207">
        <ele>5.69</ele>
      </trkpt>
      <trkpt lat="24.092288939282298" lon="120.44829742982984">
        <ele>5.79</ele>
      </trkpt>
      <trkpt lat="24.09207352437079" lon="120.44824361801147">
        <ele>5.9</ele>
      </trkpt>
      <trkpt lat="24.091913178563118" lon="120.44821151532233">
        <ele>5.95</ele>
      </trkpt>
      <trkpt lat="24.091751659289002" lon="120.44817924499512">
        <ele>5.98</ele>
      </trkpt>
      <trkpt lat="24.091537920758128" lon="120.44815074652433">
        <ele>5.97</ele>
      </trkpt>
      <trkpt lat="24.091324266046286" lon="120.44812224805355">
        <ele>5.96</ele>
      </trkpt>
      <trkpt lat="24.091107929125428" lon="120.44809341430664">
        <ele>5.98</ele>
      </trkpt>
      <trkpt lat="24.090871894732118" lon="120.4480504989624">
        <ele>5.99</ele>
      </trkpt>
      <trkpt lat="24.09062965773046" lon="120.44801487587392">
        <ele>6.01</ele>
      </trkpt>
      <trkpt lat="24.090387504547834" lon="120.44797925278544">
        <ele>6.02</ele>
      </trkpt>
      <trkpt lat="24.090142333880067" lon="120.4479432106018">
        <ele>6.01</ele>
      </trkpt>
      <trkpt lat="24.089960614219308" lon="120.44792183674872">
        <ele>5.95</ele>
      </trkpt>
      <trkpt lat="24.08977755345404" lon="120.44790029525757">
        <ele>5.9</ele>
      </trkpt>
      <trkpt lat="24.089478319510818" lon="120.4478575475514">
        <ele>5.87</ele>
      </trkpt>
      <trkpt lat="24.089176738634706" lon="120.44781446456909">
        <ele>5.87</ele>
      </trkpt>
      <trkpt lat="24.088983619585633" lon="120.44775009155273">
        <ele>5.88</ele>
      </trkpt>
      <trkpt lat="24.08881187438965" lon="120.44768571853638">
        <ele>5.88</ele>
      </trkpt>
      <trkpt lat="24.088661670684814" lon="120.44757843017578">
        <ele>5.89</ele>
      </trkpt>
      <trkpt lat="24.08849042840302" lon="120.44747139327228">
        <ele>5.9</ele>
      </trkpt>
      <trkpt lat="24.088318347930908" lon="120.44736385345459">
        <ele>5.92</ele>
      </trkpt>
      <trkpt lat="24.08806680701673" lon="120.44718188233674">
        <ele>5.94</ele>
      </trkpt>
      <trkpt lat="24.087815349921584" lon="120.44699991121888">
        <ele>5.94</ele>
      </trkpt>
      <trkpt lat="24.087563892826438" lon="120.44681802392006">
        <ele>5.94</ele>
      </trkpt>
      <trkpt lat="24.08730992116034" lon="120.44663429260254">
        <ele>5.93</ele>
      </trkpt>
      <trkpt lat="24.08730983734131" lon="120.44663429260254">
        <ele>5.96</ele>
      </trkpt>
      <trkpt lat="24.087138511240482" lon="120.44650579802692">
        <ele>6.01</ele>
      </trkpt>
      <trkpt lat="24.086966514587402" lon="120.44637680053711">
        <ele>6.09</ele>
      </trkpt>
      <trkpt lat="24.086739448830485" lon="120.44617119245231">
        <ele>6.18</ele>
      </trkpt>
      <trkpt lat="24.0865124668926" lon="120.44596558436751">
        <ele>6.24</ele>
      </trkpt>
      <trkpt lat="24.086285401135683" lon="120.44575997628272">
        <ele>6.26</ele>
      </trkpt>
      <trkpt lat="24.086058419197798" lon="120.44555436819792">
        <ele>6.34</ele>
      </trkpt>
      <trkpt lat="24.085829257965088" lon="120.44534683227539">
        <ele>6.4</ele>
      </trkpt>
      <trkpt lat="24.08566866070032" lon="120.44522906653583">
        <ele>6.44</ele>
      </trkpt>
      <trkpt lat="24.0855073928833" lon="120.44511079788208">
        <ele>6.46</ele>
      </trkpt>
      <trkpt lat="24.085261384025216" lon="120.44499311596155">
        <ele>6.52</ele>
      </trkpt>
      <trkpt lat="24.08501386642456" lon="120.44487476348877">
        <ele>6.64</ele>
      </trkpt>
      <trkpt lat="24.084785794839263" lon="120.444774935022">
        <ele>6.72</ele>
      </trkpt>
      <trkpt lat="24.084557723253965" lon="120.44467510655522">
        <ele>6.77</ele>
      </trkpt>
      <trkpt lat="24.08432730473578" lon="120.4445743560791">
        <ele>6.76</ele>
      </trkpt>
      <trkpt lat="24.084327220916748" lon="120.4445743560791">
        <ele>6.8</ele>
      </trkpt>
      <trkpt lat="24.084177101030946" lon="120.44450998306274">
        <ele>6.8</ele>
      </trkpt>
      <trkpt lat="24.083970319479704" lon="120.44442440383136">
        <ele>6.78</ele>
      </trkpt>
      <trkpt lat="24.083763621747494" lon="120.44433890841901">
        <ele>6.76</ele>
      </trkpt>
      <trkpt lat="24.08355482853949" lon="120.44425249099731">
        <ele>6.76</ele>
      </trkpt>
      <trkpt lat="24.083283925428987" lon="120.44413128867745">
        <ele>6.82</ele>
      </trkpt>
      <trkpt lat="24.083013022318482" lon="120.4440100863576">
        <ele>6.89</ele>
      </trkpt>
      <trkpt lat="24.082739436998963" lon="120.44388771057129">
        <ele>6.96</ele>
      </trkpt>
      <trkpt lat="24.082632148638368" lon="120.44384479522705">
        <ele>6.98</ele>
      </trkpt>
      <trkpt lat="24.082632064819336" lon="120.44384479522705">
        <ele>6.99</ele>
      </trkpt>
      <trkpt lat="24.082375494763255" lon="120.44373784214258">
        <ele>6.98</ele>
      </trkpt>
      <trkpt lat="24.082118924707174" lon="120.44363088905811">
        <ele>7.0</ele>
      </trkpt>
      <trkpt lat="24.08185967244208" lon="120.44352293014526">
        <ele>7.05</ele>
      </trkpt>
      <trkpt lat="24.081613747403026" lon="120.44343735091388">
        <ele>7.03</ele>
      </trkpt>
      <trkpt lat="24.08136614598334" lon="120.44335126876831">
        <ele>7.0</ele>
      </trkpt>
      <trkpt lat="24.081163052469492" lon="120.44329779222608">
        <ele>6.97</ele>
      </trkpt>
      <trkpt lat="24.080958450213075" lon="120.44324398040771">
        <ele>6.92</ele>
      </trkpt>
      <trkpt lat="24.080776646733284" lon="120.44317977502942">
        <ele>6.9</ele>
      </trkpt>
      <trkpt lat="24.08059366978705" lon="120.443115234375">
        <ele>6.87</ele>
      </trkpt>
      <trkpt lat="24.0803147200495" lon="120.44302940368652">
        <ele>6.86</ele>
      </trkpt>
      <trkpt lat="24.08007239922881" lon="120.44295807369053">
        <ele>6.87</ele>
      </trkpt>
      <trkpt lat="24.079830078408122" lon="120.44288682751358">
        <ele>6.88</ele>
      </trkpt>
      <trkpt lat="24.079585075378418" lon="120.44281482696533">
        <ele>6.85</ele>
      </trkpt>
      <trkpt lat="24.079344598576427" lon="120.44274534098804">
        <ele>6.8</ele>
      </trkpt>
      <trkpt lat="24.079104121774435" lon="120.44267585501075">
        <ele>6.7</ele>
      </trkpt>
      <trkpt lat="24.078863644972444" lon="120.44260636903346">
        <ele>6.61</ele>
      </trkpt>
      <trkpt lat="24.07861956395209" lon="120.44253587722778">
        <ele>6.53</ele>
      </trkpt>
      <trkpt lat="24.078383529558778" lon="120.4424500465393">
        <ele>6.5</ele>
      </trkpt>
      <trkpt lat="24.07808848656714" lon="120.44236019253731">
        <ele>6.51</ele>
      </trkpt>
      <trkpt lat="24.077793527394533" lon="120.44227042235434">
        <ele>6.43</ele>
      </trkpt>
      <trkpt lat="24.077498484402895" lon="120.44218065217137">
        <ele>6.36</ele>
      </trkpt>
      <trkpt lat="24.07720352523029" lon="120.4420908819884">
        <ele>6.36</ele>
      </trkpt>
      <trkpt lat="24.076902950182557" lon="120.4419994354248">
        <ele>6.36</ele>
      </trkpt>
      <trkpt lat="24.076678482815623" lon="120.44194595888257">
        <ele>6.33</ele>
      </trkpt>
      <trkpt lat="24.076452339068055" lon="120.44189214706421">
        <ele>6.29</ele>
      </trkpt>
      <trkpt lat="24.076206497848034" lon="120.44183867052197">
        <ele>6.27</ele>
      </trkpt>
      <trkpt lat="24.075958812609315" lon="120.44178485870361">
        <ele>6.26</ele>
      </trkpt>
      <trkpt lat="24.07585152424872" lon="120.4417634010315">
        <ele>6.25</ele>
      </trkpt>
      <trkpt lat="24.075566539540887" lon="120.44171352870762">
        <ele>6.19</ele>
      </trkpt>
      <trkpt lat="24.075281554833055" lon="120.44166365638375">
        <ele>6.14</ele>
      </trkpt>
      <trkpt lat="24.074993133544922" lon="120.44161319732666">
        <ele>6.12</ele>
      </trkpt>
      <trkpt lat="24.074993217363954" lon="120.44161319732666">
        <ele>6.11</ele>
      </trkpt>
      <trkpt lat="24.07476874999702" lon="120.44157044962049">
        <ele>6.1</ele>
      </trkpt>
      <trkpt lat="24.07454252243042" lon="120.44152736663818">
        <ele>6.11</ele>
      </trkpt>
      <trkpt lat="24.0743500739336" lon="120.44146316125989">
        <ele>6.1</ele>
      </trkpt>
      <trkpt lat="24.074156284332275" lon="120.44139862060547">
        <ele>6.09</ele>
      </trkpt>
      <trkpt lat="24.073984706774354" lon="120.44131278991699">
        <ele>6.09</ele>
      </trkpt>
      <trkpt lat="24.07381354831159" lon="120.44121648184955">
        <ele>6.11</ele>
      </trkpt>
      <trkpt lat="24.073641384020448" lon="120.44111967086792">
        <ele>6.11</ele>
      </trkpt>
      <trkpt lat="24.0735022444278" lon="120.44102327898145">
        <ele>6.14</ele>
      </trkpt>
      <trkpt lat="24.0733624342829" lon="120.44092655181885">
        <ele>6.15</ele>
      </trkpt>
      <trkpt lat="24.073212230578065" lon="120.44081926345825">
        <ele>6.16</ele>
      </trkpt>
      <trkpt lat="24.07295540906489" lon="120.44064802117646">
        <ele>6.18</ele>
      </trkpt>
      <trkpt lat="24.072698587551713" lon="120.44047677889466">
        <ele>6.19</ele>
      </trkpt>
      <trkpt lat="24.072439754381776" lon="120.44030427932739">
        <ele>6.22</ele>
      </trkpt>
      <trkpt lat="24.07223280519247" lon="120.44016874395311">
        <ele>6.22</ele>
      </trkpt>
      <trkpt lat="24.072025939822197" lon="120.44003320857882">
        <ele>6.21</ele>
      </trkpt>
      <trkpt lat="24.07181739807129" lon="120.43989658355713">
        <ele>6.21</ele>
      </trkpt>
      <trkpt lat="24.071710109710693" lon="120.43981075286865">
        <ele>6.22</ele>
      </trkpt>
      <trkpt lat="24.07145337201655" lon="120.43965023942292">
        <ele>6.25</ele>
      </trkpt>
      <trkpt lat="24.071195209398866" lon="120.43948888778687">
        <ele>6.27</ele>
      </trkpt>
      <trkpt lat="24.07100971788168" lon="120.43936039321125">
        <ele>6.25</ele>
      </trkpt>
      <trkpt lat="24.070824226364493" lon="120.43923198245466">
        <ele>6.24</ele>
      </trkpt>
      <trkpt lat="24.070637309923768" lon="120.43910264968872">
        <ele>6.24</ele>
      </trkpt>
      <trkpt lat="24.070487106218934" lon="120.43899536132812">
        <ele>6.25</ele>
      </trkpt>
      <trkpt lat="24.07031544484198" lon="120.43886661529541">
        <ele>6.27</ele>
      </trkpt>
      <trkpt lat="24.070133473724127" lon="120.43874884955585">
        <ele>6.26</ele>
      </trkpt>
      <trkpt lat="24.069950664415956" lon="120.4386305809021">
        <ele>6.26</ele>
      </trkpt>
      <trkpt lat="24.069779003039002" lon="120.4385232925415">
        <ele>6.28</ele>
      </trkpt>
      <trkpt lat="24.069607257843018" lon="120.43839454650879">
        <ele>6.31</ele>
      </trkpt>
      <trkpt lat="24.06935043632984" lon="120.43821257539093">
        <ele>6.32</ele>
      </trkpt>
      <trkpt lat="24.06909235753119" lon="120.43802976608276">
        <ele>6.35</ele>
      </trkpt>
      <trkpt lat="24.068899238482118" lon="120.43792247772217">
        <ele>6.4</ele>
      </trkpt>
      <trkpt lat="24.068749034777284" lon="120.43785810470581">
        <ele>6.44</ele>
      </trkpt>
      <trkpt lat="24.06855591572821" lon="120.43777227401733">
        <ele>6.47</ele>
      </trkpt>
      <trkpt lat="24.068294819444418" lon="120.43768979609013">
        <ele>6.43</ele>
      </trkpt>
      <trkpt lat="24.068031879141927" lon="120.43760681524873">
        <ele>6.45</ele>
      </trkpt>
      <trkpt lat="24.067740440368652" lon="120.4375147819519">
        <ele>6.51</ele>
      </trkpt>
      <trkpt lat="24.068031879141927" lon="120.43760681524873">
        <ele>6.45</ele>
      </trkpt>
      <trkpt lat="24.06803162768483" lon="120.43760664761066">
        <ele>6.5</ele>
      </trkpt>
      <trkpt lat="24.068030873313546" lon="120.4376064799726">
        <ele>6.52</ele>
      </trkpt>
      <trkpt lat="24.067740440368652" lon="120.4375147819519">
        <ele>6.51</ele>
      </trkpt>
      <trkpt lat="24.06769626773894" lon="120.43749961070716">
        <ele>6.61</ele>
      </trkpt>
      <trkpt lat="24.067695513367653" lon="120.43749935925007">
        <ele>6.62</ele>
      </trkpt>
      <trkpt lat="24.06769492663443" lon="120.437499191612">
        <ele>6.64</ele>
      </trkpt>
      <trkpt lat="24.067694172263145" lon="120.43749894015491">
        <ele>6.66</ele>
      </trkpt>
      <trkpt lat="24.06769350171089" lon="120.43749877251685">
        <ele>6.67</ele>
      </trkpt>
      <trkpt lat="24.0676929987967" lon="120.43749860487878">
        <ele>6.69</ele>
      </trkpt>
      <trkpt lat="24.067692244425416" lon="120.43749835342169">
        <ele>6.71</ele>
      </trkpt>
      <trkpt lat="24.0674892347306" lon="120.43742920272052">
        <ele>6.73</ele>
      </trkpt>
      <trkpt lat="24.06723802909255" lon="120.43734370730817">
        <ele>6.73</ele>
      </trkpt>
      <trkpt lat="24.06698690727353" lon="120.43725821189582">
        <ele>6.72</ele>
      </trkpt>
      <trkpt lat="24.066732013598084" lon="120.437171459198">
        <ele>6.71</ele>
      </trkpt>
      <trkpt lat="24.066517436876893" lon="120.43710708618164">
        <ele>6.73</ele>
      </trkpt>
      <trkpt lat="24.066281402483582" lon="120.43699979782104">
        <ele>6.76</ele>
      </trkpt>
      <trkpt lat="24.06613119877875" lon="120.43684959411621">
        <ele>6.77</ele>
      </trkpt>
      <trkpt lat="24.06593824736774" lon="120.43662814423442">
        <ele>6.79</ele>
      </trkpt>
      <trkpt lat="24.065745379775763" lon="120.43640669435263">
        <ele>6.92</ele>
      </trkpt>
      <trkpt lat="24.06555184163153" lon="120.43618440628052">
        <ele>6.99</ele>
      </trkpt>
      <trkpt lat="24.06535184942186" lon="120.43597008101642">
        <ele>7.03</ele>
      </trkpt>
      <trkpt lat="24.065151857212186" lon="120.43575583957136">
        <ele>7.04</ele>
      </trkpt>
      <trkpt lat="24.064951026812196" lon="120.43554067611694">
        <ele>7.06</ele>
      </trkpt>
      <trkpt lat="24.06482228077948" lon="120.43541193008423">
        <ele>7.07</ele>
      </trkpt>
      <trkpt lat="24.064608123153448" lon="120.43522987514734">
        <ele>7.06</ele>
      </trkpt>
      <trkpt lat="24.064393127337098" lon="120.4350471496582">
        <ele>7.15</ele>
      </trkpt>
      <trkpt lat="24.064189782366157" lon="120.43490801006556">
        <ele>7.19</ele>
      </trkpt>
      <trkpt lat="24.063985431566834" lon="120.43476819992065">
        <ele>7.2</ele>
      </trkpt>
      <trkpt lat="24.063785606995225" lon="120.43463258072734">
        <ele>7.22</ele>
      </trkpt>
      <trkpt lat="24.063585866242647" lon="120.43449704535306">
        <ele>7.33</ele>
      </trkpt>
      <trkpt lat="24.063384532928467" lon="120.43436050415039">
        <ele>7.42</ele>
      </trkpt>
      <trkpt lat="24.063191497698426" lon="120.43423175811768">
        <ele>7.48</ele>
      </trkpt>
      <trkpt lat="24.062977507710457" lon="120.43409261852503">
        <ele>7.5</ele>
      </trkpt>
      <trkpt lat="24.062762344256043" lon="120.43395280838013">
        <ele>7.51</ele>
      </trkpt>
      <trkpt lat="24.06256922520697" lon="120.43384552001953">
        <ele>7.57</ele>
      </trkpt>
      <trkpt lat="24.062383649870753" lon="120.43371702544391">
        <ele>7.7</ele>
      </trkpt>
      <trkpt lat="24.062198158353567" lon="120.43358861468732">
        <ele>7.85</ele>
      </trkpt>
      <trkpt lat="24.062011241912842" lon="120.43345928192139">
        <ele>7.98</ele>
      </trkpt>
      <trkpt lat="24.062011325731874" lon="120.43345928192139">
        <ele>8.08</ele>
      </trkpt>
      <trkpt lat="24.06185081228614" lon="120.43336297385395">
        <ele>8.18</ele>
      </trkpt>
      <trkpt lat="24.061689460650086" lon="120.43326616287231">
        <ele>8.28</ele>
      </trkpt>
      <trkpt lat="24.061431968584657" lon="120.43309450149536">
        <ele>8.4</ele>
      </trkpt>
      <trkpt lat="24.061249997466803" lon="120.43297321535647">
        <ele>8.54</ele>
      </trkpt>
      <trkpt lat="24.061431968584657" lon="120.43309450149536">
        <ele>8.4</ele>
      </trkpt>
      <trkpt lat="24.061251003295183" lon="120.43297388590872">
        <ele>8.75</ele>
      </trkpt>
      <trkpt lat="24.06125091947615" lon="120.43297380208969">
        <ele>8.85</ele>
      </trkpt>
      <trkpt lat="24.061250751838088" lon="120.43297371827066">
        <ele>8.94</ele>
      </trkpt>
      <trkpt lat="24.061249997466803" lon="120.43297321535647">
        <ele>8.54</ele>
      </trkpt>
      <trkpt lat="24.061045730486512" lon="120.43283700942993">
        <ele>9.2</ele>
      </trkpt>
      <trkpt lat="24.060951098799706" lon="120.4327800963074">
        <ele>9.31</ele>
      </trkpt>
      <trkpt lat="24.06095026060939" lon="120.4327795933932">
        <ele>9.38</ele>
      </trkpt>
      <trkpt lat="24.060949673876166" lon="120.43277925811708">
        <ele>9.44</ele>
      </trkpt>
      <trkpt lat="24.06094883568585" lon="120.43277875520289">
        <ele>9.49</ele>
      </trkpt>
      <trkpt lat="24.060948081314564" lon="120.43277833610773">
        <ele>9.52</ele>
      </trkpt>
      <trkpt lat="24.060947578400373" lon="120.43277808465064">
        <ele>9.55</ele>
      </trkpt>
      <trkpt lat="24.060946740210056" lon="120.43277758173645">
        <ele>9.56</ele>
      </trkpt>
      <trkpt lat="24.060938442125916" lon="120.43277263641357">
        <ele>9.57</ele>
      </trkpt>
      <trkpt lat="24.06078857369721" lon="120.43267632834613">
        <ele>9.59</ele>
      </trkpt>
      <trkpt lat="24.06063803471625" lon="120.4325795173645">
        <ele>9.59</ele>
      </trkpt>
      <trkpt lat="24.06048816628754" lon="120.43248320929706">
        <ele>9.55</ele>
      </trkpt>
      <trkpt lat="24.06033762730658" lon="120.43238639831543">
        <ele>9.46</ele>
      </trkpt>
      <trkpt lat="24.060187758877873" lon="120.43229009024799">
        <ele>9.35</ele>
      </trkpt>
      <trkpt lat="24.06003713607788" lon="120.43219327926636">
        <ele>9.23</ele>
      </trkpt>
      <trkpt lat="24.05984410084784" lon="120.43208599090576">
        <ele>9.1</ele>
      </trkpt>
      <trkpt lat="24.05965165235102" lon="120.43203251436353">
        <ele>9.0</ele>
      </trkpt>
      <trkpt lat="24.059457862749696" lon="120.43197870254517">
        <ele>8.93</ele>
      </trkpt>
      <trkpt lat="24.059243286028504" lon="120.43193578720093">
        <ele>8.84</ele>
      </trkpt>
      <trkpt lat="24.05909299850464" lon="120.43189287185669">
        <ele>8.71</ele>
      </trkpt>
      <trkpt lat="24.059028709307313" lon="120.43187141418457">
        <ele>8.56</ele>
      </trkpt>
      <trkpt lat="24.058921337127686" lon="120.43176412582397">
        <ele>8.38</ele>
      </trkpt>
      <trkpt lat="24.058728218078613" lon="120.43152809143066">
        <ele>8.18</ele>
      </trkpt>
      <trkpt lat="24.058620929718018" lon="120.43135643005371">
        <ele>8.03</ele>
      </trkpt>
      <trkpt lat="24.05853509902954" lon="120.43129205703735">
        <ele>7.88</ele>
      </trkpt>
      <trkpt lat="24.05834256671369" lon="120.43119222857058">
        <ele>7.73</ele>
      </trkpt>
      <trkpt lat="24.05815003439784" lon="120.43109240010381">
        <ele>7.56</ele>
      </trkpt>
      <trkpt lat="24.057955741882324" lon="120.43099164962769">
        <ele>7.36</ele>
      </trkpt>
      <trkpt lat="24.057891368865967" lon="120.43114185333252">
        <ele>7.17</ele>
      </trkpt>
      <trkpt lat="24.05772004276514" lon="120.43100262992084">
        <ele>6.97</ele>
      </trkpt>
      <trkpt lat="24.05754804611206" lon="120.43086290359497">
        <ele>6.77</ele>
      </trkpt>
      <trkpt lat="24.057291140779853" lon="120.43067020364106">
        <ele>6.58</ele>
      </trkpt>
      <trkpt lat="24.057034319266677" lon="120.43047758750618">
        <ele>6.44</ele>
      </trkpt>
      <trkpt lat="24.05677741393447" lon="120.43028488755226">
        <ele>6.29</ele>
      </trkpt>
      <trkpt lat="24.056518161669374" lon="120.43009042739868">
        <ele>6.1</ele>
      </trkpt>
      <trkpt lat="24.056293359026313" lon="120.42991910129786">
        <ele>5.88</ele>
      </trkpt>
      <trkpt lat="24.05606755055487" lon="120.42974710464478">
        <ele>5.7</ele>
      </trkpt>
      <trkpt lat="24.05606746673584" lon="120.42974710464478">
        <ele>5.55</ele>
      </trkpt>
      <trkpt lat="24.055981636047363" lon="120.4296612739563">
        <ele>5.4</ele>
      </trkpt>
      <trkpt lat="24.05585297383368" lon="120.42946823872626">
        <ele>5.25</ele>
      </trkpt>
      <trkpt lat="24.055724227800965" lon="120.42927503585815">
        <ele>5.11</ele>
      </trkpt>
      <trkpt lat="24.055495150387287" lon="120.42933220043778">
        <ele>4.95</ele>
      </trkpt>
      <trkpt lat="24.05549473129213" lon="120.42933220043778">
        <ele>4.85</ele>
      </trkpt>
      <trkpt lat="24.055494563654065" lon="120.42933228425682">
        <ele>4.76</ele>
      </trkpt>
      <trkpt lat="24.055493641644716" lon="120.42933261953294">
        <ele>4.68</ele>
      </trkpt>
      <trkpt lat="24.055266408249736" lon="120.42938936501741">
        <ele>4.6</ele>
      </trkpt>
      <trkpt lat="24.05515568330884" lon="120.42941669002175">
        <ele>4.54</ele>
      </trkpt>
      <trkpt lat="24.055154509842396" lon="120.42941702529788">
        <ele>4.5</ele>
      </trkpt>
      <trkpt lat="24.055153923109174" lon="120.42941719293594">
        <ele>4.48</ele>
      </trkpt>
      <trkpt lat="24.05515283346176" lon="120.42941752821207">
        <ele>4.47</ele>
      </trkpt>
      <trkpt lat="24.05515182763338" lon="120.4294178634882">
        <ele>4.47</ele>
      </trkpt>
      <trkpt lat="24.05515132471919" lon="120.42941803112626">
        <ele>4.49</ele>
      </trkpt>
      <trkpt lat="24.05515023507178" lon="120.42941836640239">
        <ele>4.52</ele>
      </trkpt>
      <trkpt lat="24.05503749847412" lon="120.42944669723511">
        <ele>4.58</ele>
      </trkpt>
      <trkpt lat="24.054865837097168" lon="120.42948961257935">
        <ele>4.68</ele>
      </trkpt>
      <trkpt lat="24.054684033617377" lon="120.4295751079917">
        <ele>4.78</ele>
      </trkpt>
      <trkpt lat="24.054501056671143" lon="120.4296612739563">
        <ele>4.88</ele>
      </trkpt>
      <trkpt lat="24.054251527413726" lon="120.42978960089386">
        <ele>4.95</ele>
      </trkpt>
      <trkpt lat="24.05400199815631" lon="120.42991792783141">
        <ele>5.03</ele>
      </trkpt>
      <trkpt lat="24.053750121966004" lon="120.43004751205444">
        <ele>5.12</ele>
      </trkpt>
      <trkpt lat="24.05360033735633" lon="120.43012236244977">
        <ele>5.27</ele>
      </trkpt>
      <trkpt lat="24.053449714556336" lon="120.43019771575928">
        <ele>5.45</ele>
      </trkpt>
      <trkpt lat="24.053171603009105" lon="120.43034741654992">
        <ele>5.59</ele>
      </trkpt>
      <trkpt lat="24.05289181508124" lon="120.43049812316895">
        <ele>5.67</ele>
      </trkpt>
      <trkpt lat="24.052685033529997" lon="120.43060499243438">
        <ele>5.75</ele>
      </trkpt>
      <trkpt lat="24.052478251978755" lon="120.43071194551885">
        <ele>5.85</ele>
      </trkpt>
      <trkpt lat="24.052269542589784" lon="120.43081998825073">
        <ele>5.9</ele>
      </trkpt>
      <trkpt lat="24.05207633972168" lon="120.43094873428345">
        <ele>5.91</ele>
      </trkpt>
      <trkpt lat="24.051845083013177" lon="120.43112852610648">
        <ele>5.94</ele>
      </trkpt>
      <trkpt lat="24.051613910123706" lon="120.4313083179295">
        <ele>6.09</ele>
      </trkpt>
      <trkpt lat="24.051382653415203" lon="120.43148819357157">
        <ele>6.28</ele>
      </trkpt>
      <trkpt lat="24.051151480525732" lon="120.4316679853946">
        <ele>6.43</ele>
      </trkpt>
      <trkpt lat="24.050917625427246" lon="120.43184995651245">
        <ele>6.55</ele>
      </trkpt>
      <trkpt lat="24.050767505541444" lon="120.43164267204702">
        <ele>6.63</ele>
      </trkpt>
      <trkpt lat="24.050617469474673" lon="120.43143538758159">
        <ele>6.74</ele>
      </trkpt>
      <trkpt lat="24.050467098131776" lon="120.431227684021">
        <ele>6.85</ele>
      </trkpt>
      <trkpt lat="24.050295436754823" lon="120.43105602264404">
        <ele>6.95</ele>
      </trkpt>
      <trkpt lat="24.05029535293579" lon="120.43105602264404">
        <ele>7.04</ele>
      </trkpt>
      <trkpt lat="24.050188064575195" lon="120.43097019195557">
        <ele>7.12</ele>
      </trkpt>
      <trkpt lat="24.04995622113347" lon="120.43083105236292">
        <ele>7.21</ele>
      </trkpt>
      <trkpt lat="24.049724461510777" lon="120.4306919965893">
        <ele>7.3</ele>
      </trkpt>
      <trkpt lat="24.049492701888084" lon="120.43055294081569">
        <ele>7.38</ele>
      </trkpt>
      <trkpt lat="24.04926085844636" lon="120.43041388504207">
        <ele>7.42</ele>
      </trkpt>
      <trkpt lat="24.049029098823667" lon="120.43027482926846">
        <ele>7.41</ele>
      </trkpt>
      <trkpt lat="24.04879331588745" lon="120.43013334274292">
        <ele>7.37</ele>
      </trkpt>
      <trkpt lat="24.0485508274287" lon="120.42999780736864">
        <ele>7.37</ele>
      </trkpt>
      <trkpt lat="24.048308338969946" lon="120.42986235581338">
        <ele>7.44</ele>
      </trkpt>
      <trkpt lat="24.0480637550354" lon="120.42972564697266">
        <ele>7.53</ele>
      </trkpt>
      <trkpt lat="24.047828475013375" lon="120.42959723621607">
        <ele>7.63</ele>
      </trkpt>
      <trkpt lat="24.04759177006781" lon="120.42946815490723">
        <ele>7.71</ele>
      </trkpt>
      <trkpt lat="24.047441901639104" lon="120.42937184683979">
        <ele>7.75</ele>
      </trkpt>
      <trkpt lat="24.047291362658143" lon="120.42927503585815">
        <ele>7.77</ele>
      </trkpt>
      <trkpt lat="24.047055998817086" lon="120.42913950048387">
        <ele>7.75</ele>
      </trkpt>
      <trkpt lat="24.04682063497603" lon="120.42900404892862">
        <ele>7.7</ele>
      </trkpt>
      <trkpt lat="24.04658325947821" lon="120.42886734008789">
        <ele>7.64</ele>
      </trkpt>
      <trkpt lat="24.046454513445497" lon="120.42880296707153">
        <ele>7.6</ele>
      </trkpt>
      <trkpt lat="24.046454429626465" lon="120.42880296707153">
        <ele>7.59</ele>
      </trkpt>
      <trkpt lat="24.046252509579062" lon="120.42868570424616">
        <ele>7.54</ele>
      </trkpt>
      <trkpt lat="24.046252341941" lon="120.42868562042713">
        <ele>7.52</ele>
      </trkpt>
      <trkpt lat="24.046252174302936" lon="120.42868545278907">
        <ele>7.51</ele>
      </trkpt>
      <trkpt lat="24.046251252293587" lon="120.42868494987488">
        <ele>7.49</ele>
      </trkpt>
      <trkpt lat="24.046026449650526" lon="120.4285544436425">
        <ele>7.41</ele>
      </trkpt>
      <trkpt lat="24.04594506137073" lon="120.42850700207055">
        <ele>7.39</ele>
      </trkpt>
      <trkpt lat="24.04594413936138" lon="120.42850649915636">
        <ele>7.38</ele>
      </trkpt>
      <trkpt lat="24.04594355262816" lon="120.42850616388023">
        <ele>7.38</ele>
      </trkpt>
      <trkpt lat="24.04594263061881" lon="120.42850566096604">
        <ele>7.38</ele>
      </trkpt>
      <trkpt lat="24.045941792428493" lon="120.42850515805185">
        <ele>7.38</ele>
      </trkpt>
      <trkpt lat="24.045941289514303" lon="120.42850490659475">
        <ele>7.39</ele>
      </trkpt>
      <trkpt lat="24.045940367504954" lon="120.42850440368056">
        <ele>7.41</ele>
      </trkpt>
      <trkpt lat="24.045801730826497" lon="120.42842393741012">
        <ele>7.42</ele>
      </trkpt>
      <trkpt lat="24.045576928183436" lon="120.42829343117774">
        <ele>7.46</ele>
      </trkpt>
      <trkpt lat="24.045352209359407" lon="120.42816292494535">
        <ele>7.52</ele>
      </trkpt>
      <trkpt lat="24.04512413777411" lon="120.42803049087524">
        <ele>7.6</ele>
      </trkpt>
      <trkpt lat="24.044846026226878" lon="120.42788070626557">
        <ele>7.66</ele>
      </trkpt>
      <trkpt lat="24.044567914679646" lon="120.42773100547493">
        <ele>7.69</ele>
      </trkpt>
      <trkpt lat="24.044287288561463" lon="120.42757987976074">
        <ele>7.69</ele>
      </trkpt>
      <trkpt lat="24.044148148968816" lon="120.42749421671033">
        <ele>7.72</ele>
      </trkpt>
      <trkpt lat="24.044008255004883" lon="120.42740821838379">
        <ele>7.76</ele>
      </trkpt>
      <trkpt lat="24.043762078508735" lon="120.42722624726593">
        <ele>7.8</ele>
      </trkpt>
      <trkpt lat="24.043514812365174" lon="120.42704343795776">
        <ele>7.86</ele>
      </trkpt>
      <trkpt lat="24.043375588953495" lon="120.42691485956311">
        <ele>7.9</ele>
      </trkpt>
      <trkpt lat="24.043235862627625" lon="120.42678594589233">
        <ele>7.95</ele>
      </trkpt>
      <trkpt lat="24.043021285906434" lon="120.42657136917114">
        <ele>8.02</ele>
      </trkpt>
      <trkpt lat="24.0428710822016" lon="120.42644262313843">
        <ele>8.08</ele>
      </trkpt>
      <trkpt lat="24.042677963152528" lon="120.42627096176147">
        <ele>8.11</ele>
      </trkpt>
      <trkpt lat="24.042463721707463" lon="120.42607817798853">
        <ele>8.08</ele>
      </trkpt>
      <trkpt lat="24.04224956408143" lon="120.42588539421558">
        <ele>8.03</ele>
      </trkpt>
      <trkpt lat="24.042034149169922" lon="120.42569160461426">
        <ele>7.99</ele>
      </trkpt>
      <trkpt lat="24.042034232988954" lon="120.42569160461426">
        <ele>7.99</ele>
      </trkpt>
      <trkpt lat="24.041841449216008" lon="120.42550946585834">
        <ele>7.97</ele>
      </trkpt>
      <trkpt lat="24.04164799489081" lon="120.42532682418823">
        <ele>7.96</ele>
      </trkpt>
      <trkpt lat="24.041455211117864" lon="120.42515004985034">
        <ele>7.97</ele>
      </trkpt>
      <trkpt lat="24.04126242734492" lon="120.42497335933149">
        <ele>8.0</ele>
      </trkpt>
      <trkpt lat="24.041069727391005" lon="120.42479666881263">
        <ele>8.02</ele>
      </trkpt>
      <trkpt lat="24.04087551869452" lon="120.4246187210083">
        <ele>8.0</ele>
      </trkpt>
      <trkpt lat="24.04073629528284" lon="120.42449014261365">
        <ele>7.93</ele>
      </trkpt>
      <trkpt lat="24.04059656895697" lon="120.42436122894287">
        <ele>7.86</ele>
      </trkpt>
      <trkpt lat="24.040376963093877" lon="120.42415771633387">
        <ele>7.79</ele>
      </trkpt>
      <trkpt lat="24.040157441049814" lon="120.42395428754389">
        <ele>7.74</ele>
      </trkpt>
      <trkpt lat="24.03993791900575" lon="120.42375077493489">
        <ele>7.64</ele>
      </trkpt>
      <trkpt lat="24.039716804400086" lon="120.42354583740234">
        <ele>7.61</ele>
      </trkpt>
      <trkpt lat="24.03965243138373" lon="120.42348146438599">
        <ele>7.57</ele>
      </trkpt>
      <trkpt lat="24.03949175029993" lon="120.42333151213825">
        <ele>7.54</ele>
      </trkpt>
      <trkpt lat="24.039330566301942" lon="120.42318105697632">
        <ele>7.49</ele>
      </trkpt>
      <trkpt lat="24.039137782528996" lon="120.42300973087549">
        <ele>7.41</ele>
      </trkpt>
      <trkpt lat="24.038944244384766" lon="120.42283773422241">
        <ele>7.28</ele>
      </trkpt>
      <trkpt lat="24.038944328203797" lon="120.42283773422241">
        <ele>7.21</ele>
      </trkpt>
      <trkpt lat="24.038744419813156" lon="120.42266640812159">
        <ele>7.09</ele>
      </trkpt>
      <trkpt lat="24.038544595241547" lon="120.42249508202076">
        <ele>7.0</ele>
      </trkpt>
      <trkpt lat="24.03834351338446" lon="120.42232275009155">
        <ele>6.94</ele>
      </trkpt>
      <trkpt lat="24.038172187283635" lon="120.42217279784381">
        <ele>6.88</ele>
      </trkpt>
      <trkpt lat="24.038000190630555" lon="120.42202234268188">
        <ele>6.8</ele>
      </trkpt>
      <trkpt lat="24.037914276123047" lon="120.42193651199341">
        <ele>6.72</ele>
      </trkpt>
      <trkpt lat="24.03784990310669" lon="120.42182922363281">
        <ele>6.63</ele>
      </trkpt>
      <trkpt lat="24.03780698776245" lon="120.42176485061646">
        <ele>6.54</ele>
      </trkpt>
      <trkpt lat="24.037603475153446" lon="120.42158279567957">
        <ele>6.43</ele>
      </trkpt>
      <trkpt lat="24.037399291992188" lon="120.42140007019043">
        <ele>6.36</ele>
      </trkpt>
      <trkpt lat="24.03716334141791" lon="120.42120695114136">
        <ele>6.28</ele>
      </trkpt>
      <trkpt lat="24.036938454955816" lon="120.42101416736841">
        <ele>6.19</ele>
      </trkpt>
      <trkpt lat="24.036712730303407" lon="120.42082071304321">
        <ele>6.15</ele>
      </trkpt>
      <trkpt lat="24.036712646484375" lon="120.42082071304321">
        <ele>6.1</ele>
      </trkpt>
      <trkpt lat="24.036584151908755" lon="120.42070286348462">
        <ele>6.09</ele>
      </trkpt>
      <trkpt lat="24.036455238237977" lon="120.4205846786499">
        <ele>6.08</ele>
      </trkpt>
      <trkpt lat="24.03626245446503" lon="120.42042408138514">
        <ele>6.06</ele>
      </trkpt>
      <trkpt lat="24.036069000139832" lon="120.42026281356812">
        <ele>6.02</ele>
      </trkpt>
      <trkpt lat="24.03583338484168" lon="120.42005578055978">
        <ele>5.95</ele>
      </trkpt>
      <trkpt lat="24.03559785336256" lon="120.41984874755144">
        <ele>5.9</ele>
      </trkpt>
      <trkpt lat="24.0353608969599" lon="120.41964054107666">
        <ele>5.85</ele>
      </trkpt>
      <trkpt lat="24.03511455282569" lon="120.41942638345063">
        <ele>5.84</ele>
      </trkpt>
      <trkpt lat="24.03486737050116" lon="120.41921138763428">
        <ele>5.82</ele>
      </trkpt>
      <trkpt lat="24.034649608656764" lon="120.4190222080797">
        <ele>5.78</ele>
      </trkpt>
      <trkpt lat="24.0344319306314" lon="120.41883302852511">
        <ele>5.78</ele>
      </trkpt>
      <trkpt lat="24.034214168787003" lon="120.41864384897053">
        <ele>5.82</ele>
      </trkpt>
      <trkpt lat="24.033996490761638" lon="120.41845475323498">
        <ele>5.84</ele>
      </trkpt>
      <trkpt lat="24.033778812736273" lon="120.4182655736804">
        <ele>5.86</ele>
      </trkpt>
      <trkpt lat="24.033558452501893" lon="120.41807413101196">
        <ele>5.83</ele>
      </trkpt>
      <trkpt lat="24.033365668728948" lon="120.4179135337472">
        <ele>5.81</ele>
      </trkpt>
      <trkpt lat="24.033172968775034" lon="120.41775293648243">
        <ele>5.8</ele>
      </trkpt>
      <trkpt lat="24.03298026882112" lon="120.41759233921766">
        <ele>5.78</ele>
      </trkpt>
      <trkpt lat="24.032785892486572" lon="120.41743040084839">
        <ele>5.8</ele>
      </trkpt>
      <trkpt lat="24.0325927734375" lon="120.4172158241272">
        <ele>5.85</ele>
      </trkpt>
      <trkpt lat="24.03237819671631" lon="120.417001247406">
        <ele>5.87</ele>
      </trkpt>
      <trkpt lat="24.0322024282068" lon="120.41678256355226">
        <ele>5.89</ele>
      </trkpt>
      <trkpt lat="24.032026659697294" lon="120.41656396351755">
        <ele>5.9</ele>
      </trkpt>
      <trkpt lat="24.031850891187787" lon="120.4163452796638">
        <ele>5.91</ele>
      </trkpt>
      <trkpt lat="24.03167512267828" lon="120.41612667962909">
        <ele>5.88</ele>
      </trkpt>
      <trkpt lat="24.031498432159424" lon="120.41590690612793">
        <ele>5.89</ele>
      </trkpt>
      <trkpt lat="24.031359124928713" lon="120.41573541238904">
        <ele>5.93</ele>
      </trkpt>
      <trkpt lat="24.031219566240907" lon="120.41556358337402">
        <ele>5.97</ele>
      </trkpt>
      <trkpt lat="24.031048072502017" lon="120.4153491742909">
        <ele>6.02</ele>
      </trkpt>
      <trkpt lat="24.030876578763127" lon="120.4151348490268">
        <ele>6.1</ele>
      </trkpt>
      <trkpt lat="24.030705085024238" lon="120.41492043994367">
        <ele>6.2</ele>
      </trkpt>
      <trkpt lat="24.030532920733094" lon="120.41470527648926">
        <ele>6.28</ele>
      </trkpt>
      <trkpt lat="24.03042571619153" lon="120.41456588543952">
        <ele>6.33</ele>
      </trkpt>
      <trkpt lat="24.030318344011903" lon="120.41442632675171">
        <ele>6.37</ele>
      </trkpt>
      <trkpt lat="24.03013260103762" lon="120.41422633454204">
        <ele>6.4</ele>
      </trkpt>
      <trkpt lat="24.02994685806334" lon="120.41402634233236">
        <ele>6.41</ele>
      </trkpt>
      <trkpt lat="24.029760360717773" lon="120.41382551193237">
        <ele>6.39</ele>
      </trkpt>
      <trkpt lat="24.029578305780888" lon="120.41366483084857">
        <ele>6.38</ele>
      </trkpt>
      <trkpt lat="24.02939566411078" lon="120.41350364685059">
        <ele>6.42</ele>
      </trkpt>
      <trkpt lat="24.029395580291748" lon="120.41350364685059">
        <ele>6.44</ele>
      </trkpt>
      <trkpt lat="24.02917429804802" lon="120.41330373845994">
        <ele>6.5</ele>
      </trkpt>
      <trkpt lat="24.02895301580429" lon="120.4131038300693">
        <ele>6.55</ele>
      </trkpt>
      <trkpt lat="24.028730476275086" lon="120.41290283203125">
        <ele>6.55</ele>
      </trkpt>
      <trkpt lat="24.028530567884445" lon="120.4127242974937">
        <ele>6.52</ele>
      </trkpt>
      <trkpt lat="24.028330659493804" lon="120.41254584677517">
        <ele>6.51</ele>
      </trkpt>
      <trkpt lat="24.02812966145575" lon="120.41236639022827">
        <ele>6.5</ele>
      </trkpt>
      <trkpt lat="24.027904774993658" lon="120.4121682420373">
        <ele>6.47</ele>
      </trkpt>
      <trkpt lat="24.027679888531566" lon="120.41197017766535">
        <ele>6.49</ele>
      </trkpt>
      <trkpt lat="24.027455085888505" lon="120.41177211329341">
        <ele>6.48</ele>
      </trkpt>
      <trkpt lat="24.027228439226747" lon="120.41157245635986">
        <ele>6.45</ele>
      </trkpt>
      <trkpt lat="24.027014197781682" lon="120.41137967258692">
        <ele>6.41</ele>
      </trkpt>
      <trkpt lat="24.02680004015565" lon="120.41118688881397">
        <ele>6.4</ele>
      </trkpt>
      <trkpt lat="24.02658462524414" lon="120.41099309921265">
        <ele>6.39</ele>
      </trkpt>
      <trkpt lat="24.02634900994599" lon="120.41077885776758">
        <ele>6.36</ele>
      </trkpt>
      <trkpt lat="24.026113394647837" lon="120.41056470014155">
        <ele>6.27</ele>
      </trkpt>
      <trkpt lat="24.02587652206421" lon="120.41034936904907">
        <ele>6.21</ele>
      </trkpt>
      <trkpt lat="24.025678373873234" lon="120.41017267853022">
        <ele>6.21</ele>
      </trkpt>
      <trkpt lat="24.02548030950129" lon="120.40999598801136">
        <ele>6.22</ele>
      </trkpt>
      <trkpt lat="24.025282245129347" lon="120.4098192974925">
        <ele>6.19</ele>
      </trkpt>
      <trkpt lat="24.025082672014832" lon="120.40964126586914">
        <ele>6.15</ele>
      </trkpt>
      <trkpt lat="24.02484169229865" lon="120.40942434221506">
        <ele>6.14</ele>
      </trkpt>
      <trkpt lat="24.02460071258247" lon="120.40920758619905">
        <ele>6.1</ele>
      </trkpt>
      <trkpt lat="24.02435981668532" lon="120.408990746364">
        <ele>6.04</ele>
      </trkpt>
      <trkpt lat="24.024118836969137" lon="120.40877390652895">
        <ele>5.97</ele>
      </trkpt>
      <trkpt lat="24.023877941071987" lon="120.4085570666939">
        <ele>5.89</ele>
      </trkpt>
      <trkpt lat="24.023636961355805" lon="120.40834022685885">
        <ele>5.78</ele>
      </trkpt>
      <trkpt lat="24.023396065458655" lon="120.4081233870238">
        <ele>5.69</ele>
      </trkpt>
      <trkpt lat="24.023151397705078" lon="120.40790319442749">
        <ele>5.67</ele>
      </trkpt>
      <trkpt lat="24.022936820983887" lon="120.40771007537842">
        <ele>5.71</ele>
      </trkpt>
      <trkpt lat="24.022786617279053" lon="120.40755987167358">
        <ele>5.71</ele>
      </trkpt>
      <trkpt lat="24.02263641357422" lon="120.40734529495239">
        <ele>5.69</ele>
      </trkpt>
      <trkpt lat="24.022529209032655" lon="120.40718444623053">
        <ele>5.65</ele>
      </trkpt>
      <trkpt lat="24.02242192067206" lon="120.4070234298706">
        <ele>5.59</ele>
      </trkpt>
      <trkpt lat="24.022421836853027" lon="120.4070234298706">
        <ele>5.56</ele>
      </trkpt>
      <trkpt lat="24.02227154932916" lon="120.4067229386419">
        <ele>5.49</ele>
      </trkpt>
      <trkpt lat="24.022121345624328" lon="120.40642253123224">
        <ele>5.46</ele>
      </trkpt>
      <trkpt lat="24.021971141919494" lon="120.40612204000354">
        <ele>5.48</ele>
      </trkpt>
      <trkpt lat="24.02182093821466" lon="120.40582163259387">
        <ele>5.53</ele>
      </trkpt>
      <trkpt lat="24.021670734509826" lon="120.40552114136517">
        <ele>5.48</ele>
      </trkpt>
      <trkpt lat="24.02152053080499" lon="120.4052207339555">
        <ele>5.41</ele>
      </trkpt>
      <trkpt lat="24.02137049473822" lon="120.40492057800293">
        <ele>5.39</ele>
      </trkpt>
      <trkpt lat="24.021241748705506" lon="120.40468454360962">
        <ele>5.33</ele>
      </trkpt>
      <trkpt lat="24.02111300267279" lon="120.40444850921631">
        <ele>5.29</ele>
      </trkpt>
      <trkpt lat="24.02109146118164" lon="120.40436267852783">
        <ele>5.29</ele>
      </trkpt>
      <trkpt lat="24.020962715148926" lon="120.40414810180664">
        <ele>5.32</ele>
      </trkpt>
      <trkpt lat="24.02084461413324" lon="120.40387971326709">
        <ele>5.43</ele>
      </trkpt>
      <trkpt lat="24.020726680755615" lon="120.40361166000366">
        <ele>5.5</ele>
      </trkpt>
      <trkpt lat="24.020619308575988" lon="120.40332172997296">
        <ele>5.51</ele>
      </trkpt>
      <trkpt lat="24.020512187853456" lon="120.40303230285645">
        <ele>5.55</ele>
      </trkpt>
      <trkpt lat="24.020411940291524" lon="120.40276031009853">
        <ele>5.6</ele>
      </trkpt>
      <trkpt lat="24.020311776548624" lon="120.40248831734061">
        <ele>5.65</ele>
      </trkpt>
      <trkpt lat="24.020211528986692" lon="120.40221640840173">
        <ele>5.66</ele>
      </trkpt>
      <trkpt lat="24.020111365243793" lon="120.40194441564381">
        <ele>5.66</ele>
      </trkpt>
      <trkpt lat="24.020011201500893" lon="120.4016724228859">
        <ele>5.64</ele>
      </trkpt>
      <trkpt lat="24.01991137303412" lon="120.40140151977539">
        <ele>5.66</ele>
      </trkpt>
      <trkpt lat="24.01984691619873" lon="120.40121896192431">
        <ele>5.69</ele>
      </trkpt>
      <trkpt lat="24.019782627001405" lon="120.40103673934937">
        <ele>5.7</ele>
      </trkpt>
      <trkpt lat="24.019739627838135" lon="120.4008436203003">
        <ele>5.67</ele>
      </trkpt>
      <trkpt lat="24.019696796312928" lon="120.40058612823486">
        <ele>5.62</ele>
      </trkpt>
      <trkpt lat="24.01967533864081" lon="120.40035009384155">
        <ele>5.59</ele>
      </trkpt>
      <trkpt lat="24.019669890403748" lon="120.40001163259149">
        <ele>5.57</ele>
      </trkpt>
      <trkpt lat="24.019664525985718" lon="120.39967317134142">
        <ele>5.57</ele>
      </trkpt>
      <trkpt lat="24.019659161567688" lon="120.39933479391038">
        <ele>5.5</ele>
      </trkpt>
      <trkpt lat="24.01965388096869" lon="120.39899826049805">
        <ele>5.43</ele>
      </trkpt>
      <trkpt lat="24.01963233947754" lon="120.39867639541626">
        <ele>5.34</ele>
      </trkpt>
      <trkpt lat="24.01963233947754" lon="120.39833256974816">
        <ele>5.27</ele>
      </trkpt>
      <trkpt lat="24.01963233947754" lon="120.39798974990845">
        <ele>5.25</ele>
      </trkpt>
      <trkpt lat="24.019610797986388" lon="120.3977211099118">
        <ele>5.21</ele>
      </trkpt>
      <trkpt lat="24.0195894241333" lon="120.39745330810547">
        <ele>5.2</ele>
      </trkpt>
      <trkpt lat="24.019546508789062" lon="120.39728164672852">
        <ele>5.21</ele>
      </trkpt>
      <trkpt lat="24.019482135772705" lon="120.39710998535156">
        <ele>5.24</ele>
      </trkpt>
      <trkpt lat="24.01939630508423" lon="120.39693824015558">
        <ele>5.3</ele>
      </trkpt>
      <trkpt lat="24.019310558214784" lon="120.39676666259766">
        <ele>5.35</ele>
      </trkpt>
      <trkpt lat="24.019147530198097" lon="120.39650925435126">
        <ele>5.39</ele>
      </trkpt>
      <trkpt lat="24.01898450218141" lon="120.39625184610486">
        <ele>5.4</ele>
      </trkpt>
      <trkpt lat="24.018821474164724" lon="120.39599443785846">
        <ele>5.4</ele>
      </trkpt>
      <trkpt lat="24.018658446148038" lon="120.3957371134311">
        <ele>5.42</ele>
      </trkpt>
      <trkpt lat="24.018495166674256" lon="120.39547920227051">
        <ele>5.44</ele>
      </trkpt>
      <trkpt lat="24.018344962969422" lon="120.39525180123746">
        <ele>5.48</ele>
      </trkpt>
      <trkpt lat="24.01819484308362" lon="120.39502448402345">
        <ele>5.58</ele>
      </trkpt>
      <trkpt lat="24.018044723197818" lon="120.39479716680944">
        <ele>5.62</ele>
      </trkpt>
      <trkpt lat="24.017894603312016" lon="120.39456984959543">
        <ele>5.63</ele>
      </trkpt>
      <trkpt lat="24.017744148150086" lon="120.3943419456482">
        <ele>5.65</ele>
      </trkpt>
      <trkpt lat="24.01765831746161" lon="120.39421319961548">
        <ele>5.69</ele>
      </trkpt>
      <trkpt lat="24.017486656084657" lon="120.39394724182785">
        <ele>5.7</ele>
      </trkpt>
      <trkpt lat="24.017315078526735" lon="120.39368128404021">
        <ele>5.75</ele>
      </trkpt>
      <trkpt lat="24.017143500968814" lon="120.39341532625258">
        <ele>5.82</ele>
      </trkpt>
      <trkpt lat="24.016971923410892" lon="120.39314936846495">
        <ele>5.89</ele>
      </trkpt>
      <trkpt lat="24.016800010576844" lon="120.39288282394409">
        <ele>5.95</ele>
      </trkpt>
      <trkpt lat="24.01663270778954" lon="120.3926254156977">
        <ele>6.0</ele>
      </trkpt>
      <trkpt lat="24.016465405002236" lon="120.3923680074513">
        <ele>6.05</ele>
      </trkpt>
      <trkpt lat="24.016298102214932" lon="120.39211068302393">
        <ele>6.08</ele>
      </trkpt>
      <trkpt lat="24.01613079942763" lon="120.39185327477753">
        <ele>6.16</ele>
      </trkpt>
      <trkpt lat="24.015963496640325" lon="120.39159595035017">
        <ele>6.19</ele>
      </trkpt>
      <trkpt lat="24.015796277672052" lon="120.39133854210377">
        <ele>6.18</ele>
      </trkpt>
      <trkpt lat="24.01562897488475" lon="120.3910812176764">
        <ele>6.29</ele>
      </trkpt>
      <trkpt lat="24.015461672097445" lon="120.39082380943">
        <ele>6.4</ele>
      </trkpt>
      <trkpt lat="24.01529436931014" lon="120.39056648500264">
        <ele>6.5</ele>
      </trkpt>
      <trkpt lat="24.01512631215155" lon="120.3903079032898">
        <ele>6.58</ele>
      </trkpt>
      <trkpt lat="24.014959009364247" lon="120.39004186168313">
        <ele>6.62</ele>
      </trkpt>
      <trkpt lat="24.014791706576943" lon="120.3897759038955">
        <ele>6.64</ele>
      </trkpt>
      <trkpt lat="24.01462440378964" lon="120.38950994610786">
        <ele>6.67</ele>
      </trkpt>
      <trkpt lat="24.014457101002336" lon="120.38924398832023">
        <ele>6.69</ele>
      </trkpt>
      <trkpt lat="24.014289462938905" lon="120.38897752761841">
        <ele>6.78</ele>
      </trkpt>
      <trkpt lat="24.014182090759277" lon="120.38877007551491">
        <ele>6.88</ele>
      </trkpt>
      <trkpt lat="24.01407480239868" lon="120.38856262341142">
        <ele>6.96</ele>
      </trkpt>
      <trkpt lat="24.013967514038086" lon="120.38835525512695">
        <ele>6.92</ele>
      </trkpt>
      <trkpt lat="24.013830134645104" lon="120.3880675882101">
        <ele>6.78</ele>
      </trkpt>
      <trkpt lat="24.013692755252123" lon="120.38778000511229">
        <ele>6.64</ele>
      </trkpt>
      <trkpt lat="24.01355537585914" lon="120.38749242201447">
        <ele>6.52</ele>
      </trkpt>
      <trkpt lat="24.01341808028519" lon="120.38720483891666">
        <ele>6.47</ele>
      </trkpt>
      <trkpt lat="24.013280868530273" lon="120.38691759109497">
        <ele>6.4</ele>
      </trkpt>
      <trkpt lat="24.01316637173295" lon="120.38667434826493">
        <ele>6.35</ele>
      </trkpt>
      <trkpt lat="24.01305195875466" lon="120.3864311054349">
        <ele>6.26</ele>
      </trkpt>
      <trkpt lat="24.0129376295954" lon="120.38618803024292">
        <ele>6.16</ele>
      </trkpt>
      <trkpt lat="24.012937545776367" lon="120.38618803024292">
        <ele>6.07</ele>
      </trkpt>
      <trkpt lat="24.01280871592462" lon="120.38591327145696">
        <ele>5.99</ele>
      </trkpt>
      <trkpt lat="24.012679969891906" lon="120.385638512671">
        <ele>5.9</ele>
      </trkpt>
      <trkpt lat="24.01255122385919" lon="120.38536383770406">
        <ele>5.78</ele>
      </trkpt>
      <trkpt lat="24.012422477826476" lon="120.3850890789181">
        <ele>5.61</ele>
      </trkpt>
      <trkpt lat="24.012293899431825" lon="120.3848147392273">
        <ele>5.43</ele>
      </trkpt>
      <trkpt lat="24.01214369572699" lon="120.38451433181763">
        <ele>5.31</ele>
      </trkpt>
      <trkpt lat="24.012047136202455" lon="120.38433194160461">
        <ele>5.22</ele>
      </trkpt>
      <trkpt lat="24.01195057667792" lon="120.3841495513916">
        <ele>5.14</ele>
      </trkpt>
      <trkpt lat="24.01184320449829" lon="120.38390262052417">
        <ele>5.07</ele>
      </trkpt>
      <trkpt lat="24.011735999956727" lon="120.38365602493286">
        <ele>4.97</ele>
      </trkpt>
      <trkpt lat="24.011602895334363" lon="120.38337053731084">
        <ele>4.88</ele>
      </trkpt>
      <trkpt lat="24.011469790712" lon="120.38308504968882">
        <ele>4.73</ele>
      </trkpt>
      <trkpt lat="24.011336769908667" lon="120.38279964588583">
        <ele>4.56</ele>
      </trkpt>
      <trkpt lat="24.011203665286303" lon="120.3825141582638">
        <ele>4.42</ele>
      </trkpt>
      <trkpt lat="24.01107064448297" lon="120.38222867064178">
        <ele>4.32</ele>
      </trkpt>
      <trkpt lat="24.010937539860606" lon="120.38194326683879">
        <ele>4.27</ele>
      </trkpt>
      <trkpt lat="24.010804519057274" lon="120.38165777921677">
        <ele>4.18</ele>
      </trkpt>
      <trkpt lat="24.01067141443491" lon="120.38137229159474">
        <ele>4.04</ele>
      </trkpt>
      <trkpt lat="24.010538309812546" lon="120.38108688779175">
        <ele>3.96</ele>
      </trkpt>
      <trkpt lat="24.01040562428534" lon="120.38080215454102">
        <ele>3.89</ele>
      </trkpt>
      <trkpt lat="24.010291127488017" lon="120.3805732447654">
        <ele>3.85</ele>
      </trkpt>
      <trkpt lat="24.010176714509726" lon="120.38034433498979">
        <ele>3.79</ele>
      </trkpt>
      <trkpt lat="24.010062301531434" lon="120.3801155090332">
        <ele>3.74</ele>
      </trkpt>
      <trkpt lat="24.009936153888702" lon="120.37984183989465">
        <ele>3.73</ele>
      </trkpt>
      <trkpt lat="24.009810090065002" lon="120.3795681707561">
        <ele>3.72</ele>
      </trkpt>
      <trkpt lat="24.00968394242227" lon="120.37929450161755">
        <ele>3.66</ele>
      </trkpt>
      <trkpt lat="24.00955787859857" lon="120.379020832479">
        <ele>3.58</ele>
      </trkpt>
      <trkpt lat="24.00943181477487" lon="120.37874716334045">
        <ele>3.51</ele>
      </trkpt>
      <trkpt lat="24.00930566713214" lon="120.3784734942019">
        <ele>3.5</ele>
      </trkpt>
      <trkpt lat="24.00917960330844" lon="120.37819982506335">
        <ele>3.58</ele>
      </trkpt>
      <trkpt lat="24.009053790941834" lon="120.37792682647705">
        <ele>3.65</ele>
      </trkpt>
      <trkpt lat="24.008924961090088" lon="120.37765206769109">
        <ele>3.65</ele>
      </trkpt>
      <trkpt lat="24.008796215057373" lon="120.37737730890512">
        <ele>3.62</ele>
      </trkpt>
      <trkpt lat="24.008667385205626" lon="120.3771026339382">
        <ele>3.6</ele>
      </trkpt>
      <trkpt lat="24.00853863917291" lon="120.37682787515223">
        <ele>3.63</ele>
      </trkpt>
      <trkpt lat="24.00841006077826" lon="120.37655353546143">
        <ele>3.67</ele>
      </trkpt>
      <trkpt lat="24.00830981321633" lon="120.37633166648448">
        <ele>3.74</ele>
      </trkpt>
      <trkpt lat="24.00820964947343" lon="120.37610988132656">
        <ele>3.84</ele>
      </trkpt>
      <trkpt lat="24.008109653368592" lon="120.37588834762573">
        <ele>3.96</ele>
      </trkpt>
      <trkpt lat="24.007980823516846" lon="120.37562364712358">
        <ele>4.07</ele>
      </trkpt>
      <trkpt lat="24.00785207748413" lon="120.37535894662142">
        <ele>4.15</ele>
      </trkpt>
      <trkpt lat="24.007723415270448" lon="120.37509441375732">
        <ele>4.22</ele>
      </trkpt>
      <trkpt lat="24.0075945854187" lon="120.37481546401978">
        <ele>4.31</ele>
      </trkpt>
      <trkpt lat="24.007480088621378" lon="120.37456501275301">
        <ele>4.46</ele>
      </trkpt>
      <trkpt lat="24.007365675643086" lon="120.37431464530528">
        <ele>4.64</ele>
      </trkpt>
      <trkpt lat="24.007251346483827" lon="120.3740644454956">
        <ele>4.83</ele>
      </trkpt>
      <trkpt lat="24.007251262664795" lon="120.3740644454956">
        <ele>4.95</ele>
      </trkpt>
      <trkpt lat="24.007133161649108" lon="120.37381223402917">
        <ele>5.12</ele>
      </trkpt>
      <trkpt lat="24.007015144452453" lon="120.37356002256274">
        <ele>5.24</ele>
      </trkpt>
      <trkpt lat="24.006897127255797" lon="120.37330781109631">
        <ele>5.32</ele>
      </trkpt>
      <trkpt lat="24.006779193878174" lon="120.373055934906">
        <ele>5.39</ele>
      </trkpt>
      <trkpt lat="24.006682634353638" lon="120.37288427352905">
        <ele>5.47</ele>
      </trkpt>
      <trkpt lat="24.0065860748291" lon="120.3727126121521">
        <ele>5.54</ele>
      </trkpt>
      <trkpt lat="24.006457328796387" lon="120.37254095077515">
        <ele>5.65</ele>
      </trkpt>
      <trkpt lat="24.006307125091553" lon="120.3723692893982">
        <ele>5.8</ele>
      </trkpt>
      <trkpt lat="24.00611442513764" lon="120.37219796329737">
        <ele>5.98</ele>
      </trkpt>
      <trkpt lat="24.00592097081244" lon="120.37202596664429">
        <ele>6.16</ele>
      </trkpt>
      <trkpt lat="24.005706729367375" lon="120.37182245403528">
        <ele>6.3</ele>
      </trkpt>
      <trkpt lat="24.005491817370057" lon="120.37161827087402">
        <ele>6.38</ele>
      </trkpt>
      <trkpt lat="24.005306158214808" lon="120.3714540693909">
        <ele>6.44</ele>
      </trkpt>
      <trkpt lat="24.00512058287859" lon="120.37128986790776">
        <ele>6.5</ele>
      </trkpt>
      <trkpt lat="24.00493391789496" lon="120.37112474441528">
        <ele>6.63</ele>
      </trkpt>
      <trkpt lat="24.004730405285954" lon="120.37093196064234">
        <ele>6.72</ele>
      </trkpt>
      <trkpt lat="24.004526222124696" lon="120.37073850631714">
        <ele>6.77</ele>
      </trkpt>
      <trkpt lat="24.004354812204838" lon="120.37057422101498">
        <ele>6.8</ele>
      </trkpt>
      <trkpt lat="24.00418348610401" lon="120.37041001953185">
        <ele>6.81</ele>
      </trkpt>
      <trkpt lat="24.004011237993836" lon="120.3702449798584">
        <ele>6.79</ele>
      </trkpt>
      <trkpt lat="24.003789871931076" lon="120.37004029378295">
        <ele>6.71</ele>
      </trkpt>
      <trkpt lat="24.003568589687347" lon="120.3698356077075">
        <ele>6.65</ele>
      </trkpt>
      <trkpt lat="24.003347223624587" lon="120.36963092163205">
        <ele>6.6</ele>
      </trkpt>
      <trkpt lat="24.00312594138086" lon="120.36942631937563">
        <ele>6.52</ele>
      </trkpt>
      <trkpt lat="24.00290465913713" lon="120.36922163330019">
        <ele>6.41</ele>
      </trkpt>
      <trkpt lat="24.00268329307437" lon="120.36901694722474">
        <ele>6.41</ele>
      </trkpt>
      <trkpt lat="24.00246201083064" lon="120.36881234496832">
        <ele>6.45</ele>
      </trkpt>
      <trkpt lat="24.00224064476788" lon="120.36860765889287">
        <ele>6.4</ele>
      </trkpt>
      <trkpt lat="24.002015674486756" lon="120.36839962005615">
        <ele>6.32</ele>
      </trkpt>
      <trkpt lat="24.001854993402958" lon="120.36826039664447">
        <ele>6.24</ele>
      </trkpt>
      <trkpt lat="24.00169380940497" lon="120.3681206703186">
        <ele>6.15</ele>
      </trkpt>
      <trkpt lat="24.001458194106817" lon="120.36790810525417">
        <ele>6.05</ele>
      </trkpt>
      <trkpt lat="24.001222578808665" lon="120.36769562400877">
        <ele>5.93</ele>
      </trkpt>
      <trkpt lat="24.000987047329545" lon="120.36748305894434">
        <ele>5.83</ele>
      </trkpt>
      <trkpt lat="24.000751432031393" lon="120.36727057769895">
        <ele>5.76</ele>
      </trkpt>
      <trkpt lat="24.000515900552273" lon="120.36705801263452">
        <ele>5.63</ele>
      </trkpt>
      <trkpt lat="24.00028028525412" lon="120.36684553138912">
        <ele>5.49</ele>
      </trkpt>
      <trkpt lat="24.000044753775" lon="120.36663296632469">
        <ele>5.37</ele>
      </trkpt>
      <trkpt lat="23.99980913847685" lon="120.36642048507929">
        <ele>5.29</ele>
      </trkpt>
      <trkpt lat="23.99957360699773" lon="120.36620800383389">
        <ele>5.21</ele>
      </trkpt>
      <trkpt lat="23.999337991699576" lon="120.36599543876946">
        <ele>5.24</ele>
      </trkpt>
      <trkpt lat="23.999102460220456" lon="120.36578295752406">
        <ele>5.11</ele>
      </trkpt>
      <trkpt lat="23.998866844922304" lon="120.36557039245963">
        <ele>4.9</ele>
      </trkpt>
      <trkpt lat="23.998625362291932" lon="120.36535263061523">
        <ele>4.73</ele>
      </trkpt>
      <trkpt lat="23.9986252784729" lon="120.36535263061523">
        <ele>4.6</ele>
      </trkpt>
      <trkpt lat="23.99838966317475" lon="120.36513838917017">
        <ele>4.43</ele>
      </trkpt>
      <trkpt lat="23.998154131695628" lon="120.36492423154414">
        <ele>4.23</ele>
      </trkpt>
      <trkpt lat="23.997918516397476" lon="120.3647100739181">
        <ele>4.04</ele>
      </trkpt>
      <trkpt lat="23.997682984918356" lon="120.36449591629207">
        <ele>3.9</ele>
      </trkpt>
      <trkpt lat="23.997447369620204" lon="120.36428175866604">
        <ele>3.79</ele>
      </trkpt>
      <trkpt lat="23.997211838141084" lon="120.36406760104">
        <ele>3.68</ele>
      </trkpt>
      <trkpt lat="23.99697622284293" lon="120.36385344341397">
        <ele>3.57</ele>
      </trkpt>
      <trkpt lat="23.99674069136381" lon="120.36363928578794">
        <ele>3.42</ele>
      </trkpt>
      <trkpt lat="23.996501052752137" lon="120.36342144012451">
        <ele>3.28</ele>
      </trkpt>
      <trkpt lat="23.996500968933105" lon="120.36342144012451">
        <ele>3.16</ele>
      </trkpt>
      <trkpt lat="23.996261078864336" lon="120.36320292390883">
        <ele>3.02</ele>
      </trkpt>
      <trkpt lat="23.996021188795567" lon="120.36298449151218">
        <ele>2.87</ele>
      </trkpt>
      <trkpt lat="23.99578138254583" lon="120.36276605911553">
        <ele>2.74</ele>
      </trkpt>
      <trkpt lat="23.99554149247706" lon="120.36254762671888">
        <ele>2.68</ele>
      </trkpt>
      <trkpt lat="23.995299423113465" lon="120.36232709884644">
        <ele>2.62</ele>
      </trkpt>
      <trkpt lat="23.995299339294434" lon="120.36232709884644">
        <ele>2.54</ele>
      </trkpt>
      <trkpt lat="23.995075961574912" lon="120.36212509498">
        <ele>2.48</ele>
      </trkpt>
      <trkpt lat="23.99485258385539" lon="120.3619231749326">
        <ele>2.4</ele>
      </trkpt>
      <trkpt lat="23.9946292899549" lon="120.3617212548852">
        <ele>2.36</ele>
      </trkpt>
      <trkpt lat="23.99440591223538" lon="120.3615193348378">
        <ele>2.29</ele>
      </trkpt>
      <trkpt lat="23.99418261833489" lon="120.36131741479039">
        <ele>2.22</ele>
      </trkpt>
      <trkpt lat="23.993959240615368" lon="120.36111549474299">
        <ele>2.17</ele>
      </trkpt>
      <trkpt lat="23.993732929229736" lon="120.36091089248657">
        <ele>2.12</ele>
      </trkpt>
      <trkpt lat="23.993475437164307" lon="120.3607177734375">
        <ele>2.05</ele>
      </trkpt>
      <trkpt lat="23.993261363357306" lon="120.36055717617273">
        <ele>2.02</ele>
      </trkpt>
      <trkpt lat="23.993046283721924" lon="120.36039590835571">
        <ele>1.99</ele>
      </trkpt>
      <trkpt lat="23.99282374419272" lon="120.36025467328727">
        <ele>1.98</ele>
      </trkpt>
      <trkpt lat="23.992601204663515" lon="120.36011343821883">
        <ele>1.97</ele>
      </trkpt>
      <trkpt lat="23.99237866513431" lon="120.35997220315039">
        <ele>1.96</ele>
      </trkpt>
      <trkpt lat="23.992156125605106" lon="120.35983096808195">
        <ele>1.95</ele>
      </trkpt>
      <trkpt lat="23.99193056859076" lon="120.35968780517578">
        <ele>1.95</ele>
      </trkpt>
      <trkpt lat="23.991702245548368" lon="120.3595451451838">
        <ele>1.94</ele>
      </trkpt>
      <trkpt lat="23.991474006325006" lon="120.35940248519182">
        <ele>1.93</ele>
      </trkpt>
      <trkpt lat="23.991243839263916" lon="120.3592586517334">
        <ele>1.94</ele>
      </trkpt>
      <trkpt lat="23.991035129874945" lon="120.35911951214075">
        <ele>1.95</ele>
      </trkpt>
      <trkpt lat="23.990826504305005" lon="120.3589803725481">
        <ele>1.99</ele>
      </trkpt>
      <trkpt lat="23.990617878735065" lon="120.35884131677449">
        <ele>2.04</ele>
      </trkpt>
      <trkpt lat="23.99040699005127" lon="120.3587007522583">
        <ele>2.14</ele>
      </trkpt>
      <trkpt lat="23.990149246528745" lon="120.35853965207934">
        <ele>2.19</ele>
      </trkpt>
      <trkpt lat="23.98989158682525" lon="120.35837863571942">
        <ele>2.29</ele>
      </trkpt>
      <trkpt lat="23.98963392712176" lon="120.35821753554046">
        <ele>2.4</ele>
      </trkpt>
      <trkpt lat="23.989376183599234" lon="120.35805651918054">
        <ele>2.49</ele>
      </trkpt>
      <trkpt lat="23.98911651223898" lon="120.35789424553514">
        <ele>2.52</ele>
      </trkpt>
      <trkpt lat="23.989116176962852" lon="120.35789399407804">
        <ele>2.57</ele>
      </trkpt>
      <trkpt lat="23.98911600932479" lon="120.35789391025901">
        <ele>2.61</ele>
      </trkpt>
      <trkpt lat="23.989114919677377" lon="120.35789323970675">
        <ele>2.65</ele>
      </trkpt>
      <trkpt lat="23.988903276622295" lon="120.35776088945568">
        <ele>2.66</ele>
      </trkpt>
      <trkpt lat="23.9888150151819" lon="120.35770565271378">
        <ele>2.69</ele>
      </trkpt>
      <trkpt lat="23.988813925534487" lon="120.35770498216152">
        <ele>2.72</ele>
      </trkpt>
      <trkpt lat="23.988813422620296" lon="120.3577046468854">
        <ele>2.75</ele>
      </trkpt>
      <trkpt lat="23.988812249153852" lon="120.35770397633314">
        <ele>2.77</ele>
      </trkpt>
      <trkpt lat="23.988811327144504" lon="120.35770338959992">
        <ele>2.79</ele>
      </trkpt>
      <trkpt lat="23.988810824230313" lon="120.35770313814282">
        <ele>2.8</ele>
      </trkpt>
      <trkpt lat="23.988809818401933" lon="120.35770246759057">
        <ele>2.82</ele>
      </trkpt>
      <trkpt lat="23.98869046010077" lon="120.35762786865234">
        <ele>2.82</ele>
      </trkpt>
      <trkpt lat="23.988447971642017" lon="120.35748520866036">
        <ele>2.79</ele>
      </trkpt>
      <trkpt lat="23.988205483183265" lon="120.35734254866838">
        <ele>2.79</ele>
      </trkpt>
      <trkpt lat="23.98796089924872" lon="120.35719871520996">
        <ele>2.78</ele>
      </trkpt>
      <trkpt lat="23.987704161554575" lon="120.35704893060029">
        <ele>2.8</ele>
      </trkpt>
      <trkpt lat="23.98744591511786" lon="120.3568983078003">
        <ele>2.77</ele>
      </trkpt>
      <trkpt lat="23.987178448587656" lon="120.35674852319062">
        <ele>2.68</ele>
      </trkpt>
      <trkpt lat="23.986911065876484" lon="120.35659873858094">
        <ele>2.65</ele>
      </trkpt>
      <trkpt lat="23.986643683165312" lon="120.3564490377903">
        <ele>2.64</ele>
      </trkpt>
      <trkpt lat="23.986373031511903" lon="120.35629749298096">
        <ele>2.63</ele>
      </trkpt>
      <trkpt lat="23.9861314650625" lon="120.35614770837128">
        <ele>2.65</ele>
      </trkpt>
      <trkpt lat="23.985889982432127" lon="120.3559979237616">
        <ele>2.67</ele>
      </trkpt>
      <trkpt lat="23.985648499801755" lon="120.35584813915193">
        <ele>2.65</ele>
      </trkpt>
      <trkpt lat="23.985407017171383" lon="120.35569835454226">
        <ele>2.56</ele>
      </trkpt>
      <trkpt lat="23.98516553454101" lon="120.35554856993258">
        <ele>2.5</ele>
      </trkpt>
      <trkpt lat="23.98492405191064" lon="120.3553987853229">
        <ele>2.47</ele>
      </trkpt>
      <trkpt lat="23.98467779159546" lon="120.35524606704712">
        <ele>2.45</ele>
      </trkpt>
      <trkpt lat="23.984517361968756" lon="120.35516048781574">
        <ele>2.42</ele>
      </trkpt>
      <trkpt lat="23.984356010332704" lon="120.35507440567017">
        <ele>2.39</ele>
      </trkpt>
      <trkpt lat="23.984098518267274" lon="120.35498857498169">
        <ele>2.34</ele>
      </trkpt>
      <trkpt lat="23.983927443623543" lon="120.35493509843946">
        <ele>2.28</ele>
      </trkpt>
      <trkpt lat="23.983755195513368" lon="120.3548812866211">
        <ele>2.23</ele>
      </trkpt>
      <trkpt lat="23.98349334485829" lon="120.35483317449689">
        <ele>2.15</ele>
      </trkpt>
      <trkpt lat="23.98323157802224" lon="120.35478506237268">
        <ele>2.08</ele>
      </trkpt>
      <trkpt lat="23.982969811186194" lon="120.35473703406751">
        <ele>2.04</ele>
      </trkpt>
      <trkpt lat="23.98270376957953" lon="120.35468816757202">
        <ele>2.03</ele>
      </trkpt>
      <trkpt lat="23.982703685760498" lon="120.35468816757202">
        <ele>2.0</ele>
      </trkpt>
      <trkpt lat="23.98240872658789" lon="120.35463687032461">
        <ele>1.97</ele>
      </trkpt>
      <trkpt lat="23.982113851234317" lon="120.3545855730772">
        <ele>1.93</ele>
      </trkpt>
      <trkpt lat="23.981818975880742" lon="120.35453427582979">
        <ele>1.91</ele>
      </trkpt>
      <trkpt lat="23.981524100527167" lon="120.35448297858238">
        <ele>1.87</ele>
      </trkpt>
      <trkpt lat="23.98122319020331" lon="120.35443067550659">
        <ele>1.85</ele>
      </trkpt>
      <trkpt lat="23.98096670396626" lon="120.35442212596536">
        <ele>1.83</ele>
      </trkpt>
      <trkpt lat="23.980710301548243" lon="120.35441357642412">
        <ele>1.85</ele>
      </trkpt>
      <trkpt lat="23.980453899130225" lon="120.35440502688289">
        <ele>1.89</ele>
      </trkpt>
      <trkpt lat="23.980197412893176" lon="120.35439647734165">
        <ele>1.92</ele>
      </trkpt>
      <trkpt lat="23.97993564605713" lon="120.35438776016235">
        <ele>1.94</ele>
      </trkpt>
      <trkpt lat="23.97976465523243" lon="120.35436638630927">
        <ele>1.93</ele>
      </trkpt>
      <trkpt lat="23.979592323303223" lon="120.35434484481812">
        <ele>1.91</ele>
      </trkpt>
      <trkpt lat="23.979356288909912" lon="120.35428047180176">
        <ele>1.86</ele>
      </trkpt>
      <trkpt lat="23.979098796844482" lon="120.35415172576904">
        <ele>1.83</ele>
      </trkpt>
      <trkpt lat="23.978830240666866" lon="120.35401619039476">
        <ele>1.83</ele>
      </trkpt>
      <trkpt lat="23.97856168448925" lon="120.3538807388395">
        <ele>1.8</ele>
      </trkpt>
      <trkpt lat="23.978293128311634" lon="120.35374528728426">
        <ele>1.79</ele>
      </trkpt>
      <trkpt lat="23.97802465595305" lon="120.353609835729">
        <ele>1.79</ele>
      </trkpt>
      <trkpt lat="23.977756099775434" lon="120.35347438417375">
        <ele>1.82</ele>
      </trkpt>
      <trkpt lat="23.977487543597817" lon="120.3533389326185">
        <ele>1.84</ele>
      </trkpt>
      <trkpt lat="23.9772189874202" lon="120.35320348106325">
        <ele>1.84</ele>
      </trkpt>
      <trkpt lat="23.976950515061617" lon="120.353068029508">
        <ele>1.88</ele>
      </trkpt>
      <trkpt lat="23.97667416371405" lon="120.35292863845825">
        <ele>1.92</ele>
      </trkpt>
      <trkpt lat="23.97641667164862" lon="120.35279989242554">
        <ele>1.93</ele>
      </trkpt>
      <trkpt lat="23.97614928893745" lon="120.35266083665192">
        <ele>1.93</ele>
      </trkpt>
      <trkpt lat="23.975880229845643" lon="120.35252094268799">
        <ele>1.93</ele>
      </trkpt>
      <trkpt lat="23.975655594840646" lon="120.35240326076746">
        <ele>1.92</ele>
      </trkpt>
      <trkpt lat="23.97543095983565" lon="120.35228557884693">
        <ele>1.9</ele>
      </trkpt>
      <trkpt lat="23.97520632483065" lon="120.35216798074543">
        <ele>1.87</ele>
      </trkpt>
      <trkpt lat="23.974978923797607" lon="120.35204887390137">
        <ele>1.87</ele>
      </trkpt>
      <trkpt lat="23.974707014858723" lon="120.35191744565964">
        <ele>1.92</ele>
      </trkpt>
      <trkpt lat="23.974435105919838" lon="120.35178610123694">
        <ele>1.98</ele>
      </trkpt>
      <trkpt lat="23.974163196980953" lon="120.35165467299521">
        <ele>2.05</ele>
      </trkpt>
      <trkpt lat="23.97389128804207" lon="120.35152332857251">
        <ele>2.11</ele>
      </trkpt>
      <trkpt lat="23.973619379103184" lon="120.35139190033078">
        <ele>2.13</ele>
      </trkpt>
      <trkpt lat="23.9733474701643" lon="120.35126055590808">
        <ele>2.11</ele>
      </trkpt>
      <trkpt lat="23.973069274798036" lon="120.35112619400024">
        <ele>2.15</ele>
      </trkpt>
      <trkpt lat="23.972830306738615" lon="120.35099065862596">
        <ele>2.21</ele>
      </trkpt>
      <trkpt lat="23.972591422498226" lon="120.35085520707071">
        <ele>2.27</ele>
      </trkpt>
      <trkpt lat="23.972352538257837" lon="120.35071967169642">
        <ele>2.31</ele>
      </trkpt>
      <trkpt lat="23.97211365401745" lon="120.35058422014117">
        <ele>2.31</ele>
      </trkpt>
      <trkpt lat="23.97187476977706" lon="120.35044868476689">
        <ele>2.37</ele>
      </trkpt>
      <trkpt lat="23.971631610766053" lon="120.35031080245972">
        <ele>2.42</ele>
      </trkpt>
      <trkpt lat="23.971439078450203" lon="120.35021449439228">
        <ele>2.48</ele>
      </trkpt>
      <trkpt lat="23.97124537266791" lon="120.35011768341064">
        <ele>2.54</ele>
      </trkpt>
      <trkpt lat="23.97103138267994" lon="120.35000000149012">
        <ele>2.57</ele>
      </trkpt>
      <trkpt lat="23.970816219225526" lon="120.34988164901733">
        <ele>2.63</ele>
      </trkpt>
      <trkpt lat="23.97067707963288" lon="120.34979598596692">
        <ele>2.69</ele>
      </trkpt>
      <trkpt lat="23.970537269487977" lon="120.34970998764038">
        <ele>2.73</ele>
      </trkpt>
      <trkpt lat="23.970323279500008" lon="120.34959230571985">
        <ele>2.78</ele>
      </trkpt>
      <trkpt lat="23.970108116045594" lon="120.34947395324707">
        <ele>2.82</ele>
      </trkpt>
      <trkpt lat="23.96985137835145" lon="120.34933489747345">
        <ele>2.87</ele>
      </trkpt>
      <trkpt lat="23.969594724476337" lon="120.34919584169984">
        <ele>2.96</ele>
      </trkpt>
      <trkpt lat="23.969337986782193" lon="120.34905678592622">
        <ele>3.04</ele>
      </trkpt>
      <trkpt lat="23.96908133290708" lon="120.3489177301526">
        <ele>3.15</ele>
      </trkpt>
      <trkpt lat="23.968824595212936" lon="120.34877867437899">
        <ele>3.24</ele>
      </trkpt>
      <trkpt lat="23.968567941337824" lon="120.34863961860538">
        <ele>3.28</ele>
      </trkpt>
      <trkpt lat="23.96831120364368" lon="120.34850064665079">
        <ele>3.26</ele>
      </trkpt>
      <trkpt lat="23.968054549768567" lon="120.34836159087718">
        <ele>3.22</ele>
      </trkpt>
      <trkpt lat="23.967797812074423" lon="120.34822253510356">
        <ele>3.24</ele>
      </trkpt>
      <trkpt lat="23.967533195391297" lon="120.34807920455933">
        <ele>3.3</ele>
      </trkpt>
      <trkpt lat="23.9673085603863" lon="120.34796688705683">
        <ele>3.37</ele>
      </trkpt>
      <trkpt lat="23.967084009200335" lon="120.34785456955433">
        <ele>3.41</ele>
      </trkpt>
      <trkpt lat="23.96685945801437" lon="120.34774233587086">
        <ele>3.44</ele>
      </trkpt>
      <trkpt lat="23.966631973162293" lon="120.34762859344482">
        <ele>3.48</ele>
      </trkpt>
      <trkpt lat="23.966356543824077" lon="120.34749221988022">
        <ele>3.54</ele>
      </trkpt>
      <trkpt lat="23.96608119830489" lon="120.34735584631562">
        <ele>3.58</ele>
      </trkpt>
      <trkpt lat="23.965805768966675" lon="120.34721947275102">
        <ele>3.57</ele>
      </trkpt>
      <trkpt lat="23.96553042344749" lon="120.34708318300545">
        <ele>3.59</ele>
      </trkpt>
      <trkpt lat="23.965255077928305" lon="120.34694680944085">
        <ele>3.64</ele>
      </trkpt>
      <trkpt lat="23.964979648590088" lon="120.34681043587625">
        <ele>3.62</ele>
      </trkpt>
      <trkpt lat="23.964704303070903" lon="120.34667414613068">
        <ele>3.6</ele>
      </trkpt>
      <trkpt lat="23.96442174911499" lon="120.34653425216675">
        <ele>3.61</ele>
      </trkpt>
      <trkpt lat="23.96417934447527" lon="120.34641304984689">
        <ele>3.6</ele>
      </trkpt>
      <trkpt lat="23.96393693983555" lon="120.34629184752703">
        <ele>3.59</ele>
      </trkpt>
      <trkpt lat="23.963694535195827" lon="120.34617064520717">
        <ele>3.6</ele>
      </trkpt>
      <trkpt lat="23.963452130556107" lon="120.3460494428873">
        <ele>3.62</ele>
      </trkpt>
      <trkpt lat="23.963209809735417" lon="120.34592824056745">
        <ele>3.63</ele>
      </trkpt>
      <trkpt lat="23.96296271122992" lon="120.3458046913147">
        <ele>3.64</ele>
      </trkpt>
      <trkpt lat="23.962780823931098" lon="120.34570838324726">
        <ele>3.63</ele>
      </trkpt>
      <trkpt lat="23.962597846984863" lon="120.34561157226562">
        <ele>3.61</ele>
      </trkpt>
      <trkpt lat="23.96234110929072" lon="120.34547251649201">
        <ele>3.57</ele>
      </trkpt>
      <trkpt lat="23.962084455415606" lon="120.3453334607184">
        <ele>3.52</ele>
      </trkpt>
      <trkpt lat="23.961827801540494" lon="120.34519440494478">
        <ele>3.5</ele>
      </trkpt>
      <trkpt lat="23.96157106384635" lon="120.34505534917116">
        <ele>3.52</ele>
      </trkpt>
      <trkpt lat="23.961314409971237" lon="120.34491629339755">
        <ele>3.52</ele>
      </trkpt>
      <trkpt lat="23.961052978411317" lon="120.34477472305298">
        <ele>3.49</ele>
      </trkpt>
      <trkpt lat="23.961052894592285" lon="120.34477472305298">
        <ele>3.45</ele>
      </trkpt>
      <trkpt lat="23.96078190766275" lon="120.34462854266167">
        <ele>3.42</ele>
      </trkpt>
      <trkpt lat="23.960511004552245" lon="120.34448236227036">
        <ele>3.36</ele>
      </trkpt>
      <trkpt lat="23.96024001762271" lon="120.34433618187904">
        <ele>3.29</ele>
      </trkpt>
      <trkpt lat="23.959969114512205" lon="120.34419000148773">
        <ele>3.25</ele>
      </trkpt>
      <trkpt lat="23.9596982114017" lon="120.34404382109642">
        <ele>3.25</ele>
      </trkpt>
      <trkpt lat="23.959422195330262" lon="120.3438949584961">
        <ele>3.21</ele>
      </trkpt>
      <trkpt lat="23.95942211151123" lon="120.3438949584961">
        <ele>3.16</ele>
      </trkpt>
      <trkpt lat="23.95918322727084" lon="120.34376302734017">
        <ele>3.1</ele>
      </trkpt>
      <trkpt lat="23.958944343030453" lon="120.34363109618425">
        <ele>3.04</ele>
      </trkpt>
      <trkpt lat="23.958705458790064" lon="120.34349916502833">
        <ele>2.98</ele>
      </trkpt>
      <trkpt lat="23.958466658368707" lon="120.34336723387241">
        <ele>2.9</ele>
      </trkpt>
      <trkpt lat="23.958227774128318" lon="120.3432353027165">
        <ele>2.83</ele>
      </trkpt>
      <trkpt lat="23.95798453129828" lon="120.34310102462769">
        <ele>2.75</ele>
      </trkpt>
      <trkpt lat="23.957802560180426" lon="120.34298325888813">
        <ele>2.69</ele>
      </trkpt>
      <trkpt lat="23.957619667053223" lon="120.34286499023438">
        <ele>2.67</ele>
      </trkpt>
      <trkpt lat="23.957469714805484" lon="120.3427257668227">
        <ele>2.62</ele>
      </trkpt>
      <trkpt lat="23.957319259643555" lon="120.34258604049683">
        <ele>2.56</ele>
      </trkpt>
      <trkpt lat="23.95716905593872" lon="120.34241437911987">
        <ele>2.47</ele>
      </trkpt>
      <trkpt lat="23.957040393725038" lon="120.34223207272589">
        <ele>2.38</ele>
      </trkpt>
      <trkpt lat="23.95691156387329" lon="120.34204959869385">
        <ele>2.31</ele>
      </trkpt>
      <trkpt lat="23.956736382097006" lon="120.34177073277533">
        <ele>2.26</ele>
      </trkpt>
      <trkpt lat="23.95656120032072" lon="120.34149186685681">
        <ele>2.23</ele>
      </trkpt>
      <trkpt lat="23.956386102363467" lon="120.3412130009383">
        <ele>2.17</ele>
      </trkpt>
      <trkpt lat="23.956210920587182" lon="120.34093421883881">
        <ele>2.11</ele>
      </trkpt>
      <trkpt lat="23.956035738810897" lon="120.3406553529203">
        <ele>2.06</ele>
      </trkpt>
      <trkpt lat="23.955860221758485" lon="120.34037590026855">
        <ele>2.0</ele>
      </trkpt>
      <trkpt lat="23.95568856038153" lon="120.34010508097708">
        <ele>1.94</ele>
      </trkpt>
      <trkpt lat="23.95551698282361" lon="120.33983426168561">
        <ele>1.88</ele>
      </trkpt>
      <trkpt lat="23.95534540526569" lon="120.33956352621317">
        <ele>1.85</ele>
      </trkpt>
      <trkpt lat="23.955173827707767" lon="120.3392927069217">
        <ele>1.86</ele>
      </trkpt>
      <trkpt lat="23.955002250149846" lon="120.33902188763022">
        <ele>1.84</ele>
      </trkpt>
      <trkpt lat="23.954830672591925" lon="120.33875115215778">
        <ele>1.81</ele>
      </trkpt>
      <trkpt lat="23.954659095034003" lon="120.33848033286631">
        <ele>1.78</ele>
      </trkpt>
      <trkpt lat="23.95448693074286" lon="120.33820867538452">
        <ele>1.78</ele>
      </trkpt>
      <trkpt lat="23.954401100054383" lon="120.3380799293518">
        <ele>1.81</ele>
      </trkpt>
      <trkpt lat="23.95440101623535" lon="120.3380799293518">
        <ele>1.81</ele>
      </trkpt>
      <trkpt lat="23.954230779781938" lon="120.33780961297452">
        <ele>1.88</ele>
      </trkpt>
      <trkpt lat="23.954060627147555" lon="120.33753938041627">
        <ele>1.95</ele>
      </trkpt>
      <trkpt lat="23.953890474513173" lon="120.33726906403899">
        <ele>1.97</ele>
      </trkpt>
      <trkpt lat="23.95372032187879" lon="120.33699883148074">
        <ele>1.96</ele>
      </trkpt>
      <trkpt lat="23.95355016924441" lon="120.33672859892249">
        <ele>1.94</ele>
      </trkpt>
      <trkpt lat="23.953380016610026" lon="120.33645828254521">
        <ele>1.97</ele>
      </trkpt>
      <trkpt lat="23.953209863975644" lon="120.33618804998696">
        <ele>2.01</ele>
      </trkpt>
      <trkpt lat="23.953039711341262" lon="120.33591781742871">
        <ele>2.03</ele>
      </trkpt>
      <trkpt lat="23.95286955870688" lon="120.33564750105143">
        <ele>2.06</ele>
      </trkpt>
      <trkpt lat="23.952699406072497" lon="120.33537726849318">
        <ele>2.09</ele>
      </trkpt>
      <trkpt lat="23.952529253438115" lon="120.33510703593493">
        <ele>2.14</ele>
      </trkpt>
      <trkpt lat="23.952359100803733" lon="120.33483671955764">
        <ele>2.21</ele>
      </trkpt>
      <trkpt lat="23.95218894816935" lon="120.33456648699939">
        <ele>2.29</ele>
      </trkpt>
      <trkpt lat="23.95201879553497" lon="120.33429625444114">
        <ele>2.36</ele>
      </trkpt>
      <trkpt lat="23.951847637072206" lon="120.33402442932129">
        <ele>2.44</ele>
      </trkpt>
      <trkpt lat="23.951847553253174" lon="120.33402442932129">
        <ele>2.51</ele>
      </trkpt>
      <trkpt lat="23.9517080783844" lon="120.33380993641913">
        <ele>2.57</ele>
      </trkpt>
      <trkpt lat="23.951568687334657" lon="120.33359544351697">
        <ele>2.67</ele>
      </trkpt>
      <trkpt lat="23.951429296284914" lon="120.33338095061481">
        <ele>2.76</ele>
      </trkpt>
      <trkpt lat="23.951289653778076" lon="120.33316612243652">
        <ele>2.83</ele>
      </trkpt>
      <trkpt lat="23.951139450073242" lon="120.33299446105957">
        <ele>2.89</ele>
      </trkpt>
      <trkpt lat="23.95092487335205" lon="120.33275842666626">
        <ele>2.94</ele>
      </trkpt>
      <trkpt lat="23.95073175430298" lon="120.33262968063354">
        <ele>3.0</ele>
      </trkpt>
      <trkpt lat="23.95053922198713" lon="120.33251199871302">
        <ele>3.09</ele>
      </trkpt>
      <trkpt lat="23.950345600023866" lon="120.33239364624023">
        <ele>3.19</ele>
      </trkpt>
      <trkpt lat="23.950160276144743" lon="120.3323053009808">
        <ele>3.3</ele>
      </trkpt>
      <trkpt lat="23.95016010850668" lon="120.33230521716177">
        <ele>3.37</ele>
      </trkpt>
      <trkpt lat="23.950159857049584" lon="120.33230513334274">
        <ele>3.45</ele>
      </trkpt>
      <trkpt lat="23.949883421882987" lon="120.33217328600585">
        <ele>3.59</ele>
      </trkpt>
      <trkpt lat="23.94984151236713" lon="120.33215325325727">
        <ele>3.67</ele>
      </trkpt>
      <trkpt lat="23.949840422719717" lon="120.33215275034308">
        <ele>3.74</ele>
      </trkpt>
      <trkpt lat="23.949839835986495" lon="120.33215249888599">
        <ele>3.8</ele>
      </trkpt>
      <trkpt lat="23.949838746339083" lon="120.3321519959718">
        <ele>3.86</ele>
      </trkpt>
      <trkpt lat="23.949837824329734" lon="120.33215157687664">
        <ele>3.91</ele>
      </trkpt>
      <trkpt lat="23.949837321415544" lon="120.33215132541955">
        <ele>3.96</ele>
      </trkpt>
      <trkpt lat="23.949836315587163" lon="120.33215082250535">
        <ele>4.01</ele>
      </trkpt>
      <trkpt lat="23.949606651440263" lon="120.3320412710309">
        <ele>4.05</ele>
      </trkpt>
      <trkpt lat="23.94932988099754" lon="120.33190933987498">
        <ele>4.06</ele>
      </trkpt>
      <trkpt lat="23.949053110554814" lon="120.33177732490003">
        <ele>4.04</ele>
      </trkpt>
      <trkpt lat="23.94877634011209" lon="120.33164530992508">
        <ele>4.04</ele>
      </trkpt>
      <trkpt lat="23.948499485850334" lon="120.33151337876916">
        <ele>4.07</ele>
      </trkpt>
      <trkpt lat="23.94822271540761" lon="120.33138136379421">
        <ele>4.1</ele>
      </trkpt>
      <trkpt lat="23.947945944964886" lon="120.33124943263829">
        <ele>4.1</ele>
      </trkpt>
      <trkpt lat="23.94766917452216" lon="120.33111741766334">
        <ele>4.12</ele>
      </trkpt>
      <trkpt lat="23.947392404079437" lon="120.33098548650742">
        <ele>4.21</ele>
      </trkpt>
      <trkpt lat="23.947105491533875" lon="120.33084869384766">
        <ele>4.28</ele>
      </trkpt>
      <trkpt lat="23.946945061907172" lon="120.33076311461627">
        <ele>4.27</ele>
      </trkpt>
      <trkpt lat="23.94678362645209" lon="120.3306770324707">
        <ele>4.22</ele>
      </trkpt>
      <trkpt lat="23.946526804938912" lon="120.33052112907171">
        <ele>4.1</ele>
      </trkpt>
      <trkpt lat="23.946270067244768" lon="120.33036522567272">
        <ele>4.06</ele>
      </trkpt>
      <trkpt lat="23.946013329550624" lon="120.33020932227373">
        <ele>4.01</ele>
      </trkpt>
      <trkpt lat="23.94575659185648" lon="120.33005341887474">
        <ele>3.96</ele>
      </trkpt>
      <trkpt lat="23.945499854162335" lon="120.32989759929478">
        <ele>3.93</ele>
      </trkpt>
      <trkpt lat="23.94524311646819" lon="120.32974169589579">
        <ele>3.92</ele>
      </trkpt>
      <trkpt lat="23.94498118199408" lon="120.32958269119263">
        <ele>3.87</ele>
      </trkpt>
      <trkpt lat="23.944727461785078" lon="120.32942980527878">
        <ele>3.76</ele>
      </trkpt>
      <trkpt lat="23.944473741576076" lon="120.32927700318396">
        <ele>3.64</ele>
      </trkpt>
      <trkpt lat="23.944220105186105" lon="120.32912420108914">
        <ele>3.56</ele>
      </trkpt>
      <trkpt lat="23.943966384977102" lon="120.3289713151753">
        <ele>3.51</ele>
      </trkpt>
      <trkpt lat="23.94371274858713" lon="120.32881851308048">
        <ele>3.46</ele>
      </trkpt>
      <trkpt lat="23.94345902837813" lon="120.32866571098566">
        <ele>3.45</ele>
      </trkpt>
      <trkpt lat="23.943200195208192" lon="120.32850980758667">
        <ele>3.4</ele>
      </trkpt>
      <trkpt lat="23.942943373695016" lon="120.32834929414093">
        <ele>3.36</ele>
      </trkpt>
      <trkpt lat="23.942685211077332" lon="120.32818794250488">
        <ele>3.31</ele>
      </trkpt>
      <trkpt lat="23.94242126494646" lon="120.32803103327751">
        <ele>3.25</ele>
      </trkpt>
      <trkpt lat="23.94215740263462" lon="120.32787412405014">
        <ele>3.17</ele>
      </trkpt>
      <trkpt lat="23.94189354032278" lon="120.32771721482277">
        <ele>3.05</ele>
      </trkpt>
      <trkpt lat="23.94162967801094" lon="120.3275603055954">
        <ele>2.96</ele>
      </trkpt>
      <trkpt lat="23.9413658156991" lon="120.32740339636803">
        <ele>2.89</ele>
      </trkpt>
      <trkpt lat="23.94110195338726" lon="120.32724648714066">
        <ele>2.81</ele>
      </trkpt>
      <trkpt lat="23.94083809107542" lon="120.32708966173232">
        <ele>2.72</ele>
      </trkpt>
      <trkpt lat="23.94057422876358" lon="120.32693275250494">
        <ele>2.63</ele>
      </trkpt>
      <trkpt lat="23.940303409472108" lon="120.32677173614502">
        <ele>2.55</ele>
      </trkpt>
      <trkpt lat="23.940303325653076" lon="120.32677173614502">
        <ele>2.48</ele>
      </trkpt>
      <trkpt lat="23.940046587958932" lon="120.32662195153534">
        <ele>2.41</ele>
      </trkpt>
      <trkpt lat="23.939789850264788" lon="120.32647216692567">
        <ele>2.36</ele>
      </trkpt>
      <trkpt lat="23.939533112570643" lon="120.326322382316">
        <ele>2.29</ele>
      </trkpt>
      <trkpt lat="23.93927645869553" lon="120.32617268152535">
        <ele>2.21</ele>
      </trkpt>
      <trkpt lat="23.93901594914496" lon="120.32602071762085">
        <ele>2.11</ele>
      </trkpt>
      <trkpt lat="23.939015865325928" lon="120.32602071762085">
        <ele>2.05</ele>
      </trkpt>
      <trkpt lat="23.93878050148487" lon="120.32587948255241">
        <ele>2.01</ele>
      </trkpt>
      <trkpt lat="23.938545137643814" lon="120.32573824748397">
        <ele>1.97</ele>
      </trkpt>
      <trkpt lat="23.93830985762179" lon="120.32559701241553">
        <ele>1.92</ele>
      </trkpt>
      <trkpt lat="23.938074493780732" lon="120.32545586116612">
        <ele>1.85</ele>
      </trkpt>
      <trkpt lat="23.937835777178407" lon="120.32531261444092">
        <ele>1.76</ele>
      </trkpt>
      <trkpt lat="23.93772848881781" lon="120.32526969909668">
        <ele>1.7</ele>
      </trkpt>
      <trkpt lat="23.937469068914652" lon="120.32511723227799">
        <ele>1.64</ele>
      </trkpt>
      <trkpt lat="23.937209649011493" lon="120.3249647654593">
        <ele>1.6</ele>
      </trkpt>
      <trkpt lat="23.936950229108334" lon="120.32481238245964">
        <ele>1.56</ele>
      </trkpt>
      <trkpt lat="23.936690809205174" lon="120.32465991564095">
        <ele>1.51</ele>
      </trkpt>
      <trkpt lat="23.936431389302015" lon="120.32450744882226">
        <ele>1.45</ele>
      </trkpt>
      <trkpt lat="23.936172053217888" lon="120.3243550658226">
        <ele>1.41</ele>
      </trkpt>
      <trkpt lat="23.93591263331473" lon="120.32420259900391">
        <ele>1.41</ele>
      </trkpt>
      <trkpt lat="23.935647094622254" lon="120.32404661178589">
        <ele>1.41</ele>
      </trkpt>
      <trkpt lat="23.935647010803223" lon="120.32404661178589">
        <ele>1.4</ele>
      </trkpt>
      <trkpt lat="23.9354201965034" lon="120.32390965148807">
        <ele>1.42</ele>
      </trkpt>
      <trkpt lat="23.93519338220358" lon="120.32377269119024">
        <ele>1.47</ele>
      </trkpt>
      <trkpt lat="23.934966567903757" lon="120.32363581471145">
        <ele>1.48</ele>
      </trkpt>
      <trkpt lat="23.934739837422967" lon="120.32349885441363">
        <ele>1.48</ele>
      </trkpt>
      <trkpt lat="23.934509754180908" lon="120.32335996627808">
        <ele>1.45</ele>
      </trkpt>
      <trkpt lat="23.934306493029" lon="120.32325301319361">
        <ele>1.44</ele>
      </trkpt>
      <trkpt lat="23.934102058410645" lon="120.32314538955688">
        <ele>1.44</ele>
      </trkpt>
      <trkpt lat="23.933888068422675" lon="120.3230169788003">
        <ele>1.46</ele>
      </trkpt>
      <trkpt lat="23.933674078434706" lon="120.32288856804371">
        <ele>1.52</ele>
      </trkpt>
      <trkpt lat="23.933460172265768" lon="120.32276024110615">
        <ele>1.62</ele>
      </trkpt>
      <trkpt lat="23.93324375152588" lon="120.32263040542603">
        <ele>1.74</ele>
      </trkpt>
      <trkpt lat="23.932976284995675" lon="120.32246989198029">
        <ele>1.85</ele>
      </trkpt>
      <trkpt lat="23.93270881846547" lon="120.32230946235359">
        <ele>1.94</ele>
      </trkpt>
      <trkpt lat="23.9324414357543" lon="120.32214894890785">
        <ele>2.04</ele>
      </trkpt>
      <trkpt lat="23.932170867919922" lon="120.32198667526245">
        <ele>2.13</ele>
      </trkpt>
      <trkpt lat="23.931946232914925" lon="120.32187972217798">
        <ele>2.21</ele>
      </trkpt>
      <trkpt lat="23.93172025680542" lon="120.32177209854126">
        <ele>2.29</ele>
      </trkpt>
      <trkpt lat="23.93154926598072" lon="120.32172935083508">
        <ele>2.37</ele>
      </trkpt>
      <trkpt lat="23.931376934051514" lon="120.32168626785278">
        <ele>2.43</ele>
      </trkpt>
      <trkpt lat="23.9312481880188" lon="120.32155752182007">
        <ele>2.51</ele>
      </trkpt>
      <trkpt lat="23.931119441986084" lon="120.32145023345947">
        <ele>2.59</ele>
      </trkpt>
      <trkpt lat="23.930876031517982" lon="120.32130849547684">
        <ele>2.67</ele>
      </trkpt>
      <trkpt lat="23.930632704868913" lon="120.32116675749421">
        <ele>2.73</ele>
      </trkpt>
      <trkpt lat="23.930389378219843" lon="120.32102501951158">
        <ele>2.79</ele>
      </trkpt>
      <trkpt lat="23.930146051570773" lon="120.32088328152895">
        <ele>2.88</ele>
      </trkpt>
      <trkpt lat="23.92990264110267" lon="120.32074154354632">
        <ele>2.98</ele>
      </trkpt>
      <trkpt lat="23.929659314453602" lon="120.32059980556369">
        <ele>3.1</ele>
      </trkpt>
      <trkpt lat="23.929415987804532" lon="120.32045806758106">
        <ele>3.22</ele>
      </trkpt>
      <trkpt lat="23.929166877642274" lon="120.32031297683716">
        <ele>3.33</ele>
      </trkpt>
      <trkpt lat="23.929017009213567" lon="120.32021666876972">
        <ele>3.44</ele>
      </trkpt>
      <trkpt lat="23.928866470232606" lon="120.32011985778809">
        <ele>3.55</ele>
      </trkpt>
      <trkpt lat="23.928599003702402" lon="120.31997007317841">
        <ele>3.67</ele>
      </trkpt>
      <trkpt lat="23.928330028429627" lon="120.31981945037842">
        <ele>3.78</ele>
      </trkpt>
      <trkpt lat="23.92822274006903" lon="120.31975507736206">
        <ele>3.87</ele>
      </trkpt>
      <trkpt lat="23.928136909380555" lon="120.31971216201782">
        <ele>3.94</ele>
      </trkpt>
      <trkpt lat="23.927879417315125" lon="120.31956195831299">
        <ele>3.98</ele>
      </trkpt>
      <trkpt lat="23.927740277722478" lon="120.31947629526258">
        <ele>4.05</ele>
      </trkpt>
      <trkpt lat="23.927600467577577" lon="120.31939029693604">
        <ele>4.11</ele>
      </trkpt>
      <trkpt lat="23.927407851442695" lon="120.3192726150155">
        <ele>4.19</ele>
      </trkpt>
      <trkpt lat="23.927214229479432" lon="120.31915426254272">
        <ele>4.27</ele>
      </trkpt>
      <trkpt lat="23.9272141456604" lon="120.31915426254272">
        <ele>4.33</ele>
      </trkpt>
      <trkpt lat="23.927128398790956" lon="120.31911134719849">
        <ele>4.38</ele>
      </trkpt>
      <trkpt lat="23.926913822069764" lon="120.31898260116577">
        <ele>4.44</ele>
      </trkpt>
      <trkpt lat="23.926678458228707" lon="120.31884346157312">
        <ele>4.52</ele>
      </trkpt>
      <trkpt lat="23.926441753283143" lon="120.31870365142822">
        <ele>4.58</ele>
      </trkpt>
      <trkpt lat="23.92624863423407" lon="120.31859636306763">
        <ele>4.6</ele>
      </trkpt>
      <trkpt lat="23.925969684496522" lon="120.3184461593628">
        <ele>4.59</ele>
      </trkpt>
      <trkpt lat="23.92596960067749" lon="120.3184461593628">
        <ele>4.61</ele>
      </trkpt>
      <trkpt lat="23.925734236836433" lon="120.31830349937081">
        <ele>4.58</ele>
      </trkpt>
      <trkpt lat="23.925498872995377" lon="120.31816083937883">
        <ele>4.59</ele>
      </trkpt>
      <trkpt lat="23.92526149749756" lon="120.31801700592041">
        <ele>4.59</ele>
      </trkpt>
      <trkpt lat="23.925054715946317" lon="120.31789571978152">
        <ele>4.6</ele>
      </trkpt>
      <trkpt lat="23.924847934395075" lon="120.31777451746166">
        <ele>4.58</ele>
      </trkpt>
      <trkpt lat="23.924639308825135" lon="120.31765222549438">
        <ele>4.56</ele>
      </trkpt>
      <trkpt lat="23.92438785172999" lon="120.31749707646668">
        <ele>4.53</ele>
      </trkpt>
      <trkpt lat="23.924136478453875" lon="120.31734192743897">
        <ele>4.48</ele>
      </trkpt>
      <trkpt lat="23.92388502135873" lon="120.31718677841127">
        <ele>4.42</ele>
      </trkpt>
      <trkpt lat="23.923630798235536" lon="120.31702995300293">
        <ele>4.34</ele>
      </trkpt>
      <trkpt lat="23.923427453264594" lon="120.31690154224634">
        <ele>4.27</ele>
      </trkpt>
      <trkpt lat="23.923223102465272" lon="120.3167724609375">
        <ele>4.28</ele>
      </trkpt>
      <trkpt lat="23.922972232103348" lon="120.3165705408901">
        <ele>4.28</ele>
      </trkpt>
      <trkpt lat="23.922721445560455" lon="120.31636870466173">
        <ele>4.18</ele>
      </trkpt>
      <trkpt lat="23.922470659017563" lon="120.31616686843336">
        <ele>4.08</ele>
      </trkpt>
      <trkpt lat="23.92221978865564" lon="120.31596494838595">
        <ele>3.99</ele>
      </trkpt>
      <trkpt lat="23.921969002112746" lon="120.31576311215758">
        <ele>3.93</ele>
      </trkpt>
      <trkpt lat="23.921718215569854" lon="120.31556127592921">
        <ele>3.83</ele>
      </trkpt>
      <trkpt lat="23.92146348953247" lon="120.31535625457764">
        <ele>3.75</ele>
      </trkpt>
      <trkpt lat="23.92123860307038" lon="120.31515274196863">
        <ele>3.7</ele>
      </trkpt>
      <trkpt lat="23.921012962237" lon="120.31494855880737">
        <ele>3.65</ele>
      </trkpt>
      <trkpt lat="23.92101287841797" lon="120.31494855880737">
        <ele>3.57</ele>
      </trkpt>
      <trkpt lat="23.920798636972904" lon="120.31475150026381">
        <ele>3.49</ele>
      </trkpt>
      <trkpt lat="23.92058447934687" lon="120.31455444172025">
        <ele>3.41</ele>
      </trkpt>
      <trkpt lat="23.92037032172084" lon="120.31435738317668">
        <ele>3.33</ele>
      </trkpt>
      <trkpt lat="23.920156164094806" lon="120.31416032463312">
        <ele>3.25</ele>
      </trkpt>
      <trkpt lat="23.91993999481201" lon="120.31396150588989">
        <ele>3.13</ele>
      </trkpt>
      <trkpt lat="23.919811248779297" lon="120.31378984451294">
        <ele>3.02</ele>
      </trkpt>
      <trkpt lat="23.9197039604187" lon="120.31357526779175">
        <ele>2.94</ele>
      </trkpt>
      <trkpt lat="23.919455939903855" lon="120.31348113901913">
        <ele>2.87</ele>
      </trkpt>
      <trkpt lat="23.91920791938901" lon="120.31338709406555">
        <ele>2.8</ele>
      </trkpt>
      <trkpt lat="23.918959898874164" lon="120.31329296529293">
        <ele>2.71</ele>
      </trkpt>
      <trkpt lat="23.918711878359318" lon="120.31319892033935">
        <ele>2.64</ele>
      </trkpt>
      <trkpt lat="23.91845941543579" lon="120.31310319900513">
        <ele>2.59</ele>
      </trkpt>
      <trkpt lat="23.9182448387146" lon="120.31303882598877">
        <ele>2.53</ele>
      </trkpt>
      <trkpt lat="23.918073177337646" lon="120.31301736831665">
        <ele>2.46</ele>
      </trkpt>
      <trkpt lat="23.917891290038824" lon="120.31291033141315">
        <ele>2.38</ele>
      </trkpt>
      <trkpt lat="23.91770839691162" lon="120.31280279159546">
        <ele>2.3</ele>
      </trkpt>
      <trkpt lat="23.917536735534668" lon="120.3127384185791">
        <ele>2.24</ele>
      </trkpt>
      <trkpt lat="23.917274801060557" lon="120.31263682991266">
        <ele>2.22</ele>
      </trkpt>
      <trkpt lat="23.91701295040548" lon="120.31253524124622">
        <ele>2.18</ele>
      </trkpt>
      <trkpt lat="23.916751015931368" lon="120.31243373639882">
        <ele>2.11</ele>
      </trkpt>
      <trkpt lat="23.916485393419862" lon="120.31233072280884">
        <ele>2.06</ele>
      </trkpt>
      <trkpt lat="23.91624483279884" lon="120.31223449856043">
        <ele>2.02</ele>
      </trkpt>
      <trkpt lat="23.916004272177815" lon="120.31213827431202">
        <ele>2.02</ele>
      </trkpt>
      <trkpt lat="23.915763711556792" lon="120.31204205006361">
        <ele>1.99</ele>
      </trkpt>
      <trkpt lat="23.9155197981745" lon="120.3119444847107">
        <ele>1.95</ele>
      </trkpt>
      <trkpt lat="23.915251325815916" lon="120.31184230931103">
        <ele>1.9</ele>
      </trkpt>
      <trkpt lat="23.91498285345733" lon="120.31174013391137">
        <ele>1.87</ele>
      </trkpt>
      <trkpt lat="23.914714381098747" lon="120.31163795851171">
        <ele>1.87</ele>
      </trkpt>
      <trkpt lat="23.914445992559195" lon="120.31153586693108">
        <ele>1.86</ele>
      </trkpt>
      <trkpt lat="23.91417752020061" lon="120.31143369153142">
        <ele>1.82</ele>
      </trkpt>
      <trkpt lat="23.913909047842026" lon="120.31133151613176">
        <ele>1.78</ele>
      </trkpt>
      <trkpt lat="23.91364057548344" lon="120.31122942455113">
        <ele>1.78</ele>
      </trkpt>
      <trkpt lat="23.91337218694389" lon="120.31112724915147">
        <ele>1.81</ele>
      </trkpt>
      <trkpt lat="23.913094997406006" lon="120.31102180480957">
        <ele>1.86</ele>
      </trkpt>
      <trkpt lat="23.912837505340576" lon="120.3109359741211">
        <ele>1.85</ele>
      </trkpt>
      <trkpt lat="23.912554616108537" lon="120.31082902103662">
        <ele>1.82</ele>
      </trkpt>
      <trkpt lat="23.912271726876497" lon="120.31072215177119">
        <ele>1.82</ele>
      </trkpt>
      <trkpt lat="23.911988837644458" lon="120.31061519868672">
        <ele>1.82</ele>
      </trkpt>
      <trkpt lat="23.91170603223145" lon="120.31050832942128">
        <ele>1.83</ele>
      </trkpt>
      <trkpt lat="23.91142314299941" lon="120.31040146015584">
        <ele>1.82</ele>
      </trkpt>
      <trkpt lat="23.91114025376737" lon="120.31029450707138">
        <ele>1.83</ele>
      </trkpt>
      <trkpt lat="23.91085736453533" lon="120.31018763780594">
        <ele>1.83</ele>
      </trkpt>
      <trkpt lat="23.910574559122324" lon="120.31008068472147">
        <ele>1.84</ele>
      </trkpt>
      <trkpt lat="23.910291669890285" lon="120.30997381545603">
        <ele>1.85</ele>
      </trkpt>
      <trkpt lat="23.910008780658245" lon="120.3098669461906">
        <ele>1.86</ele>
      </trkpt>
      <trkpt lat="23.909725891426206" lon="120.30975999310613">
        <ele>1.87</ele>
      </trkpt>
      <trkpt lat="23.909443086013198" lon="120.30965312384069">
        <ele>1.89</ele>
      </trkpt>
      <trkpt lat="23.909146869555116" lon="120.30954122543335">
        <ele>1.91</ele>
      </trkpt>
      <trkpt lat="23.908876050263643" lon="120.30944139696658">
        <ele>1.96</ele>
      </trkpt>
      <trkpt lat="23.90860523097217" lon="120.30934165231884">
        <ele>2.05</ele>
      </trkpt>
      <trkpt lat="23.9083344116807" lon="120.3092419076711">
        <ele>2.12</ele>
      </trkpt>
      <trkpt lat="23.908063592389226" lon="120.30914207920432">
        <ele>2.16</ele>
      </trkpt>
      <trkpt lat="23.907792773097754" lon="120.30904233455658">
        <ele>2.18</ele>
      </trkpt>
      <trkpt lat="23.90751608647406" lon="120.30894041061401">
        <ele>2.22</ele>
      </trkpt>
      <trkpt lat="23.907252391800284" lon="120.30884058214724">
        <ele>2.27</ele>
      </trkpt>
      <trkpt lat="23.906988697126508" lon="120.3087408374995">
        <ele>2.35</ele>
      </trkpt>
      <trkpt lat="23.906722152605653" lon="120.30864000320435">
        <ele>2.39</ele>
      </trkpt>
      <trkpt lat="23.90672206878662" lon="120.30864000320435">
        <ele>2.43</ele>
      </trkpt>
      <trkpt lat="23.906438257545233" lon="120.30853112228215">
        <ele>2.45</ele>
      </trkpt>
      <trkpt lat="23.906154530122876" lon="120.30842224135995">
        <ele>2.5</ele>
      </trkpt>
      <trkpt lat="23.905870718881488" lon="120.30831344425678">
        <ele>2.57</ele>
      </trkpt>
      <trkpt lat="23.90558699145913" lon="120.30820456333458">
        <ele>2.61</ele>
      </trkpt>
      <trkpt lat="23.905303180217743" lon="120.30809576623142">
        <ele>2.61</ele>
      </trkpt>
      <trkpt lat="23.905019452795386" lon="120.30798688530922">
        <ele>2.61</ele>
      </trkpt>
      <trkpt lat="23.904735641553998" lon="120.30787800438702">
        <ele>2.63</ele>
      </trkpt>
      <trkpt lat="23.90445191413164" lon="120.30776920728385">
        <ele>2.64</ele>
      </trkpt>
      <trkpt lat="23.904168102890253" lon="120.30766032636166">
        <ele>2.69</ele>
      </trkpt>
      <trkpt lat="23.903884375467896" lon="120.30755152925849">
        <ele>2.75</ele>
      </trkpt>
      <trkpt lat="23.90358933247626" lon="120.30743837356567">
        <ele>2.78</ele>
      </trkpt>
      <trkpt lat="23.903317423537374" lon="120.30731918290257">
        <ele>2.78</ele>
      </trkpt>
      <trkpt lat="23.90304551459849" lon="120.3072000760585">
        <ele>2.76</ele>
      </trkpt>
      <trkpt lat="23.902773689478636" lon="120.30708088539541">
        <ele>2.73</ele>
      </trkpt>
      <trkpt lat="23.90250178053975" lon="120.30696177855134">
        <ele>2.73</ele>
      </trkpt>
      <trkpt lat="23.902229871600866" lon="120.30684267170727">
        <ele>2.76</ele>
      </trkpt>
      <trkpt lat="23.901958046481013" lon="120.30672348104417">
        <ele>2.75</ele>
      </trkpt>
      <trkpt lat="23.901679599657655" lon="120.30660152435303">
        <ele>2.72</ele>
      </trkpt>
      <trkpt lat="23.90144431963563" lon="120.30649993568659">
        <ele>2.7</ele>
      </trkpt>
      <trkpt lat="23.901209123432636" lon="120.30639834702015">
        <ele>2.71</ele>
      </trkpt>
      <trkpt lat="23.900973927229643" lon="120.30629675835371">
        <ele>2.71</ele>
      </trkpt>
      <trkpt lat="23.900735462084413" lon="120.30619382858276">
        <ele>2.71</ele>
      </trkpt>
      <trkpt lat="23.90045441687107" lon="120.30607162043452">
        <ele>2.71</ele>
      </trkpt>
      <trkpt lat="23.90017337165773" lon="120.30594941228628">
        <ele>2.7</ele>
      </trkpt>
      <trkpt lat="23.899892326444387" lon="120.30582720413804">
        <ele>2.74</ele>
      </trkpt>
      <trkpt lat="23.899611281231046" lon="120.3057049959898">
        <ele>2.81</ele>
      </trkpt>
      <trkpt lat="23.899330236017704" lon="120.30558278784156">
        <ele>2.82</ele>
      </trkpt>
      <trkpt lat="23.899049190804362" lon="120.30546066351235">
        <ele>2.77</ele>
      </trkpt>
      <trkpt lat="23.89876135624945" lon="120.305335521698">
        <ele>2.75</ele>
      </trkpt>
      <trkpt lat="23.89850470237434" lon="120.30522856861353">
        <ele>2.79</ele>
      </trkpt>
      <trkpt lat="23.898246372118592" lon="120.3051209449768">
        <ele>2.81</ele>
      </trkpt>
      <trkpt lat="23.897988880053163" lon="120.30501365661621">
        <ele>2.83</ele>
      </trkpt>
      <trkpt lat="23.897860134020448" lon="120.30494928359985">
        <ele>2.83</ele>
      </trkpt>
      <trkpt lat="23.897586716338992" lon="120.30483009293675">
        <ele>2.78</ele>
      </trkpt>
      <trkpt lat="23.897313298657537" lon="120.30471098609269">
        <ele>2.73</ele>
      </trkpt>
      <trkpt lat="23.89703988097608" lon="120.30459179542959">
        <ele>2.69</ele>
      </trkpt>
      <trkpt lat="23.896766463294625" lon="120.30447268858552">
        <ele>2.73</ele>
      </trkpt>
      <trkpt lat="23.89649304561317" lon="120.30435358174145">
        <ele>2.76</ele>
      </trkpt>
      <trkpt lat="23.896219627931714" lon="120.30423439107835">
        <ele>2.79</ele>
      </trkpt>
      <trkpt lat="23.89594621025026" lon="120.30411528423429">
        <ele>2.82</ele>
      </trkpt>
      <trkpt lat="23.895672792568803" lon="120.30399609357119">
        <ele>2.85</ele>
      </trkpt>
      <trkpt lat="23.895399374887347" lon="120.30387698672712">
        <ele>2.8</ele>
      </trkpt>
      <trkpt lat="23.89512595720589" lon="120.30375787988305">
        <ele>2.77</ele>
      </trkpt>
      <trkpt lat="23.894852539524436" lon="120.30363868921995">
        <ele>2.75</ele>
      </trkpt>
      <trkpt lat="23.894579205662012" lon="120.30351958237588">
        <ele>2.74</ele>
      </trkpt>
      <trkpt lat="23.894305787980556" lon="120.30340039171278">
        <ele>2.73</ele>
      </trkpt>
      <trkpt lat="23.89401912689209" lon="120.30327558517456">
        <ele>2.69</ele>
      </trkpt>
      <trkpt lat="23.89374109916389" lon="120.303147258237">
        <ele>2.65</ele>
      </trkpt>
      <trkpt lat="23.893461311236024" lon="120.30301809310913">
        <ele>2.62</ele>
      </trkpt>
      <trkpt lat="23.893461227416992" lon="120.30301809310913">
        <ele>2.61</ele>
      </trkpt>
      <trkpt lat="23.893207674846053" lon="120.30290803872049">
        <ele>2.63</ele>
      </trkpt>
      <trkpt lat="23.892954122275114" lon="120.30279806815088">
        <ele>2.65</ele>
      </trkpt>
      <trkpt lat="23.892700569704175" lon="120.30268809758127">
        <ele>2.67</ele>
      </trkpt>
      <trkpt lat="23.892447017133236" lon="120.30257812701166">
        <ele>2.65</ele>
      </trkpt>
      <trkpt lat="23.89219354838133" lon="120.30246815644205">
        <ele>2.59</ele>
      </trkpt>
      <trkpt lat="23.89193999581039" lon="120.30235818587244">
        <ele>2.53</ele>
      </trkpt>
      <trkpt lat="23.891680324450135" lon="120.30224561691284">
        <ele>2.49</ele>
      </trkpt>
      <trkpt lat="23.891432220116258" lon="120.30213438905776">
        <ele>2.46</ele>
      </trkpt>
      <trkpt lat="23.891184199601412" lon="120.30202316120267">
        <ele>2.45</ele>
      </trkpt>
      <trkpt lat="23.890936095267534" lon="120.30191201716661">
        <ele>2.44</ele>
      </trkpt>
      <trkpt lat="23.89068807475269" lon="120.30180078931153">
        <ele>2.44</ele>
      </trkpt>
      <trkpt lat="23.890435779467225" lon="120.30168771743774">
        <ele>2.38</ele>
      </trkpt>
      <trkpt lat="23.89028557576239" lon="120.30162334442139">
        <ele>2.33</ele>
      </trkpt>
      <trkpt lat="23.89028549194336" lon="120.30162334442139">
        <ele>2.3</ele>
      </trkpt>
      <trkpt lat="23.89002799987793" lon="120.30151605606079">
        <ele>2.23</ele>
      </trkpt>
      <trkpt lat="23.889803448691964" lon="120.30140910297632">
        <ele>2.15</ele>
      </trkpt>
      <trkpt lat="23.88957747258246" lon="120.3013014793396">
        <ele>2.09</ele>
      </trkpt>
      <trkpt lat="23.889577388763428" lon="120.3013014793396">
        <ele>2.06</ele>
      </trkpt>
      <trkpt lat="23.88929550535977" lon="120.30117893591523">
        <ele>2.03</ele>
      </trkpt>
      <trkpt lat="23.88901362195611" lon="120.3010564763099">
        <ele>2.03</ele>
      </trkpt>
      <trkpt lat="23.88873173855245" lon="120.30093401670456">
        <ele>2.06</ele>
      </trkpt>
      <trkpt lat="23.888449855148792" lon="120.30081155709922">
        <ele>2.07</ele>
      </trkpt>
      <trkpt lat="23.888168055564165" lon="120.30068909749389">
        <ele>2.04</ele>
      </trkpt>
      <trkpt lat="23.887886172160506" lon="120.30056663788855">
        <ele>2.02</ele>
      </trkpt>
      <trkpt lat="23.887604288756847" lon="120.30044417828321">
        <ele>1.95</ele>
      </trkpt>
      <trkpt lat="23.88732240535319" lon="120.30032163485885">
        <ele>1.92</ele>
      </trkpt>
      <trkpt lat="23.88704052194953" lon="120.30019917525351">
        <ele>1.89</ele>
      </trkpt>
      <trkpt lat="23.886758722364902" lon="120.30007671564817">
        <ele>1.85</ele>
      </trkpt>
      <trkpt lat="23.886466110125184" lon="120.2999496459961">
        <ele>1.8</ele>
      </trkpt>
      <trkpt lat="23.886188082396984" lon="120.29982844367623">
        <ele>1.77</ele>
      </trkpt>
      <trkpt lat="23.885910054668784" lon="120.29970724135637">
        <ele>1.74</ele>
      </trkpt>
      <trkpt lat="23.885629260912538" lon="120.29958486557007">
        <ele>1.7</ele>
      </trkpt>
      <trkpt lat="23.885393980890512" lon="120.29948327690363">
        <ele>1.67</ele>
      </trkpt>
      <trkpt lat="23.88515878468752" lon="120.29938168823719">
        <ele>1.66</ele>
      </trkpt>
      <trkpt lat="23.884923588484526" lon="120.29928009957075">
        <ele>1.64</ele>
      </trkpt>
      <trkpt lat="23.884685123339295" lon="120.2991771697998">
        <ele>1.62</ele>
      </trkpt>
      <trkpt lat="23.884396366775036" lon="120.29904884286225">
        <ele>1.58</ele>
      </trkpt>
      <trkpt lat="23.88410576619208" lon="120.29891967773438">
        <ele>1.54</ele>
      </trkpt>
      <trkpt lat="23.883945336565375" lon="120.29884482733905">
        <ele>1.5</ele>
      </trkpt>
      <trkpt lat="23.88378390111029" lon="120.29876947402954">
        <ele>1.46</ele>
      </trkpt>
      <trkpt lat="23.883569994941354" lon="120.2986731659621">
        <ele>1.39</ele>
      </trkpt>
      <trkpt lat="23.88335474766791" lon="120.29857635498047">
        <ele>1.32</ele>
      </trkpt>
      <trkpt lat="23.883354663848877" lon="120.29857635498047">
        <ele>1.26</ele>
      </trkpt>
      <trkpt lat="23.883068086579442" lon="120.29844802804291">
        <ele>1.19</ele>
      </trkpt>
      <trkpt lat="23.88278159312904" lon="120.29831970110536">
        <ele>1.14</ele>
      </trkpt>
      <trkpt lat="23.882495015859604" lon="120.2981913741678">
        <ele>1.12</ele>
      </trkpt>
      <trkpt lat="23.8822085224092" lon="120.29806304723024">
        <ele>1.07</ele>
      </trkpt>
      <trkpt lat="23.881917083635926" lon="120.2979326248169">
        <ele>0.98</ele>
      </trkpt>
      <trkpt lat="23.88180979527533" lon="120.29788970947266">
        <ele>0.91</ele>
      </trkpt>
      <trkpt lat="23.88154149055481" lon="120.29777303338051">
        <ele>0.79</ele>
      </trkpt>
      <trkpt lat="23.88127318583429" lon="120.29765635728836">
        <ele>0.74</ele>
      </trkpt>
      <trkpt lat="23.8810049649328" lon="120.29753976501524">
        <ele>0.7</ele>
      </trkpt>
      <trkpt lat="23.88073666021228" lon="120.2974230889231">
        <ele>0.62</ele>
      </trkpt>
      <trkpt lat="23.88046843931079" lon="120.29730649664998">
        <ele>0.55</ele>
      </trkpt>
      <trkpt lat="23.880200134590268" lon="120.29718982055783">
        <ele>0.55</ele>
      </trkpt>
      <trkpt lat="23.87993191368878" lon="120.29707322828472">
        <ele>0.52</ele>
      </trkpt>
      <trkpt lat="23.879663608968258" lon="120.29695655219257">
        <ele>0.46</ele>
      </trkpt>
      <trkpt lat="23.87939538806677" lon="120.29683987610042">
        <ele>0.41</ele>
      </trkpt>
      <trkpt lat="23.879127083346248" lon="120.2967232838273">
        <ele>0.38</ele>
      </trkpt>
      <trkpt lat="23.87884863652289" lon="120.29660224914551">
        <ele>0.35</ele>
      </trkpt>
      <trkpt lat="23.878848552703857" lon="120.29660224914551">
        <ele>0.3</ele>
      </trkpt>
      <trkpt lat="23.87857940979302" lon="120.29648280702531">
        <ele>0.24</ele>
      </trkpt>
      <trkpt lat="23.878310350701213" lon="120.29636344872415">
        <ele>0.18</ele>
      </trkpt>
      <trkpt lat="23.878041291609406" lon="120.29624400660396">
        <ele>0.13</ele>
      </trkpt>
      <trkpt lat="23.8777722325176" lon="120.2961246483028">
        <ele>0.09</ele>
      </trkpt>
      <trkpt lat="23.877503089606762" lon="120.2960052061826">
        <ele>0.05</ele>
      </trkpt>
      <trkpt lat="23.877234030514956" lon="120.29588584788144">
        <ele>0.0</ele>
      </trkpt>
      <trkpt lat="23.87696497142315" lon="120.29576640576124">
        <ele>-0.07</ele>
      </trkpt>
      <trkpt lat="23.876695912331343" lon="120.29564704746008">
        <ele>-0.12</ele>
      </trkpt>
      <trkpt lat="23.876426853239536" lon="120.29552760533988">
        <ele>-0.14</ele>
      </trkpt>
      <trkpt lat="23.876157710328698" lon="120.29540824703872">
        <ele>-0.13</ele>
      </trkpt>
      <trkpt lat="23.87588865123689" lon="120.29528888873756">
        <ele>-0.12</ele>
      </trkpt>
      <trkpt lat="23.8756085280329" lon="120.29516458511353">
        <ele>-0.13</ele>
      </trkpt>
      <trkpt lat="23.87532622553408" lon="120.29504053294659">
        <ele>-0.14</ele>
      </trkpt>
      <trkpt lat="23.875043923035264" lon="120.29491648077965">
        <ele>-0.14</ele>
      </trkpt>
      <trkpt lat="23.87476170435548" lon="120.29479242861271">
        <ele>-0.14</ele>
      </trkpt>
      <trkpt lat="23.87447940185666" lon="120.2946684602648">
        <ele>-0.14</ele>
      </trkpt>
      <trkpt lat="23.874192321673036" lon="120.29454231262207">
        <ele>-0.14</ele>
      </trkpt>
      <trkpt lat="23.874192237854004" lon="120.29454231262207">
        <ele>-0.13</ele>
      </trkpt>
      <trkpt lat="23.87391848489642" lon="120.29442253522575">
        <ele>-0.15</ele>
      </trkpt>
      <trkpt lat="23.87364481575787" lon="120.29430275782943">
        <ele>-0.11</ele>
      </trkpt>
      <trkpt lat="23.873371062800288" lon="120.29418306425214">
        <ele>-0.03</ele>
      </trkpt>
      <trkpt lat="23.873097393661737" lon="120.29406328685582">
        <ele>-0.03</ele>
      </trkpt>
      <trkpt lat="23.87281894683838" lon="120.29394149780273">
        <ele>-0.05</ele>
      </trkpt>
      <trkpt lat="23.872647872194648" lon="120.2938880212605">
        <ele>0.0</ele>
      </trkpt>
      <trkpt lat="23.872475624084473" lon="120.29383420944214">
        <ele>0.06</ele>
      </trkpt>
      <trkpt lat="23.8722618855536" lon="120.29382348060608">
        <ele>0.12</ele>
      </trkpt>
      <trkpt lat="23.87204647064209" lon="120.29381275177002">
        <ele>0.16</ele>
      </trkpt>
      <trkpt lat="23.87181043624878" lon="120.29383420944214">
        <ele>0.22</ele>
      </trkpt>
      <trkpt lat="23.871532576158643" lon="120.29387687332928">
        <ele>0.27</ele>
      </trkpt>
      <trkpt lat="23.871254799887538" lon="120.29391962103546">
        <ele>0.31</ele>
      </trkpt>
      <trkpt lat="23.870973587036133" lon="120.29396295547485">
        <ele>0.38</ele>
      </trkpt>
      <trkpt lat="23.870706455782056" lon="120.2939984947443">
        <ele>0.39</ele>
      </trkpt>
      <trkpt lat="23.87043932452798" lon="120.29403411783278">
        <ele>0.4</ele>
      </trkpt>
      <trkpt lat="23.870172277092934" lon="120.29406974092126">
        <ele>0.47</ele>
      </trkpt>
      <trkpt lat="23.869905145838857" lon="120.29410536400974">
        <ele>0.53</ele>
      </trkpt>
      <trkpt lat="23.86963809840381" lon="120.29414098709822">
        <ele>0.58</ele>
      </trkpt>
      <trkpt lat="23.86936434544623" lon="120.29417753219604">
        <ele>0.64</ele>
      </trkpt>
      <trkpt lat="23.869114983826876" lon="120.29421307146549">
        <ele>0.72</ele>
      </trkpt>
      <trkpt lat="23.868865706026554" lon="120.29424869455397">
        <ele>0.8</ele>
      </trkpt>
      <trkpt lat="23.86861332692206" lon="120.29428482055664">
        <ele>0.85</ele>
      </trkpt>
      <trkpt lat="23.868341585621238" lon="120.29432446695864">
        <ele>0.88</ele>
      </trkpt>
      <trkpt lat="23.868069844320416" lon="120.29436411336064">
        <ele>0.92</ele>
      </trkpt>
      <trkpt lat="23.867798186838627" lon="120.29440384358168">
        <ele>1.01</ele>
      </trkpt>
      <trkpt lat="23.867526445537806" lon="120.29444348998368">
        <ele>1.07</ele>
      </trkpt>
      <trkpt lat="23.867254788056016" lon="120.29448322020471">
        <ele>1.12</ele>
      </trkpt>
      <trkpt lat="23.866983046755195" lon="120.29452286660671">
        <ele>1.22</ele>
      </trkpt>
      <trkpt lat="23.866703510284424" lon="120.29456377029419">
        <ele>1.31</ele>
      </trkpt>
      <trkpt lat="23.866452388465405" lon="120.2945957891643">
        <ele>1.35</ele>
      </trkpt>
      <trkpt lat="23.866201350465417" lon="120.29462780803442">
        <ele>1.42</ele>
      </trkpt>
      <trkpt lat="23.86595031246543" lon="120.29465991072357">
        <ele>1.53</ele>
      </trkpt>
      <trkpt lat="23.865695083513856" lon="120.2946925163269">
        <ele>1.63</ele>
      </trkpt>
      <trkpt lat="23.865694999694824" lon="120.2946925163269">
        <ele>1.71</ele>
      </trkpt>
      <trkpt lat="23.865427868440747" lon="120.29473518021405">
        <ele>1.78</ele>
      </trkpt>
      <trkpt lat="23.865158641710877" lon="120.29477834701538">
        <ele>1.83</ele>
      </trkpt>
      <trkpt lat="23.864876087754965" lon="120.29481866396964">
        <ele>1.91</ele>
      </trkpt>
      <trkpt lat="23.864593533799052" lon="120.29485906474292">
        <ele>2.0</ele>
      </trkpt>
      <trkpt lat="23.86431097984314" lon="120.29489938169718">
        <ele>2.04</ele>
      </trkpt>
      <trkpt lat="23.864028425887227" lon="120.29493978247046">
        <ele>2.11</ele>
      </trkpt>
      <trkpt lat="23.863745871931314" lon="120.29498009942472">
        <ele>2.17</ele>
      </trkpt>
      <trkpt lat="23.863463317975402" lon="120.295020500198">
        <ele>2.25</ele>
      </trkpt>
      <trkpt lat="23.86318076401949" lon="120.29506081715226">
        <ele>2.37</ele>
      </trkpt>
      <trkpt lat="23.862898210063577" lon="120.29510121792555">
        <ele>2.5</ele>
      </trkpt>
      <trkpt lat="23.8626051787287" lon="120.2951431274414">
        <ele>2.6</ele>
      </trkpt>
      <trkpt lat="23.862605094909668" lon="120.2951431274414">
        <ele>2.68</ele>
      </trkpt>
      <trkpt lat="23.86243410408497" lon="120.29517514631152">
        <ele>2.76</ele>
      </trkpt>
      <trkpt lat="23.862261855974793" lon="120.29520750045776">
        <ele>2.85</ele>
      </trkpt>
      <trkpt lat="23.86226177215576" lon="120.29520750045776">
        <ele>2.93</ele>
      </trkpt>
      <trkpt lat="23.86199824512005" lon="120.29524303972721">
        <ele>3.01</ele>
      </trkpt>
      <trkpt lat="23.861734718084335" lon="120.29527866281569">
        <ele>3.06</ele>
      </trkpt>
      <trkpt lat="23.861467922106385" lon="120.29531478881836">
        <ele>3.11</ele>
      </trkpt>
      <trkpt lat="23.861225685104728" lon="120.2953503280878">
        <ele>3.21</ele>
      </trkpt>
      <trkpt lat="23.860983531922102" lon="120.29538595117629">
        <ele>3.32</ele>
      </trkpt>
      <trkpt lat="23.860738361254334" lon="120.29542207717896">
        <ele>3.4</ele>
      </trkpt>
      <trkpt lat="23.86045136488974" lon="120.29546784237027">
        <ele>3.44</ele>
      </trkpt>
      <trkpt lat="23.860164368525147" lon="120.29551360756159">
        <ele>3.56</ele>
      </trkpt>
      <trkpt lat="23.859877455979586" lon="120.2955593727529">
        <ele>3.67</ele>
      </trkpt>
      <trkpt lat="23.859590459614992" lon="120.29560522176325">
        <ele>3.76</ele>
      </trkpt>
      <trkpt lat="23.85930354706943" lon="120.29565098695457">
        <ele>3.83</ele>
      </trkpt>
      <trkpt lat="23.859016550704837" lon="120.29569675214589">
        <ele>3.88</ele>
      </trkpt>
      <trkpt lat="23.858721340075135" lon="120.29574394226074">
        <ele>3.96</ele>
      </trkpt>
      <trkpt lat="23.858486227691174" lon="120.29577596113086">
        <ele>4.05</ele>
      </trkpt>
      <trkpt lat="23.858249271288514" lon="120.2958083152771">
        <ele>4.08</ele>
      </trkpt>
      <trkpt lat="23.857971411198378" lon="120.29585097916424">
        <ele>4.1</ele>
      </trkpt>
      <trkpt lat="23.857691371813416" lon="120.29589414596558">
        <ele>4.13</ele>
      </trkpt>
      <trkpt lat="23.857412338256836" lon="120.29593706130981">
        <ele>4.2</ele>
      </trkpt>
      <trkpt lat="23.85717010125518" lon="120.29597260057926">
        <ele>4.23</ele>
      </trkpt>
      <trkpt lat="23.856927948072553" lon="120.29600822366774">
        <ele>4.24</ele>
      </trkpt>
      <trkpt lat="23.856682861223817" lon="120.29604434967041">
        <ele>4.25</ele>
      </trkpt>
      <trkpt lat="23.856415646150708" lon="120.29606563970447">
        <ele>4.24</ele>
      </trkpt>
      <trkpt lat="23.856146335601807" lon="120.29608726501465">
        <ele>4.26</ele>
      </trkpt>
      <trkpt lat="23.855911223217845" lon="120.29608726501465">
        <ele>4.26</ele>
      </trkpt>
      <trkpt lat="23.855674266815186" lon="120.29608726501465">
        <ele>4.26</ele>
      </trkpt>
      <trkpt lat="23.855373859405518" lon="120.29606580734253">
        <ele>4.29</ele>
      </trkpt>
      <trkpt lat="23.855180824175477" lon="120.29604434967041">
        <ele>4.31</ele>
      </trkpt>
      <trkpt lat="23.854967085644603" lon="120.29599087312818">
        <ele>4.31</ele>
      </trkpt>
      <trkpt lat="23.854751670733094" lon="120.29593706130981">
        <ele>4.29</ele>
      </trkpt>
      <trkpt lat="23.854559222236276" lon="120.29589431360364">
        <ele>4.24</ele>
      </trkpt>
      <trkpt lat="23.854365348815918" lon="120.29585123062134">
        <ele>4.2</ele>
      </trkpt>
      <trkpt lat="23.854162339121103" lon="120.29582985676825">
        <ele>4.17</ele>
      </trkpt>
      <trkpt lat="23.853957653045654" lon="120.2958083152771">
        <ele>4.15</ele>
      </trkpt>
      <trkpt lat="23.85373318567872" lon="120.29575483873487">
        <ele>4.11</ele>
      </trkpt>
      <trkpt lat="23.853507041931152" lon="120.2957010269165">
        <ele>4.06</ele>
      </trkpt>
      <trkpt lat="23.853300428017974" lon="120.2956439461559">
        <ele>4.01</ele>
      </trkpt>
      <trkpt lat="23.853093814104795" lon="120.29558694921434">
        <ele>3.97</ele>
      </trkpt>
      <trkpt lat="23.85288485325873" lon="120.29552936553955">
        <ele>3.98</ele>
      </trkpt>
      <trkpt lat="23.85258201509714" lon="120.29544378630817">
        <ele>4.0</ele>
      </trkpt>
      <trkpt lat="23.852279176935554" lon="120.29535829089582">
        <ele>3.99</ele>
      </trkpt>
      <trkpt lat="23.851976422592998" lon="120.29527279548347">
        <ele>3.98</ele>
      </trkpt>
      <trkpt lat="23.85167358443141" lon="120.29518730007112">
        <ele>3.98</ele>
      </trkpt>
      <trkpt lat="23.851370746269822" lon="120.29510180465877">
        <ele>3.97</ele>
      </trkpt>
      <trkpt lat="23.851060951128602" lon="120.29501438140869">
        <ele>3.93</ele>
      </trkpt>
      <trkpt lat="23.850798262283206" lon="120.2949380222708">
        <ele>3.89</ele>
      </trkpt>
      <trkpt lat="23.85053565725684" lon="120.2948616631329">
        <ele>3.89</ele>
      </trkpt>
      <trkpt lat="23.850273052230477" lon="120.29478530399501">
        <ele>3.9</ele>
      </trkpt>
      <trkpt lat="23.850010447204113" lon="120.29470894485712">
        <ele>3.91</ele>
      </trkpt>
      <trkpt lat="23.84974784217775" lon="120.29463266953826">
        <ele>3.88</ele>
      </trkpt>
      <trkpt lat="23.849485237151384" lon="120.29455631040037">
        <ele>3.84</ele>
      </trkpt>
      <trkpt lat="23.849215591326356" lon="120.29447793960571">
        <ele>3.85</ele>
      </trkpt>
      <trkpt lat="23.849215507507324" lon="120.29447793960571">
        <ele>3.84</ele>
      </trkpt>
      <trkpt lat="23.848912669345737" lon="120.2943959645927">
        <ele>3.87</ele>
      </trkpt>
      <trkpt lat="23.84860991500318" lon="120.29431398957968">
        <ele>3.87</ele>
      </trkpt>
      <trkpt lat="23.848307076841593" lon="120.29423209838569">
        <ele>3.89</ele>
      </trkpt>
      <trkpt lat="23.848004322499037" lon="120.29415012337267">
        <ele>3.93</ele>
      </trkpt>
      <trkpt lat="23.84770156815648" lon="120.29406823217869">
        <ele>3.95</ele>
      </trkpt>
      <trkpt lat="23.84739168919623" lon="120.29398441314697">
        <ele>3.94</ele>
      </trkpt>
      <trkpt lat="23.847129084169865" lon="120.29391107149422">
        <ele>3.92</ele>
      </trkpt>
      <trkpt lat="23.8468664791435" lon="120.2938378136605">
        <ele>3.89</ele>
      </trkpt>
      <trkpt lat="23.846603874117136" lon="120.29376455582678">
        <ele>3.88</ele>
      </trkpt>
      <trkpt lat="23.84634126909077" lon="120.29369121417403">
        <ele>3.88</ele>
      </trkpt>
      <trkpt lat="23.846078664064407" lon="120.29361795634031">
        <ele>3.89</ele>
      </trkpt>
      <trkpt lat="23.845816059038043" lon="120.2935446985066">
        <ele>3.89</ele>
      </trkpt>
      <trkpt lat="23.845546329393983" lon="120.29346942901611">
        <ele>3.92</ele>
      </trkpt>
      <trkpt lat="23.845247011631727" lon="120.29338384978473">
        <ele>4.0</ele>
      </trkpt>
      <trkpt lat="23.844947777688503" lon="120.29329835437238">
        <ele>4.06</ele>
      </trkpt>
      <trkpt lat="23.84464854374528" lon="120.29321285896003">
        <ele>4.01</ele>
      </trkpt>
      <trkpt lat="23.844349309802055" lon="120.29312736354768">
        <ele>3.97</ele>
      </trkpt>
      <trkpt lat="23.84405007585883" lon="120.29304186813533">
        <ele>4.02</ele>
      </trkpt>
      <trkpt lat="23.843743884935975" lon="120.29295444488525">
        <ele>4.11</ele>
      </trkpt>
      <trkpt lat="23.843478178605437" lon="120.29288420453668">
        <ele>4.16</ele>
      </trkpt>
      <trkpt lat="23.84321255609393" lon="120.2928139641881">
        <ele>4.19</ele>
      </trkpt>
      <trkpt lat="23.842946849763393" lon="120.29274372383952">
        <ele>4.24</ele>
      </trkpt>
      <trkpt lat="23.842681227251887" lon="120.29267348349094">
        <ele>4.28</ele>
      </trkpt>
      <trkpt lat="23.84241560474038" lon="120.29260324314237">
        <ele>4.3</ele>
      </trkpt>
      <trkpt lat="23.842149898409843" lon="120.29253300279379">
        <ele>4.3</ele>
      </trkpt>
      <trkpt lat="23.841876983642578" lon="120.29246091842651">
        <ele>4.31</ele>
      </trkpt>
      <trkpt lat="23.84157414548099" lon="120.29237533919513">
        <ele>4.34</ele>
      </trkpt>
      <trkpt lat="23.841271391138434" lon="120.29228984378278">
        <ele>4.37</ele>
      </trkpt>
      <trkpt lat="23.840968552976847" lon="120.29220434837043">
        <ele>4.39</ele>
      </trkpt>
      <trkpt lat="23.84066579863429" lon="120.29211885295808">
        <ele>4.43</ele>
      </trkpt>
      <trkpt lat="23.840362960472703" lon="120.29203335754573">
        <ele>4.47</ele>
      </trkpt>
      <trkpt lat="23.840053165331483" lon="120.29194593429565">
        <ele>4.44</ele>
      </trkpt>
      <trkpt lat="23.84005308151245" lon="120.29194593429565">
        <ele>4.44</ele>
      </trkpt>
      <trkpt lat="23.839764492586255" lon="120.29186035506427">
        <ele>4.41</ele>
      </trkpt>
      <trkpt lat="23.839473808184266" lon="120.2917742729187">
        <ele>4.42</ele>
      </trkpt>
      <trkpt lat="23.839238611981273" lon="120.29169942252338">
        <ele>4.41</ele>
      </trkpt>
      <trkpt lat="23.839001739397645" lon="120.29162406921387">
        <ele>4.37</ele>
      </trkpt>
      <trkpt lat="23.838745169341564" lon="120.29155273921788">
        <ele>4.33</ele>
      </trkpt>
      <trkpt lat="23.838488683104515" lon="120.29148149304092">
        <ele>4.31</ele>
      </trkpt>
      <trkpt lat="23.838229263201356" lon="120.29140949249268">
        <ele>4.27</ele>
      </trkpt>
      <trkpt lat="23.837972693145275" lon="120.29133246280253">
        <ele>4.25</ele>
      </trkpt>
      <trkpt lat="23.837716206908226" lon="120.29125551693141">
        <ele>4.23</ele>
      </trkpt>
      <trkpt lat="23.837459636852145" lon="120.2911785710603">
        <ele>4.22</ele>
      </trkpt>
      <trkpt lat="23.837203150615096" lon="120.29110162518919">
        <ele>4.24</ele>
      </trkpt>
      <trkpt lat="23.836941719055176" lon="120.29102325439453">
        <ele>4.25</ele>
      </trkpt>
      <trkpt lat="23.83665463887155" lon="120.29093155637383">
        <ele>4.18</ele>
      </trkpt>
      <trkpt lat="23.836367558687925" lon="120.29083994217217">
        <ele>4.08</ele>
      </trkpt>
      <trkpt lat="23.8360804785043" lon="120.29074841178954">
        <ele>4.02</ele>
      </trkpt>
      <trkpt lat="23.835793482139707" lon="120.29065679758787">
        <ele>3.99</ele>
      </trkpt>
      <trkpt lat="23.83550640195608" lon="120.2905651833862">
        <ele>4.01</ele>
      </trkpt>
      <trkpt lat="23.835219321772456" lon="120.29047356918454">
        <ele>4.02</ele>
      </trkpt>
      <trkpt lat="23.834924697875977" lon="120.29037952423096">
        <ele>3.98</ele>
      </trkpt>
      <trkpt lat="23.834639629349113" lon="120.29028329998255">
        <ele>3.95</ele>
      </trkpt>
      <trkpt lat="23.83435456082225" lon="120.29018707573414">
        <ele>3.93</ele>
      </trkpt>
      <trkpt lat="23.834069576114416" lon="120.29009085148573">
        <ele>3.88</ele>
      </trkpt>
      <trkpt lat="23.833784507587552" lon="120.28999471105635">
        <ele>3.83</ele>
      </trkpt>
      <trkpt lat="23.83349952287972" lon="120.28989848680794">
        <ele>3.68</ele>
      </trkpt>
      <trkpt lat="23.833214454352856" lon="120.28980226255953">
        <ele>3.63</ele>
      </trkpt>
      <trkpt lat="23.832929469645023" lon="120.28970612213016">
        <ele>3.64</ele>
      </trkpt>
      <trkpt lat="23.83264440111816" lon="120.28960989788175">
        <ele>3.65</ele>
      </trkpt>
      <trkpt lat="23.832359332591295" lon="120.28951367363334">
        <ele>3.67</ele>
      </trkpt>
      <trkpt lat="23.832074347883463" lon="120.28941744938493">
        <ele>3.71</ele>
      </trkpt>
      <trkpt lat="23.8317892793566" lon="120.28932130895555">
        <ele>3.75</ele>
      </trkpt>
      <trkpt lat="23.831491470336914" lon="120.28922080993652">
        <ele>3.8</ele>
      </trkpt>
      <trkpt lat="23.83119215257466" lon="120.28912207111716">
        <ele>3.86</ele>
      </trkpt>
      <trkpt lat="23.830892834812403" lon="120.28902341611683">
        <ele>3.94</ele>
      </trkpt>
      <trkpt lat="23.83059360086918" lon="120.2889247611165">
        <ele>4.05</ele>
      </trkpt>
      <trkpt lat="23.830294283106923" lon="120.28882610611618">
        <ele>4.28</ele>
      </trkpt>
      <trkpt lat="23.8299950491637" lon="120.28872745111585">
        <ele>4.38</ele>
      </trkpt>
      <trkpt lat="23.829695731401443" lon="120.28862879611552">
        <ele>4.49</ele>
      </trkpt>
      <trkpt lat="23.82939649745822" lon="120.28853014111519">
        <ele>4.61</ele>
      </trkpt>
      <trkpt lat="23.829097179695964" lon="120.28843148611486">
        <ele>4.75</ele>
      </trkpt>
      <trkpt lat="23.82879794575274" lon="120.2883327472955">
        <ele>4.9</ele>
      </trkpt>
      <trkpt lat="23.828498627990484" lon="120.28823409229517">
        <ele>5.04</ele>
      </trkpt>
      <trkpt lat="23.82819939404726" lon="120.28813543729484">
        <ele>5.18</ele>
      </trkpt>
      <trkpt lat="23.827900076285005" lon="120.28803678229451">
        <ele>5.28</ele>
      </trkpt>
      <trkpt lat="23.82758617401123" lon="120.28793334960938">
        <ele>5.34</ele>
      </trkpt>
      <trkpt lat="23.827286437153816" lon="120.28783394023776">
        <ele>5.46</ele>
      </trkpt>
      <trkpt lat="23.826986700296402" lon="120.28773461468518">
        <ele>5.64</ele>
      </trkpt>
      <trkpt lat="23.82668704725802" lon="120.2876352891326">
        <ele>5.81</ele>
      </trkpt>
      <trkpt lat="23.826387310400605" lon="120.28753587976098">
        <ele>5.98</ele>
      </trkpt>
      <trkpt lat="23.826087657362223" lon="120.2874365542084">
        <ele>6.19</ele>
      </trkpt>
      <trkpt lat="23.82578792050481" lon="120.28733722865582">
        <ele>6.36</ele>
      </trkpt>
      <trkpt lat="23.825488267466426" lon="120.2872378192842">
        <ele>6.49</ele>
      </trkpt>
      <trkpt lat="23.82518853060901" lon="120.28713849373162">
        <ele>6.64</ele>
      </trkpt>
      <trkpt lat="23.82488887757063" lon="120.28703916817904">
        <ele>6.81</ele>
      </trkpt>
      <trkpt lat="23.824589140713215" lon="120.28693975880742">
        <ele>6.95</ele>
      </trkpt>
      <trkpt lat="23.824289487674832" lon="120.28684043325484">
        <ele>7.01</ele>
      </trkpt>
      <trkpt lat="23.823989750817418" lon="120.28674110770226">
        <ele>7.07</ele>
      </trkpt>
      <trkpt lat="23.823690097779036" lon="120.28664178214967">
        <ele>7.15</ele>
      </trkpt>
      <trkpt lat="23.82339036092162" lon="120.28654237277806">
        <ele>7.28</ele>
      </trkpt>
      <trkpt lat="23.82309070788324" lon="120.28644304722548">
        <ele>7.4</ele>
      </trkpt>
      <trkpt lat="23.822790971025825" lon="120.28634372167289">
        <ele>7.53</ele>
      </trkpt>
      <trkpt lat="23.822491317987442" lon="120.28624431230128">
        <ele>7.66</ele>
      </trkpt>
      <trkpt lat="23.822191581130028" lon="120.2861449867487">
        <ele>7.77</ele>
      </trkpt>
      <trkpt lat="23.821891844272614" lon="120.28604566119611">
        <ele>7.82</ele>
      </trkpt>
      <trkpt lat="23.82159219123423" lon="120.28594633564353">
        <ele>7.85</ele>
      </trkpt>
      <trkpt lat="23.821292454376817" lon="120.28584692627192">
        <ele>7.91</ele>
      </trkpt>
      <trkpt lat="23.820992801338434" lon="120.28574760071933">
        <ele>8.02</ele>
      </trkpt>
      <trkpt lat="23.82069306448102" lon="120.28564827516675">
        <ele>8.12</ele>
      </trkpt>
      <trkpt lat="23.820393411442637" lon="120.28554894961417">
        <ele>8.21</ele>
      </trkpt>
      <trkpt lat="23.820093674585223" lon="120.28544954024255">
        <ele>8.2</ele>
      </trkpt>
      <trkpt lat="23.81979402154684" lon="120.28535021468997">
        <ele>8.2</ele>
      </trkpt>
      <trkpt lat="23.819494284689426" lon="120.28525088913739">
        <ele>8.19</ele>
      </trkpt>
      <trkpt lat="23.819194631651044" lon="120.2851515635848">
        <ele>8.22</ele>
      </trkpt>
      <trkpt lat="23.81889489479363" lon="120.28505215421319">
        <ele>8.22</ele>
      </trkpt>
      <trkpt lat="23.818595241755247" lon="120.28495282866061">
        <ele>8.18</ele>
      </trkpt>
      <trkpt lat="23.818295504897833" lon="120.28485350310802">
        <ele>8.18</ele>
      </trkpt>
      <trkpt lat="23.81799585185945" lon="120.28475417755544">
        <ele>8.2</ele>
      </trkpt>
      <trkpt lat="23.817696115002036" lon="120.28465476818383">
        <ele>8.2</ele>
      </trkpt>
      <trkpt lat="23.817396461963654" lon="120.28455544263124">
        <ele>8.17</ele>
      </trkpt>
      <trkpt lat="23.81709672510624" lon="120.28445611707866">
        <ele>8.17</ele>
      </trkpt>
      <trkpt lat="23.816796988248825" lon="120.28435679152608">
        <ele>8.19</ele>
      </trkpt>
      <trkpt lat="23.816497335210443" lon="120.2842574659735">
        <ele>8.2</ele>
      </trkpt>
      <trkpt lat="23.81619759835303" lon="120.28415805660188">
        <ele>8.14</ele>
      </trkpt>
      <trkpt lat="23.815897945314646" lon="120.2840587310493">
        <ele>8.06</ele>
      </trkpt>
      <trkpt lat="23.81559820845723" lon="120.28395940549672">
        <ele>7.95</ele>
      </trkpt>
      <trkpt lat="23.81529855541885" lon="120.28386007994413">
        <ele>7.92</ele>
      </trkpt>
      <trkpt lat="23.814998818561435" lon="120.28376067057252">
        <ele>7.94</ele>
      </trkpt>
      <trkpt lat="23.814699165523052" lon="120.28366134501994">
        <ele>7.95</ele>
      </trkpt>
      <trkpt lat="23.814399428665638" lon="120.28356201946735">
        <ele>7.88</ele>
      </trkpt>
      <trkpt lat="23.814099775627255" lon="120.28346269391477">
        <ele>7.8</ele>
      </trkpt>
      <trkpt lat="23.81380003876984" lon="120.28336336836219">
        <ele>7.76</ele>
      </trkpt>
      <trkpt lat="23.81350038573146" lon="120.28326395899057">
        <ele>7.76</ele>
      </trkpt>
      <trkpt lat="23.813200648874044" lon="120.28316463343799">
        <ele>7.73</ele>
      </trkpt>
      <trkpt lat="23.812900995835662" lon="120.28306530788541">
        <ele>7.67</ele>
      </trkpt>
      <trkpt lat="23.812601258978248" lon="120.28296598233283">
        <ele>7.52</ele>
      </trkpt>
      <trkpt lat="23.812243938446045" lon="120.28284788131714">
        <ele>7.48</ele>
      </trkpt>
      <trkpt lat="23.811965994536877" lon="120.28276230208576">
        <ele>7.5</ele>
      </trkpt>
      <trkpt lat="23.81168813444674" lon="120.28267680667341">
        <ele>7.52</ele>
      </trkpt>
      <trkpt lat="23.811410274356604" lon="120.28259131126106">
        <ele>7.48</ele>
      </trkpt>
      <trkpt lat="23.811132330447435" lon="120.28250581584871">
        <ele>7.41</ele>
      </trkpt>
      <trkpt lat="23.8108491897583" lon="120.28241872787476">
        <ele>7.35</ele>
      </trkpt>
      <trkpt lat="23.810571329668164" lon="120.2823385130614">
        <ele>7.39</ele>
      </trkpt>
      <trkpt lat="23.810293469578028" lon="120.28225838206708">
        <ele>7.44</ele>
      </trkpt>
      <trkpt lat="23.81001560948789" lon="120.28217825107276">
        <ele>7.47</ele>
      </trkpt>
      <trkpt lat="23.809733474627137" lon="120.28209686279297">
        <ele>7.43</ele>
      </trkpt>
      <trkpt lat="23.809434240683913" lon="120.2820155583322">
        <ele>7.36</ele>
      </trkpt>
      <trkpt lat="23.80913500674069" lon="120.28193433769047">
        <ele>7.33</ele>
      </trkpt>
      <trkpt lat="23.808835772797465" lon="120.28185311704874">
        <ele>7.34</ele>
      </trkpt>
      <trkpt lat="23.80853653885424" lon="120.28177189640701">
        <ele>7.32</ele>
      </trkpt>
      <trkpt lat="23.808231437578797" lon="120.2816891670227">
        <ele>7.29</ele>
      </trkpt>
      <trkpt lat="23.8079705927521" lon="120.28162077069283">
        <ele>7.25</ele>
      </trkpt>
      <trkpt lat="23.807709831744432" lon="120.28155237436295">
        <ele>7.23</ele>
      </trkpt>
      <trkpt lat="23.807449070736766" lon="120.28148397803307">
        <ele>7.21</ele>
      </trkpt>
      <trkpt lat="23.8071883097291" lon="120.28141558170319">
        <ele>7.17</ele>
      </trkpt>
      <trkpt lat="23.806922435760498" lon="120.2813458442688">
        <ele>7.17</ele>
      </trkpt>
      <trkpt lat="23.806648096069694" lon="120.28127099387348">
        <ele>7.18</ele>
      </trkpt>
      <trkpt lat="23.80637384019792" lon="120.28119614347816">
        <ele>7.18</ele>
      </trkpt>
      <trkpt lat="23.806099500507116" lon="120.28112137690187">
        <ele>7.17</ele>
      </trkpt>
      <trkpt lat="23.805825244635344" lon="120.28104652650654">
        <ele>7.15</ele>
      </trkpt>
      <trkpt lat="23.80555098876357" lon="120.28097175993025">
        <ele>7.14</ele>
      </trkpt>
      <trkpt lat="23.805270278826356" lon="120.2808952331543">
        <ele>7.14</ele>
      </trkpt>
      <trkpt lat="23.804964926093817" lon="120.28081275522709">
        <ele>7.15</ele>
      </trkpt>
      <trkpt lat="23.804659573361278" lon="120.28073027729988">
        <ele>7.16</ele>
      </trkpt>
      <trkpt lat="23.80435422062874" lon="120.2806478831917">
        <ele>7.15</ele>
      </trkpt>
      <trkpt lat="23.8040488678962" lon="120.2805654052645">
        <ele>7.15</ele>
      </trkpt>
      <trkpt lat="23.80374351516366" lon="120.28048301115632">
        <ele>7.17</ele>
      </trkpt>
      <trkpt lat="23.80343816243112" lon="120.28040053322911">
        <ele>7.15</ele>
      </trkpt>
      <trkpt lat="23.803124511614442" lon="120.28031587600708">
        <ele>7.09</ele>
      </trkpt>
      <trkpt lat="23.802819158881903" lon="120.28023951686919">
        <ele>7.1</ele>
      </trkpt>
      <trkpt lat="23.802513806149364" lon="120.2801631577313">
        <ele>7.16</ele>
      </trkpt>
      <trkpt lat="23.802208453416824" lon="120.2800867985934">
        <ele>7.15</ele>
      </trkpt>
      <trkpt lat="23.801903184503317" lon="120.28001052327454">
        <ele>7.11</ele>
      </trkpt>
      <trkpt lat="23.801597831770778" lon="120.27993416413665">
        <ele>7.07</ele>
      </trkpt>
      <trkpt lat="23.80129247903824" lon="120.27985780499876">
        <ele>7.04</ele>
      </trkpt>
      <trkpt lat="23.800978744402528" lon="120.2797794342041">
        <ele>7.02</ele>
      </trkpt>
      <trkpt lat="23.800708847120404" lon="120.2797072660178">
        <ele>7.04</ele>
      </trkpt>
      <trkpt lat="23.800439033657312" lon="120.27963509783149">
        <ele>7.1</ele>
      </trkpt>
      <trkpt lat="23.80016913637519" lon="120.27956301346421">
        <ele>7.1</ele>
      </trkpt>
      <trkpt lat="23.799899322912097" lon="120.2794908452779">
        <ele>7.08</ele>
      </trkpt>
      <trkpt lat="23.799629425629973" lon="120.2794186770916">
        <ele>7.05</ele>
      </trkpt>
      <trkpt lat="23.79935961216688" lon="120.27934659272432">
        <ele>7.04</ele>
      </trkpt>
      <trkpt lat="23.799089714884758" lon="120.27927442453802">
        <ele>7.08</ele>
      </trkpt>
      <trkpt lat="23.798811435699463" lon="120.27920007705688">
        <ele>7.11</ele>
      </trkpt>
      <trkpt lat="23.798533575609326" lon="120.2791216224432">
        <ele>7.09</ele>
      </trkpt>
      <trkpt lat="23.79825571551919" lon="120.27904325164855">
        <ele>7.11</ele>
      </trkpt>
      <trkpt lat="23.797974670305848" lon="120.27896404266357">
        <ele>7.16</ele>
      </trkpt>
      <trkpt lat="23.79769672639668" lon="120.27888558804989">
        <ele>7.18</ele>
      </trkpt>
      <trkpt lat="23.797418866306543" lon="120.27880721725523">
        <ele>7.2</ele>
      </trkpt>
      <trkpt lat="23.7971378210932" lon="120.27872800827026">
        <ele>7.22</ele>
      </trkpt>
      <trkpt lat="23.796854596585035" lon="120.27865852229297">
        <ele>7.25</ele>
      </trkpt>
      <trkpt lat="23.79657137207687" lon="120.27858903631568">
        <ele>7.31</ele>
      </trkpt>
      <trkpt lat="23.796288231387734" lon="120.27851955033839">
        <ele>7.34</ele>
      </trkpt>
      <trkpt lat="23.796000564470887" lon="120.27844905853271">
        <ele>7.29</ele>
      </trkpt>
      <trkpt lat="23.795752627775073" lon="120.27838493697345">
        <ele>7.26</ele>
      </trkpt>
      <trkpt lat="23.79550469107926" lon="120.27832081541419">
        <ele>7.25</ele>
      </trkpt>
      <trkpt lat="23.795256754383445" lon="120.27825669385493">
        <ele>7.26</ele>
      </trkpt>
      <trkpt lat="23.79500881768763" lon="120.27819257229567">
        <ele>7.23</ele>
      </trkpt>
      <trkpt lat="23.794756019487977" lon="120.27812719345093">
        <ele>7.25</ele>
      </trkpt>
      <trkpt lat="23.79446734674275" lon="120.27804161421955">
        <ele>7.24</ele>
      </trkpt>
      <trkpt lat="23.79417657852173" lon="120.27795553207397">
        <ele>7.19</ele>
      </trkpt>
      <trkpt lat="23.7939190864563" lon="120.27782678604126">
        <ele>7.12</ele>
      </trkpt>
      <trkpt lat="23.793737031519413" lon="120.27767683379352">
        <ele>7.05</ele>
      </trkpt>
      <trkpt lat="23.793554306030273" lon="120.27752637863159">
        <ele>7.08</ele>
      </trkpt>
      <trkpt lat="23.793339729309082" lon="120.27729034423828">
        <ele>7.14</ele>
      </trkpt>
      <trkpt lat="23.793189525604248" lon="120.27709722518921">
        <ele>7.17</ele>
      </trkpt>
      <trkpt lat="23.79302649758756" lon="120.27681400068104">
        <ele>7.11</ele>
      </trkpt>
      <trkpt lat="23.792863469570875" lon="120.27653077617288">
        <ele>7.07</ele>
      </trkpt>
      <trkpt lat="23.79270044155419" lon="120.27624763548374">
        <ele>7.03</ele>
      </trkpt>
      <trkpt lat="23.792537413537502" lon="120.27596441097558">
        <ele>7.01</ele>
      </trkpt>
      <trkpt lat="23.792374217882752" lon="120.27568101882935">
        <ele>6.97</ele>
      </trkpt>
      <trkpt lat="23.792228288948536" lon="120.27541489340365">
        <ele>6.91</ele>
      </trkpt>
      <trkpt lat="23.79208236001432" lon="120.27514885179698">
        <ele>6.87</ele>
      </trkpt>
      <trkpt lat="23.791936514899135" lon="120.27488281019032">
        <ele>6.8</ele>
      </trkpt>
      <trkpt lat="23.791790585964918" lon="120.27461676858366">
        <ele>6.72</ele>
      </trkpt>
      <trkpt lat="23.7916446570307" lon="120.27435072697699">
        <ele>6.65</ele>
      </trkpt>
      <trkpt lat="23.791498811915517" lon="120.27408468537033">
        <ele>6.57</ele>
      </trkpt>
      <trkpt lat="23.7913528829813" lon="120.27381864376366">
        <ele>6.5</ele>
      </trkpt>
      <trkpt lat="23.791207037866116" lon="120.273552602157">
        <ele>6.45</ele>
      </trkpt>
      <trkpt lat="23.7910611089319" lon="120.2732864767313">
        <ele>6.38</ele>
      </trkpt>
      <trkpt lat="23.79091509617865" lon="120.27302026748657">
        <ele>6.35</ele>
      </trkpt>
      <trkpt lat="23.790764808654785" lon="120.27275565080345">
        <ele>6.28</ele>
      </trkpt>
      <trkpt lat="23.79061460494995" lon="120.27249103412032">
        <ele>6.22</ele>
      </trkpt>
      <trkpt lat="23.790464401245117" lon="120.27222633361816">
        <ele>6.12</ele>
      </trkpt>
      <trkpt lat="23.790292739868164" lon="120.27199029922485">
        <ele>6.05</ele>
      </trkpt>
      <trkpt lat="23.790164161473513" lon="120.27185099199414">
        <ele>5.99</ele>
      </trkpt>
      <trkpt lat="23.790035331621766" lon="120.2717113494873">
        <ele>5.91</ele>
      </trkpt>
      <trkpt lat="23.789896024391055" lon="120.2715720422566">
        <ele>5.82</ele>
      </trkpt>
      <trkpt lat="23.789756298065186" lon="120.27143239974976">
        <ele>5.74</ele>
      </trkpt>
      <trkpt lat="23.78958505578339" lon="120.27130390517414">
        <ele>5.67</ele>
      </trkpt>
      <trkpt lat="23.78941305913031" lon="120.27117490768433">
        <ele>5.59</ele>
      </trkpt>
      <trkpt lat="23.789198398590088" lon="120.27104616165161">
        <ele>5.52</ele>
      </trkpt>
      <trkpt lat="23.789134109392762" lon="120.27100324630737">
        <ele>5.46</ele>
      </trkpt>
      <trkpt lat="23.789048278704286" lon="120.27096033096313">
        <ele>5.41</ele>
      </trkpt>
      <trkpt lat="23.788962364196777" lon="120.2709174156189">
        <ele>5.36</ele>
      </trkpt>
      <trkpt lat="23.78867369145155" lon="120.27079973369837">
        <ele>5.36</ele>
      </trkpt>
      <trkpt lat="23.78838300704956" lon="120.27068138122559">
        <ele>5.33</ele>
      </trkpt>
      <trkpt lat="23.788275718688965" lon="120.27063846588135">
        <ele>5.27</ele>
      </trkpt>
      <trkpt lat="23.788031972944736" lon="120.27055716142058">
        <ele>5.19</ele>
      </trkpt>
      <trkpt lat="23.78778831101954" lon="120.27047594077885">
        <ele>5.1</ele>
      </trkpt>
      <trkpt lat="23.787544649094343" lon="120.27039472013712">
        <ele>5.05</ele>
      </trkpt>
      <trkpt lat="23.787300987169147" lon="120.27031349949539">
        <ele>5.06</ele>
      </trkpt>
      <trkpt lat="23.787052715197206" lon="120.27023077011108">
        <ele>5.06</ele>
      </trkpt>
      <trkpt lat="23.7868388928473" lon="120.2701523154974">
        <ele>5.04</ele>
      </trkpt>
      <trkpt lat="23.786625070497394" lon="120.27007394470274">
        <ele>5.01</ele>
      </trkpt>
      <trkpt lat="23.78640898503363" lon="120.26999473571777">
        <ele>4.96</ele>
      </trkpt>
      <trkpt lat="23.786237323656678" lon="120.26993036270142">
        <ele>4.93</ele>
      </trkpt>
      <trkpt lat="23.78595015965402" lon="120.26980815455317">
        <ele>4.9</ele>
      </trkpt>
      <trkpt lat="23.785662995651364" lon="120.26968594640493">
        <ele>4.89</ele>
      </trkpt>
      <trkpt lat="23.785375831648707" lon="120.26956373825669">
        <ele>4.84</ele>
      </trkpt>
      <trkpt lat="23.785088751465082" lon="120.26944153010845">
        <ele>4.8</ele>
      </trkpt>
      <trkpt lat="23.784801587462425" lon="120.26931940577924">
        <ele>4.82</ele>
      </trkpt>
      <trkpt lat="23.78451442345977" lon="120.269197197631">
        <ele>4.8</ele>
      </trkpt>
      <trkpt lat="23.78422030247748" lon="120.26907205581665">
        <ele>4.82</ele>
      </trkpt>
      <trkpt lat="23.783933725208044" lon="120.26895655319095">
        <ele>4.85</ele>
      </trkpt>
      <trkpt lat="23.78364723175764" lon="120.26884113438427">
        <ele>4.93</ele>
      </trkpt>
      <trkpt lat="23.783360654488206" lon="120.26872563175857">
        <ele>4.94</ele>
      </trkpt>
      <trkpt lat="23.783074161037803" lon="120.2686102129519">
        <ele>4.89</ele>
      </trkpt>
      <trkpt lat="23.782782554626465" lon="120.26849269866943">
        <ele>4.85</ele>
      </trkpt>
      <trkpt lat="23.782482147216797" lon="120.26840686798096">
        <ele>4.88</ele>
      </trkpt>
      <trkpt lat="23.78219892270863" lon="120.26833738200366">
        <ele>4.91</ele>
      </trkpt>
      <trkpt lat="23.781915782019496" lon="120.26826789602637">
        <ele>4.97</ele>
      </trkpt>
      <trkpt lat="23.78163264133036" lon="120.26819841004908">
        <ele>5.01</ele>
      </trkpt>
      <trkpt lat="23.781344974413514" lon="120.26812791824341">
        <ele>5.02</ele>
      </trkpt>
      <trkpt lat="23.781108940020204" lon="120.26806354522705">
        <ele>5.02</ele>
      </trkpt>
      <trkpt lat="23.780866703018546" lon="120.26801367290318">
        <ele>5.01</ele>
      </trkpt>
      <trkpt lat="23.78062446601689" lon="120.26796380057931">
        <ele>4.98</ele>
      </trkpt>
      <trkpt lat="23.780379379168153" lon="120.26791334152222">
        <ele>4.99</ele>
      </trkpt>
      <trkpt lat="23.78037929534912" lon="120.26791334152222">
        <ele>5.01</ele>
      </trkpt>
      <trkpt lat="23.780073942616582" lon="120.26784310117364">
        <ele>5.05</ele>
      </trkpt>
      <trkpt lat="23.779768673703074" lon="120.26777286082506">
        <ele>5.15</ele>
      </trkpt>
      <trkpt lat="23.779463320970535" lon="120.26770262047648">
        <ele>5.11</ele>
      </trkpt>
      <trkpt lat="23.779158052057028" lon="120.2676323801279">
        <ele>5.13</ele>
      </trkpt>
      <trkpt lat="23.77885278314352" lon="120.26756222359836">
        <ele>5.17</ele>
      </trkpt>
      <trkpt lat="23.77854743041098" lon="120.26749198324978">
        <ele>5.2</ele>
      </trkpt>
      <trkpt lat="23.77823361195624" lon="120.26741981506348">
        <ele>5.19</ele>
      </trkpt>
      <trkpt lat="23.778233528137207" lon="120.26741981506348">
        <ele>5.22</ele>
      </trkpt>
      <trkpt lat="23.777987686917186" lon="120.26736097410321">
        <ele>5.24</ele>
      </trkpt>
      <trkpt lat="23.777741929516196" lon="120.26730221696198">
        <ele>5.27</ele>
      </trkpt>
      <trkpt lat="23.777496172115207" lon="120.26724345982075">
        <ele>5.32</ele>
      </trkpt>
      <trkpt lat="23.777246475219727" lon="120.26718378067017">
        <ele>5.4</ele>
      </trkpt>
      <trkpt lat="23.776952605694532" lon="120.2671196591109">
        <ele>5.42</ele>
      </trkpt>
      <trkpt lat="23.77665873616934" lon="120.26705553755164">
        <ele>5.45</ele>
      </trkpt>
      <trkpt lat="23.776364950463176" lon="120.26699141599238">
        <ele>5.45</ele>
      </trkpt>
      <trkpt lat="23.776066387072206" lon="120.26692628860474">
        <ele>5.46</ele>
      </trkpt>
      <trkpt lat="23.775788443163037" lon="120.26686216704547">
        <ele>5.48</ele>
      </trkpt>
      <trkpt lat="23.775508403778076" lon="120.26679754257202">
        <ele>5.5</ele>
      </trkpt>
      <trkpt lat="23.77533749677241" lon="120.26678681373596">
        <ele>5.52</ele>
      </trkpt>
      <trkpt lat="23.7751651648432" lon="120.2667760848999">
        <ele>5.52</ele>
      </trkpt>
      <trkpt lat="23.774887304753065" lon="120.26679737493396">
        <ele>5.51</ele>
      </trkpt>
      <trkpt lat="23.774607181549072" lon="120.26681900024414">
        <ele>5.52</ele>
      </trkpt>
      <trkpt lat="23.77437114715576" lon="120.26684045791626">
        <ele>5.57</ele>
      </trkpt>
      <trkpt lat="23.774189427495003" lon="120.26689385063946">
        <ele>5.6</ele>
      </trkpt>
      <trkpt lat="23.774006366729736" lon="120.26694774627686">
        <ele>5.61</ele>
      </trkpt>
      <trkpt lat="23.773846020922065" lon="120.26701186783612">
        <ele>5.61</ele>
      </trkpt>
      <trkpt lat="23.77368458546698" lon="120.26707649230957">
        <ele>5.63</ele>
      </trkpt>
      <trkpt lat="23.77350278198719" lon="120.26715125888586">
        <ele>5.67</ele>
      </trkpt>
      <trkpt lat="23.773319805040956" lon="120.2672266960144">
        <ele>5.69</ele>
      </trkpt>
      <trkpt lat="23.773127188906074" lon="120.26733364909887">
        <ele>5.69</ele>
      </trkpt>
      <trkpt lat="23.77293348312378" lon="120.2674412727356">
        <ele>5.69</ele>
      </trkpt>
      <trkpt lat="23.772762408480048" lon="120.2674946654588">
        <ele>5.66</ele>
      </trkpt>
      <trkpt lat="23.772590160369873" lon="120.26754856109619">
        <ele>5.62</ele>
      </trkpt>
      <trkpt lat="23.77237558364868" lon="120.26757001876831">
        <ele>5.61</ele>
      </trkpt>
      <trkpt lat="23.77213954925537" lon="120.26757001876831">
        <ele>5.64</ele>
      </trkpt>
      <trkpt lat="23.7719464302063" lon="120.26752710342407">
        <ele>5.67</ele>
      </trkpt>
      <trkpt lat="23.771731853485107" lon="120.26748418807983">
        <ele>5.74</ele>
      </trkpt>
      <trkpt lat="23.771495819091797" lon="120.26737689971924">
        <ele>5.78</ele>
      </trkpt>
      <trkpt lat="23.7713885307312" lon="120.26731252670288">
        <ele>5.8</ele>
      </trkpt>
      <trkpt lat="23.77120672725141" lon="120.26721621863544">
        <ele>5.81</ele>
      </trkpt>
      <trkpt lat="23.771023834124207" lon="120.26711940765381">
        <ele>5.8</ele>
      </trkpt>
      <trkpt lat="23.770831217989326" lon="120.26700524613261">
        <ele>5.8</ele>
      </trkpt>
      <trkpt lat="23.770638685673475" lon="120.26689116843045">
        <ele>5.81</ele>
      </trkpt>
      <trkpt lat="23.77044447697699" lon="120.2667760848999">
        <ele>5.79</ele>
      </trkpt>
      <trkpt lat="23.770223362371325" lon="120.26664054952562">
        <ele>5.77</ele>
      </trkpt>
      <trkpt lat="23.77000224776566" lon="120.26650501415133">
        <ele>5.77</ele>
      </trkpt>
      <trkpt lat="23.769779289141297" lon="120.26636838912964">
        <ele>5.81</ele>
      </trkpt>
      <trkpt lat="23.769511822611094" lon="120.2662078756839">
        <ele>5.82</ele>
      </trkpt>
      <trkpt lat="23.76924284733832" lon="120.26604652404785">
        <ele>5.83</ele>
      </trkpt>
      <trkpt lat="23.76898535527289" lon="120.26591777801514">
        <ele>5.84</ele>
      </trkpt>
      <trkpt lat="23.768792739138007" lon="120.26581074111164">
        <ele>5.83</ele>
      </trkpt>
      <trkpt lat="23.768599033355713" lon="120.26570320129395">
        <ele>5.85</ele>
      </trkpt>
      <trkpt lat="23.76842737197876" lon="120.26563882827759">
        <ele>5.9</ele>
      </trkpt>
      <trkpt lat="23.76818153075874" lon="120.26556397788227">
        <ele>5.93</ele>
      </trkpt>
      <trkpt lat="23.76793384552002" lon="120.26548862457275">
        <ele>5.93</ele>
      </trkpt>
      <trkpt lat="23.767633521929383" lon="120.2654242515564">
        <ele>5.9</ele>
      </trkpt>
      <trkpt lat="23.76740905456245" lon="120.26537077501416">
        <ele>5.89</ele>
      </trkpt>
      <trkpt lat="23.76718291081488" lon="120.2653169631958">
        <ele>5.87</ele>
      </trkpt>
      <trkpt lat="23.76688719727099" lon="120.26525636203587">
        <ele>5.88</ele>
      </trkpt>
      <trkpt lat="23.76659156754613" lon="120.26519584469497">
        <ele>5.92</ele>
      </trkpt>
      <trkpt lat="23.76629593782127" lon="120.26513524353504">
        <ele>5.98</ele>
      </trkpt>
      <trkpt lat="23.76600030809641" lon="120.26507472619414">
        <ele>6.03</ele>
      </trkpt>
      <trkpt lat="23.76570467837155" lon="120.26501412503421">
        <ele>5.99</ele>
      </trkpt>
      <trkpt lat="23.76540184020996" lon="120.26495218276978">
        <ele>5.89</ele>
      </trkpt>
      <trkpt lat="23.76516580581665" lon="120.26490926742554">
        <ele>5.82</ele>
      </trkpt>
      <trkpt lat="23.76489222049713" lon="120.26485369540751">
        <ele>5.81</ele>
      </trkpt>
      <trkpt lat="23.764618635177612" lon="120.26479812338948">
        <ele>5.85</ele>
      </trkpt>
      <trkpt lat="23.764345133677125" lon="120.26474255137146">
        <ele>5.89</ele>
      </trkpt>
      <trkpt lat="23.764071548357606" lon="120.26468697935343">
        <ele>5.9</ele>
      </trkpt>
      <trkpt lat="23.763792514801025" lon="120.26463031768799">
        <ele>5.87</ele>
      </trkpt>
      <trkpt lat="23.76368522644043" lon="120.26460886001587">
        <ele>5.82</ele>
      </trkpt>
      <trkpt lat="23.763412730768323" lon="120.2645500190556">
        <ele>5.78</ele>
      </trkpt>
      <trkpt lat="23.763140235096216" lon="120.26449126191437">
        <ele>5.7</ele>
      </trkpt>
      <trkpt lat="23.76286773942411" lon="120.26443250477314">
        <ele>5.65</ele>
      </trkpt>
      <trkpt lat="23.762590885162354" lon="120.26437282562256">
        <ele>5.6</ele>
      </trkpt>
      <trkpt lat="23.762409249320626" lon="120.26435145176947">
        <ele>5.58</ele>
      </trkpt>
      <trkpt lat="23.76222618855536" lon="120.26432991027832">
        <ele>5.54</ele>
      </trkpt>
      <trkpt lat="23.762118900194764" lon="120.2643084526062">
        <ele>5.47</ele>
      </trkpt>
      <trkpt lat="23.762118816375732" lon="120.2643084526062">
        <ele>5.43</ele>
      </trkpt>
      <trkpt lat="23.761883787810802" lon="120.26429772377014">
        <ele>5.37</ele>
      </trkpt>
      <trkpt lat="23.761646831408143" lon="120.26428699493408">
        <ele>5.34</ele>
      </trkpt>
      <trkpt lat="23.761390345171094" lon="120.26427274569869">
        <ele>5.27</ele>
      </trkpt>
      <trkpt lat="23.761133942753077" lon="120.2642584964633">
        <ele>5.19</ele>
      </trkpt>
      <trkpt lat="23.760874271392822" lon="120.26424407958984">
        <ele>5.12</ele>
      </trkpt>
      <trkpt lat="23.760596495121717" lon="120.26422270573676">
        <ele>5.1</ele>
      </trkpt>
      <trkpt lat="23.760318718850613" lon="120.26420133188367">
        <ele>5.05</ele>
      </trkpt>
      <trkpt lat="23.760040942579508" lon="120.26417995803058">
        <ele>4.98</ele>
      </trkpt>
      <trkpt lat="23.75975855626166" lon="120.26415824890137">
        <ele>4.92</ele>
      </trkpt>
      <trkpt lat="23.75950207002461" lon="120.26414752006531">
        <ele>4.92</ele>
      </trkpt>
      <trkpt lat="23.759243488311768" lon="120.26413679122925">
        <ele>4.91</ele>
      </trkpt>
      <trkpt lat="23.759093284606934" lon="120.26409387588501">
        <ele>4.88</ele>
      </trkpt>
      <trkpt lat="23.758857250213623" lon="120.26402950286865">
        <ele>4.87</ele>
      </trkpt>
      <trkpt lat="23.758599758148193" lon="120.26390075683594">
        <ele>4.85</ele>
      </trkpt>
      <trkpt lat="23.758378643542528" lon="120.26375809684396">
        <ele>4.83</ele>
      </trkpt>
      <trkpt lat="23.758157528936863" lon="120.26361543685198">
        <ele>4.79</ele>
      </trkpt>
      <trkpt lat="23.75793465413153" lon="120.26347160339355">
        <ele>4.79</ele>
      </trkpt>
      <trkpt lat="23.757672552019358" lon="120.26331108994782">
        <ele>4.79</ele>
      </trkpt>
      <trkpt lat="23.757410449907184" lon="120.26315066032112">
        <ele>4.83</ele>
      </trkpt>
      <trkpt lat="23.75714834779501" lon="120.26299014687538">
        <ele>4.89</ele>
      </trkpt>
      <trkpt lat="23.756883228197694" lon="120.26282787322998">
        <ele>4.95</ele>
      </trkpt>
      <trkpt lat="23.756883144378662" lon="120.26282787322998">
        <ele>4.99</ele>
      </trkpt>
      <trkpt lat="23.756626322865486" lon="120.26266375556588">
        <ele>5.02</ele>
      </trkpt>
      <trkpt lat="23.756369585171342" lon="120.26249972172081">
        <ele>5.01</ele>
      </trkpt>
      <trkpt lat="23.756112763658166" lon="120.26233568787575">
        <ele>5.07</ele>
      </trkpt>
      <trkpt lat="23.75585602596402" lon="120.26217165403068">
        <ele>5.17</ele>
      </trkpt>
      <trkpt lat="23.755599288269877" lon="120.26200762018561">
        <ele>5.28</ele>
      </trkpt>
      <trkpt lat="23.755338191986084" lon="120.2618408203125">
        <ele>5.38</ele>
      </trkpt>
      <trkpt lat="23.755102157592773" lon="120.26169061660767">
        <ele>5.45</ele>
      </trkpt>
      <trkpt lat="23.754823207855225" lon="120.26160478591919">
        <ele>5.5</ele>
      </trkpt>
      <trkpt lat="23.754758834838867" lon="120.26154041290283">
        <ele>5.58</ele>
      </trkpt>
      <trkpt lat="23.754630088806152" lon="120.26141166687012">
        <ele>5.65</ele>
      </trkpt>
      <trkpt lat="23.754373351112008" lon="120.26125115342438">
        <ele>5.75</ele>
      </trkpt>
      <trkpt lat="23.754115188494325" lon="120.26108980178833">
        <ele>5.86</ele>
      </trkpt>
      <trkpt lat="23.75384336337447" lon="120.26091646403074">
        <ele>5.94</ele>
      </trkpt>
      <trkpt lat="23.75357162207365" lon="120.26074312627316">
        <ele>6.01</ele>
      </trkpt>
      <trkpt lat="23.75329988077283" lon="120.26056978851557">
        <ele>6.09</ele>
      </trkpt>
      <trkpt lat="23.753028139472008" lon="120.26039645075798">
        <ele>6.18</ele>
      </trkpt>
      <trkpt lat="23.752756398171186" lon="120.2602231130004">
        <ele>6.34</ele>
      </trkpt>
      <trkpt lat="23.752484656870365" lon="120.26004985906184">
        <ele>6.51</ele>
      </trkpt>
      <trkpt lat="23.752212831750512" lon="120.25987652130425">
        <ele>6.62</ele>
      </trkpt>
      <trkpt lat="23.75194109044969" lon="120.25970318354666">
        <ele>6.69</ele>
      </trkpt>
      <trkpt lat="23.75166934914887" lon="120.25952984578907">
        <ele>6.81</ele>
      </trkpt>
      <trkpt lat="23.751389980316162" lon="120.25935173034668">
        <ele>6.96</ele>
      </trkpt>
      <trkpt lat="23.751390064135194" lon="120.25935173034668">
        <ele>7.06</ele>
      </trkpt>
      <trkpt lat="23.751140451058745" lon="120.259201945737">
        <ele>7.18</ele>
      </trkpt>
      <trkpt lat="23.750890837982297" lon="120.25905216112733">
        <ele>7.3</ele>
      </trkpt>
      <trkpt lat="23.750639045611024" lon="120.25890111923218">
        <ele>7.4</ele>
      </trkpt>
      <trkpt lat="23.75048884190619" lon="120.25879383087158">
        <ele>7.49</ele>
      </trkpt>
      <trkpt lat="23.75028549693525" lon="120.25865469127893">
        <ele>7.59</ele>
      </trkpt>
      <trkpt lat="23.750081146135926" lon="120.25851488113403">
        <ele>7.69</ele>
      </trkpt>
      <trkpt lat="23.74982968904078" lon="120.25835973210633">
        <ele>7.8</ele>
      </trkpt>
      <trkpt lat="23.749578231945634" lon="120.25820458307862">
        <ele>7.87</ele>
      </trkpt>
      <trkpt lat="23.74932685866952" lon="120.25804951786995">
        <ele>7.91</ele>
      </trkpt>
      <trkpt lat="23.749072551727295" lon="120.25789260864258">
        <ele>7.94</ele>
      </trkpt>
      <trkpt lat="23.748900974169374" lon="120.25782823562622">
        <ele>7.97</ele>
      </trkpt>
      <trkpt lat="23.748793601989746" lon="120.25752782821655">
        <ele>8.04</ele>
      </trkpt>
      <trkpt lat="23.748793685808778" lon="120.25752782821655">
        <ele>8.07</ele>
      </trkpt>
      <trkpt lat="23.748729145154357" lon="120.25734527036548">
        <ele>8.12</ele>
      </trkpt>
      <trkpt lat="23.74866485595703" lon="120.25716304779053">
        <ele>8.16</ele>
      </trkpt>
      <trkpt lat="23.748622024431825" lon="120.25684118270874">
        <ele>8.17</ele>
      </trkpt>
      <trkpt lat="23.748578941449523" lon="120.2566048130393">
        <ele>8.17</ele>
      </trkpt>
      <trkpt lat="23.748536109924316" lon="120.25636911392212">
        <ele>8.16</ele>
      </trkpt>
      <trkpt lat="23.74827870167792" lon="120.25626182556152">
        <ele>8.13</ele>
      </trkpt>
      <trkpt lat="23.748043505474925" lon="120.25617624633014">
        <ele>8.09</ele>
      </trkpt>
      <trkpt lat="23.747806632891297" lon="120.25609016418457">
        <ele>8.06</ele>
      </trkpt>
      <trkpt lat="23.747677886858582" lon="120.25602579116821">
        <ele>8.04</ele>
      </trkpt>
      <trkpt lat="23.74744176864624" lon="120.25593996047974">
        <ele>8.02</ele>
      </trkpt>
      <trkpt lat="23.747291564941406" lon="120.2558970451355">
        <ele>8.0</ele>
      </trkpt>
      <trkpt lat="23.747077072039247" lon="120.25587558746338">
        <ele>7.92</ele>
      </trkpt>
      <trkpt lat="23.746841959655285" lon="120.25589687749743">
        <ele>7.85</ele>
      </trkpt>
      <trkpt lat="23.746604919433594" lon="120.25591850280762">
        <ele>7.78</ele>
      </trkpt>
      <trkpt lat="23.746519088745117" lon="120.25572529993951">
        <ele>7.73</ele>
      </trkpt>
      <trkpt lat="23.746433341875672" lon="120.25553226470947">
        <ele>7.69</ele>
      </trkpt>
      <trkpt lat="23.746325969696045" lon="120.25531768798828">
        <ele>7.64</ele>
      </trkpt>
      <trkpt lat="23.746326053515077" lon="120.25518894195557">
        <ele>7.59</ele>
      </trkpt>
      <trkpt lat="23.746315240859985" lon="120.2548988442868">
        <ele>7.55</ele>
      </trkpt>
      <trkpt lat="23.746304512023926" lon="120.25460958480835">
        <ele>7.49</ele>
      </trkpt>
      <trkpt lat="23.746304595842957" lon="120.25460958480835">
        <ele>7.45</ele>
      </trkpt>
      <trkpt lat="23.746326053515077" lon="120.25428771972656">
        <ele>7.4</ele>
      </trkpt>
      <trkpt lat="23.746331334114075" lon="120.25397071614861">
        <ele>7.34</ele>
      </trkpt>
      <trkpt lat="23.746336698532104" lon="120.2536537963897">
        <ele>7.29</ele>
      </trkpt>
      <trkpt lat="23.746342062950134" lon="120.25333687663078">
        <ele>7.22</ele>
      </trkpt>
      <trkpt lat="23.746347427368164" lon="120.25301995687187">
        <ele>7.16</ele>
      </trkpt>
      <trkpt lat="23.746352791786194" lon="120.25270295329392">
        <ele>7.19</ele>
      </trkpt>
      <trkpt lat="23.746358156204224" lon="120.252386033535">
        <ele>7.23</ele>
      </trkpt>
      <trkpt lat="23.746363520622253" lon="120.25206911377609">
        <ele>7.26</ele>
      </trkpt>
      <trkpt lat="23.746368885040283" lon="120.2517557144165">
        <ele>7.2</ele>
      </trkpt>
      <trkpt lat="23.746154811233282" lon="120.25159511715174">
        <ele>7.19</ele>
      </trkpt>
      <trkpt lat="23.745939815416932" lon="120.25143384933472">
        <ele>7.16</ele>
      </trkpt>
      <trkpt lat="23.7459397315979" lon="120.25143384933472">
        <ele>7.11</ele>
      </trkpt>
      <trkpt lat="23.745768489316106" lon="120.25131608359516">
        <ele>7.04</ele>
      </trkpt>
      <trkpt lat="23.745596492663026" lon="120.2511978149414">
        <ele>6.95</ele>
      </trkpt>
      <trkpt lat="23.74546774663031" lon="120.25111198425293">
        <ele>6.85</ele>
      </trkpt>
      <trkpt lat="23.74523942358792" lon="120.25094786658883">
        <ele>6.75</ele>
      </trkpt>
      <trkpt lat="23.745011100545526" lon="120.25078374892473">
        <ele>6.67</ele>
      </trkpt>
      <trkpt lat="23.744782777503133" lon="120.25061963126063">
        <ele>6.63</ele>
      </trkpt>
      <trkpt lat="23.744554538279772" lon="120.25045559741557">
        <ele>6.61</ele>
      </trkpt>
      <trkpt lat="23.74432621523738" lon="120.25029147975147">
        <ele>6.55</ele>
      </trkpt>
      <trkpt lat="23.744094455614686" lon="120.25012493133545">
        <ele>6.47</ele>
      </trkpt>
      <trkpt lat="23.74394458718598" lon="120.25001789443195">
        <ele>6.39</ele>
      </trkpt>
      <trkpt lat="23.743794048205018" lon="120.24991035461426">
        <ele>6.33</ele>
      </trkpt>
      <trkpt lat="23.74363336712122" lon="120.24978186003864">
        <ele>6.25</ele>
      </trkpt>
      <trkpt lat="23.7434720993042" lon="120.24965286254883">
        <ele>6.17</ele>
      </trkpt>
      <trkpt lat="23.74328996054828" lon="120.24945999495685">
        <ele>6.11</ele>
      </trkpt>
      <trkpt lat="23.743107318878174" lon="120.24926662445068">
        <ele>6.03</ele>
      </trkpt>
      <trkpt lat="23.742914367467165" lon="120.24900628253818">
        <ele>5.95</ele>
      </trkpt>
      <trkpt lat="23.742721416056156" lon="120.24874594062567">
        <ele>5.84</ele>
      </trkpt>
      <trkpt lat="23.742528464645147" lon="120.24848559871316">
        <ele>5.76</ele>
      </trkpt>
      <trkpt lat="23.74233551323414" lon="120.24822525680065">
        <ele>5.77</ele>
      </trkpt>
      <trkpt lat="23.74214256182313" lon="120.24796491488814">
        <ele>5.79</ele>
      </trkpt>
      <trkpt lat="23.74194961041212" lon="120.24770457297564">
        <ele>5.73</ele>
      </trkpt>
      <trkpt lat="23.7417555693537" lon="120.24744272232056">
        <ele>5.67</ele>
      </trkpt>
      <trkpt lat="23.741669738665223" lon="120.24733543395996">
        <ele>5.63</ele>
      </trkpt>
      <trkpt lat="23.741562366485596" lon="120.24718523025513">
        <ele>5.6</ele>
      </trkpt>
      <trkpt lat="23.741369247436523" lon="120.24699211120605">
        <ele>5.6</ele>
      </trkpt>
      <trkpt lat="23.741326332092285" lon="120.24686336517334">
        <ele>5.6</ele>
      </trkpt>
      <trkpt lat="23.741261959075928" lon="120.2467131614685">
        <ele>5.55</ele>
      </trkpt>
      <trkpt lat="23.741122484207153" lon="120.24649866856635">
        <ele>5.48</ele>
      </trkpt>
      <trkpt lat="23.74098300933838" lon="120.24628400802612">
        <ele>5.39</ele>
      </trkpt>
      <trkpt lat="23.740815706551075" lon="120.24604378268123">
        <ele>5.36</ele>
      </trkpt>
      <trkpt lat="23.740648487582803" lon="120.24580364115536">
        <ele>5.37</ele>
      </trkpt>
      <trkpt lat="23.7404811847955" lon="120.2455634996295">
        <ele>5.38</ele>
      </trkpt>
      <trkpt lat="23.740313965827227" lon="120.2453232742846">
        <ele>5.39</ele>
      </trkpt>
      <trkpt lat="23.740146160125732" lon="120.24508237838745">
        <ele>5.4</ele>
      </trkpt>
      <trkpt lat="23.74001749791205" lon="120.24486780166626">
        <ele>5.39</ele>
      </trkpt>
      <trkpt lat="23.73989587649703" lon="120.24467468261719">
        <ele>5.36</ele>
      </trkpt>
      <trkpt lat="23.739774338901043" lon="120.24448164738715">
        <ele>5.33</ele>
      </trkpt>
      <trkpt lat="23.739652633666992" lon="120.24428844451904">
        <ele>5.32</ele>
      </trkpt>
      <trkpt lat="23.73950251378119" lon="120.2440094947815">
        <ele>5.33</ele>
      </trkpt>
      <trkpt lat="23.739384412765503" lon="120.24376264773309">
        <ele>5.33</ele>
      </trkpt>
      <trkpt lat="23.73926647938788" lon="120.24351596832275">
        <ele>5.34</ele>
      </trkpt>
      <trkpt lat="23.739166231825948" lon="120.2432940993458">
        <ele>5.32</ele>
      </trkpt>
      <trkpt lat="23.739066068083048" lon="120.24307231418788">
        <ele>5.3</ele>
      </trkpt>
      <trkpt lat="23.73896607197821" lon="120.24285078048706">
        <ele>5.28</ele>
      </trkpt>
      <trkpt lat="23.738880157470703" lon="120.2426360361278">
        <ele>5.27</ele>
      </trkpt>
      <trkpt lat="23.73879441060126" lon="120.24242162704468">
        <ele>5.24</ele>
      </trkpt>
      <trkpt lat="23.73866985552013" lon="120.24214250966907">
        <ele>5.23</ele>
      </trkpt>
      <trkpt lat="23.738545384258032" lon="120.24186347611248">
        <ele>5.23</ele>
      </trkpt>
      <trkpt lat="23.738420912995934" lon="120.2415844425559">
        <ele>5.22</ele>
      </trkpt>
      <trkpt lat="23.738296441733837" lon="120.24130540899932">
        <ele>5.25</ele>
      </trkpt>
      <trkpt lat="23.738172138109803" lon="120.24102687835693">
        <ele>5.29</ele>
      </trkpt>
      <trkpt lat="23.738054037094116" lon="120.2407263033092">
        <ele>5.25</ele>
      </trkpt>
      <trkpt lat="23.737936103716493" lon="120.2404260635376">
        <ele>5.22</ele>
      </trkpt>
      <trkpt lat="23.737828731536865" lon="120.24015407077968">
        <ele>5.15</ele>
      </trkpt>
      <trkpt lat="23.737721359357238" lon="120.2398821618408">
        <ele>5.0</ele>
      </trkpt>
      <trkpt lat="23.737614238634706" lon="120.23961067199707">
        <ele>4.87</ele>
      </trkpt>
      <trkpt lat="23.737506866455078" lon="120.2393102645874">
        <ele>4.8</ele>
      </trkpt>
      <trkpt lat="23.737399661913514" lon="120.23900985717773">
        <ele>4.78</ele>
      </trkpt>
      <trkpt lat="23.737313663586974" lon="120.2387629263103">
        <ele>4.73</ele>
      </trkpt>
      <trkpt lat="23.73722791671753" lon="120.238516330719">
        <ele>4.67</ele>
      </trkpt>
      <trkpt lat="23.73715273104608" lon="120.23828004486859">
        <ele>4.58</ele>
      </trkpt>
      <trkpt lat="23.737077796831727" lon="120.23804426193237">
        <ele>4.47</ele>
      </trkpt>
      <trkpt lat="23.73699188232422" lon="120.23777939379215">
        <ele>4.39</ele>
      </trkpt>
      <trkpt lat="23.73690596781671" lon="120.23751452565193">
        <ele>4.32</ele>
      </trkpt>
      <trkpt lat="23.736820304766297" lon="120.23725032806396">
        <ele>4.23</ele>
      </trkpt>
      <trkpt lat="23.73672718182206" lon="120.23699266836047">
        <ele>4.17</ele>
      </trkpt>
      <trkpt lat="23.736634142696857" lon="120.23673500865698">
        <ele>4.13</ele>
      </trkpt>
      <trkpt lat="23.73654135502875" lon="120.23647785186768">
        <ele>4.08</ele>
      </trkpt>
      <trkpt lat="23.73643825761974" lon="120.23618146777153">
        <ele>4.04</ele>
      </trkpt>
      <trkpt lat="23.73633516021073" lon="120.23588516749442">
        <ele>3.99</ele>
      </trkpt>
      <trkpt lat="23.73623214662075" lon="120.2355888672173">
        <ele>3.91</ele>
      </trkpt>
      <trkpt lat="23.73612904921174" lon="120.23529256694019">
        <ele>3.89</ele>
      </trkpt>
      <trkpt lat="23.73602637089789" lon="120.23499727249146">
        <ele>3.82</ele>
      </trkpt>
      <trkpt lat="23.73593509197235" lon="120.23473952896893">
        <ele>3.72</ele>
      </trkpt>
      <trkpt lat="23.735843813046813" lon="120.23448186926544">
        <ele>3.68</ele>
      </trkpt>
      <trkpt lat="23.735752534121275" lon="120.23422420956194">
        <ele>3.71</ele>
      </trkpt>
      <trkpt lat="23.735661590471864" lon="120.23396730422974">
        <ele>3.71</ele>
      </trkpt>
      <trkpt lat="23.735554218292236" lon="120.23365591652691">
        <ele>3.65</ele>
      </trkpt>
      <trkpt lat="23.735447013750672" lon="120.23334503173828">
        <ele>3.56</ele>
      </trkpt>
      <trkpt lat="23.735361015424132" lon="120.2330765593797">
        <ele>3.51</ele>
      </trkpt>
      <trkpt lat="23.735275268554688" lon="120.2328085899353">
        <ele>3.51</ele>
      </trkpt>
      <trkpt lat="23.735157167539" lon="120.23252947255969">
        <ele>3.55</ele>
      </trkpt>
      <trkpt lat="23.73503931798041" lon="120.2322506904602">
        <ele>3.59</ele>
      </trkpt>
      <trkpt lat="23.735039234161377" lon="120.2322506904602">
        <ele>3.56</ele>
      </trkpt>
      <trkpt lat="23.73494259081781" lon="120.23202521726489">
        <ele>3.55</ele>
      </trkpt>
      <trkpt lat="23.734846115112305" lon="120.2318000793457">
        <ele>3.5</ele>
      </trkpt>
      <trkpt lat="23.73472809791565" lon="120.2315532322973">
        <ele>3.42</ele>
      </trkpt>
      <trkpt lat="23.734610164538026" lon="120.23130655288696">
        <ele>3.39</ele>
      </trkpt>
      <trkpt lat="23.734495667740703" lon="120.23111343383789">
        <ele>3.36</ele>
      </trkpt>
      <trkpt lat="23.73438125476241" lon="120.23092039860785">
        <ele>3.34</ele>
      </trkpt>
      <trkpt lat="23.734266757965088" lon="120.23072719573975">
        <ele>3.31</ele>
      </trkpt>
      <trkpt lat="23.734138095751405" lon="120.23052695207298">
        <ele>3.27</ele>
      </trkpt>
      <trkpt lat="23.73400943353772" lon="120.23032679222524">
        <ele>3.23</ele>
      </trkpt>
      <trkpt lat="23.733880603685975" lon="120.23012638092041">
        <ele>3.17</ele>
      </trkpt>
      <trkpt lat="23.73373031616211" lon="120.22997617721558">
        <ele>3.12</ele>
      </trkpt>
      <trkpt lat="23.733644485473633" lon="120.22982597351074">
        <ele>3.08</ele>
      </trkpt>
      <trkpt lat="23.733558738604188" lon="120.22967576980591">
        <ele>3.05</ele>
      </trkpt>
      <trkpt lat="23.733394285663962" lon="120.22941475734115">
        <ele>3.01</ele>
      </trkpt>
      <trkpt lat="23.733229832723737" lon="120.22915382869542">
        <ele>2.89</ele>
      </trkpt>
      <trkpt lat="23.73306537978351" lon="120.22889281623065">
        <ele>2.82</ele>
      </trkpt>
      <trkpt lat="23.732900926843286" lon="120.22863188758492">
        <ele>2.81</ele>
      </trkpt>
      <trkpt lat="23.73273647390306" lon="120.2283709589392">
        <ele>2.8</ele>
      </trkpt>
      <trkpt lat="23.732572104781866" lon="120.22810994647443">
        <ele>2.8</ele>
      </trkpt>
      <trkpt lat="23.73240765184164" lon="120.2278490178287">
        <ele>2.76</ele>
      </trkpt>
      <trkpt lat="23.732243198901415" lon="120.22758800536394">
        <ele>2.74</ele>
      </trkpt>
      <trkpt lat="23.73207874596119" lon="120.22732707671821">
        <ele>2.73</ele>
      </trkpt>
      <trkpt lat="23.731914293020964" lon="120.22706614807248">
        <ele>2.68</ele>
      </trkpt>
      <trkpt lat="23.73174992389977" lon="120.22680513560772">
        <ele>2.67</ele>
      </trkpt>
      <trkpt lat="23.731584632769227" lon="120.22654294967651">
        <ele>2.64</ele>
      </trkpt>
      <trkpt lat="23.731427304446697" lon="120.22628554143012">
        <ele>2.59</ele>
      </trkpt>
      <trkpt lat="23.731269976124167" lon="120.22602813318372">
        <ele>2.5</ele>
      </trkpt>
      <trkpt lat="23.731112563982606" lon="120.22577047348022">
        <ele>2.43</ele>
      </trkpt>
      <trkpt lat="23.730990942567587" lon="120.22557735443115">
        <ele>2.4</ele>
      </trkpt>
      <trkpt lat="23.7308694049716" lon="120.22538431920111">
        <ele>2.38</ele>
      </trkpt>
      <trkpt lat="23.73074769973755" lon="120.22519111633301">
        <ele>2.37</ele>
      </trkpt>
      <trkpt lat="23.730661952868104" lon="120.22497653961182">
        <ele>2.41</ele>
      </trkpt>
      <trkpt lat="23.73049029149115" lon="120.2246976736933">
        <ele>2.37</ele>
      </trkpt>
      <trkpt lat="23.730318630114198" lon="120.22441864013672">
        <ele>2.32</ele>
      </trkpt>
      <trkpt lat="23.730168426409364" lon="120.22417346946895">
        <ele>2.23</ele>
      </trkpt>
      <trkpt lat="23.73001830652356" lon="120.22392829880118">
        <ele>2.18</ele>
      </trkpt>
      <trkpt lat="23.729868102818727" lon="120.22368312813342">
        <ele>2.17</ele>
      </trkpt>
      <trkpt lat="23.729717982932925" lon="120.22343804128468">
        <ele>2.14</ele>
      </trkpt>
      <trkpt lat="23.729567863047123" lon="120.22319287061691">
        <ele>2.06</ele>
      </trkpt>
      <trkpt lat="23.72941765934229" lon="120.22294769994915">
        <ele>1.95</ele>
      </trkpt>
      <trkpt lat="23.72926720418036" lon="120.22270202636719">
        <ele>1.86</ele>
      </trkpt>
      <trkpt lat="23.729095542803407" lon="120.222426680848">
        <ele>1.84</ele>
      </trkpt>
      <trkpt lat="23.728923965245485" lon="120.22215141914785">
        <ele>1.89</ele>
      </trkpt>
      <trkpt lat="23.728752387687564" lon="120.2218761574477">
        <ele>1.85</ele>
      </trkpt>
      <trkpt lat="23.728580810129642" lon="120.22160089574754">
        <ele>1.81</ele>
      </trkpt>
      <trkpt lat="23.72840923257172" lon="120.22132563404739">
        <ele>1.77</ele>
      </trkpt>
      <trkpt lat="23.72823723591864" lon="120.22104978561401">
        <ele>1.75</ele>
      </trkpt>
      <trkpt lat="23.728115614503622" lon="120.22084954194725">
        <ele>1.77</ele>
      </trkpt>
      <trkpt lat="23.727993993088603" lon="120.22064929828048">
        <ele>1.79</ele>
      </trkpt>
      <trkpt lat="23.727872371673584" lon="120.22044897079468">
        <ele>1.81</ele>
      </trkpt>
      <trkpt lat="23.7277437094599" lon="120.22027739323676">
        <ele>1.81</ele>
      </trkpt>
      <trkpt lat="23.727614879608154" lon="120.22010564804077">
        <ele>1.82</ele>
      </trkpt>
      <trkpt lat="23.727443385869265" lon="120.2199127804488">
        <ele>1.83</ele>
      </trkpt>
      <trkpt lat="23.727271556854248" lon="120.21971940994263">
        <ele>1.82</ele>
      </trkpt>
      <trkpt lat="23.727078521624207" lon="120.21952629089355">
        <ele>1.86</ele>
      </trkpt>
      <trkpt lat="23.726842487230897" lon="120.21931171417236">
        <ele>1.91</ele>
      </trkpt>
      <trkpt lat="23.72664970345795" lon="120.21916184574366">
        <ele>1.94</ele>
      </trkpt>
      <trkpt lat="23.72645616531372" lon="120.2190113067627">
        <ele>1.99</ele>
      </trkpt>
      <trkpt lat="23.72623136267066" lon="120.21885070949793">
        <ele>2.02</ele>
      </trkpt>
      <trkpt lat="23.72600555419922" lon="120.21868944168091">
        <ele>2.05</ele>
      </trkpt>
      <trkpt lat="23.72574026696384" lon="120.21853538230062">
        <ele>2.05</ele>
      </trkpt>
      <trkpt lat="23.72547497972846" lon="120.21838132292032">
        <ele>2.06</ele>
      </trkpt>
      <trkpt lat="23.72520969249308" lon="120.21822726354003">
        <ele>2.07</ele>
      </trkpt>
      <trkpt lat="23.724944405257702" lon="120.21807328797877">
        <ele>2.09</ele>
      </trkpt>
      <trkpt lat="23.724679201841354" lon="120.21791922859848">
        <ele>2.14</ele>
      </trkpt>
      <trkpt lat="23.724413914605975" lon="120.21776516921818">
        <ele>2.18</ele>
      </trkpt>
      <trkpt lat="23.724148627370596" lon="120.21761119365692">
        <ele>2.26</ele>
      </trkpt>
      <trkpt lat="23.723883340135217" lon="120.21745713427663">
        <ele>2.35</ele>
      </trkpt>
      <trkpt lat="23.72361813671887" lon="120.21730307489634">
        <ele>2.4</ele>
      </trkpt>
      <trkpt lat="23.723344886675477" lon="120.21714448928833">
        <ele>2.42</ele>
      </trkpt>
      <trkpt lat="23.723344802856445" lon="120.21714448928833">
        <ele>2.48</ele>
      </trkpt>
      <trkpt lat="23.72321605682373" lon="120.21710157394409">
        <ele>2.52</ele>
      </trkpt>
      <trkpt lat="23.723034169524908" lon="120.21699453704059">
        <ele>2.57</ele>
      </trkpt>
      <trkpt lat="23.722851360216737" lon="120.2168869972229">
        <ele>2.66</ele>
      </trkpt>
      <trkpt lat="23.722851276397705" lon="120.2168869972229">
        <ele>2.71</ele>
      </trkpt>
      <trkpt lat="23.72257735580206" lon="120.21672648377717">
        <ele>2.79</ele>
      </trkpt>
      <trkpt lat="23.722303519025445" lon="120.21656605415046">
        <ele>2.83</ele>
      </trkpt>
      <trkpt lat="23.72202968224883" lon="120.21640562452376">
        <ele>2.87</ele>
      </trkpt>
      <trkpt lat="23.721755845472217" lon="120.21624511107802">
        <ele>2.97</ele>
      </trkpt>
      <trkpt lat="23.721482008695602" lon="120.21608468145132">
        <ele>3.09</ele>
      </trkpt>
      <trkpt lat="23.72120817191899" lon="120.21592425182462">
        <ele>3.15</ele>
      </trkpt>
      <trkpt lat="23.720934335142374" lon="120.21576373837888">
        <ele>3.2</ele>
      </trkpt>
      <trkpt lat="23.72066049836576" lon="120.21560330875218">
        <ele>3.26</ele>
      </trkpt>
      <trkpt lat="23.720386661589146" lon="120.21544287912548">
        <ele>3.29</ele>
      </trkpt>
      <trkpt lat="23.720104694366455" lon="120.21527767181396">
        <ele>3.29</ele>
      </trkpt>
      <trkpt lat="23.719912078231573" lon="120.21513853222132">
        <ele>3.32</ele>
      </trkpt>
      <trkpt lat="23.719718540087342" lon="120.21499872207642">
        <ele>3.35</ele>
      </trkpt>
      <trkpt lat="23.719536485150456" lon="120.21484876982868">
        <ele>3.37</ele>
      </trkpt>
      <trkpt lat="23.719353675842285" lon="120.21469831466675">
        <ele>3.35</ele>
      </trkpt>
      <trkpt lat="23.719160556793213" lon="120.21448373794556">
        <ele>3.32</ele>
      </trkpt>
      <trkpt lat="23.719074809923768" lon="120.2143120765686">
        <ele>3.32</ele>
      </trkpt>
      <trkpt lat="23.718946147710085" lon="120.21415131166577">
        <ele>3.33</ele>
      </trkpt>
      <trkpt lat="23.718817234039307" lon="120.21399021148682">
        <ele>3.35</ele>
      </trkpt>
      <trkpt lat="23.71869921684265" lon="120.21378636360168">
        <ele>3.38</ele>
      </trkpt>
      <trkpt lat="23.718581199645996" lon="120.21358251571655">
        <ele>3.41</ele>
      </trkpt>
      <trkpt lat="23.71847382746637" lon="120.21335712634027">
        <ele>3.45</ele>
      </trkpt>
      <trkpt lat="23.718366622924805" lon="120.21313190460205">
        <ele>3.46</ele>
      </trkpt>
      <trkpt lat="23.718280792236328" lon="120.21289587020874">
        <ele>3.46</ele>
      </trkpt>
      <trkpt lat="23.71821641921997" lon="120.21265983581543">
        <ele>3.46</ele>
      </trkpt>
      <trkpt lat="23.718130672350526" lon="120.21233797073364">
        <ele>3.4</ele>
      </trkpt>
      <trkpt lat="23.718130588531494" lon="120.21233797073364">
        <ele>3.37</ele>
      </trkpt>
      <trkpt lat="23.71807903982699" lon="120.21200277842581">
        <ele>3.29</ele>
      </trkpt>
      <trkpt lat="23.718027491122484" lon="120.21166758611798">
        <ele>3.21</ele>
      </trkpt>
      <trkpt lat="23.71797594241798" lon="120.21133247762918">
        <ele>3.15</ele>
      </trkpt>
      <trkpt lat="23.717924393713474" lon="120.21099728532135">
        <ele>3.16</ele>
      </trkpt>
      <trkpt lat="23.717873180285096" lon="120.21066427230835">
        <ele>3.08</ele>
      </trkpt>
      <trkpt lat="23.7178229726851" lon="120.2103491127491">
        <ele>3.01</ele>
      </trkpt>
      <trkpt lat="23.717772848904133" lon="120.21003403700888">
        <ele>2.99</ele>
      </trkpt>
      <trkpt lat="23.717722725123167" lon="120.20971896126866">
        <ele>2.94</ele>
      </trkpt>
      <trkpt lat="23.7176726013422" lon="120.20940388552845">
        <ele>2.87</ele>
      </trkpt>
      <trkpt lat="23.717622393742204" lon="120.2090887259692">
        <ele>2.8</ele>
      </trkpt>
      <trkpt lat="23.717572689056396" lon="120.20877599716187">
        <ele>2.79</ele>
      </trkpt>
      <trkpt lat="23.71750831604004" lon="120.20845413208008">
        <ele>2.75</ele>
      </trkpt>
      <trkpt lat="23.71746531687677" lon="120.20828221924603">
        <ele>2.67</ele>
      </trkpt>
      <trkpt lat="23.717422569170594" lon="120.20811080932617">
        <ele>2.58</ele>
      </trkpt>
      <trkpt lat="23.717422485351562" lon="120.20811080932617">
        <ele>2.52</ele>
      </trkpt>
      <trkpt lat="23.717336654663086" lon="120.2078104019165">
        <ele>2.42</ele>
      </trkpt>
      <trkpt lat="23.71720790863037" lon="120.20750999450684">
        <ele>2.33</ele>
      </trkpt>
      <trkpt lat="23.717079162597656" lon="120.20723104476929">
        <ele>2.27</ele>
      </trkpt>
      <trkpt lat="23.716928958892822" lon="120.20695209503174">
        <ele>2.2</ele>
      </trkpt>
      <trkpt lat="23.7167573813349" lon="120.20669468678534">
        <ele>2.14</ele>
      </trkpt>
      <trkpt lat="23.716585719957948" lon="120.20643711090088">
        <ele>2.15</ele>
      </trkpt>
      <trkpt lat="23.716418417170644" lon="120.20621406845748">
        <ele>2.15</ele>
      </trkpt>
      <trkpt lat="23.71625119820237" lon="120.20599110983312">
        <ele>2.1</ele>
      </trkpt>
      <trkpt lat="23.7160839792341" lon="120.20576815120876">
        <ele>1.99</ele>
      </trkpt>
      <trkpt lat="23.715916760265827" lon="120.2055451925844">
        <ele>1.82</ele>
      </trkpt>
      <trkpt lat="23.7157488707453" lon="120.20532131195068">
        <ele>1.72</ele>
      </trkpt>
      <trkpt lat="23.71560947969556" lon="120.20513908937573">
        <ele>1.65</ele>
      </trkpt>
      <trkpt lat="23.715469921007752" lon="120.20495653152466">
        <ele>1.63</ele>
      </trkpt>
      <trkpt lat="23.71530370786786" lon="120.2047367580235">
        <ele>1.61</ele>
      </trkpt>
      <trkpt lat="23.715137578547" lon="120.20451698452234">
        <ele>1.53</ele>
      </trkpt>
      <trkpt lat="23.71497144922614" lon="120.20429729484022">
        <ele>1.44</ele>
      </trkpt>
      <trkpt lat="23.71480473317206" lon="120.20407676696777">
        <ele>1.37</ele>
      </trkpt>
      <trkpt lat="23.7146074231714" lon="120.20381944254041">
        <ele>1.36</ele>
      </trkpt>
      <trkpt lat="23.714410196989775" lon="120.20356220193207">
        <ele>1.36</ele>
      </trkpt>
      <trkpt lat="23.71421297080815" lon="120.20330496132374">
        <ele>1.35</ele>
      </trkpt>
      <trkpt lat="23.714015744626522" lon="120.2030477207154">
        <ele>1.29</ele>
      </trkpt>
      <trkpt lat="23.713817596435547" lon="120.20278930664062">
        <ele>1.22</ele>
      </trkpt>
      <trkpt lat="23.71371030807495" lon="120.20260691642761">
        <ele>1.16</ele>
      </trkpt>
      <trkpt lat="23.713603103533387" lon="120.2024245262146">
        <ele>1.12</ele>
      </trkpt>
      <trkpt lat="23.713485086336732" lon="120.20224221982062">
        <ele>1.08</ele>
      </trkpt>
      <trkpt lat="23.713367069140077" lon="120.20205974578857">
        <ele>1.04</ele>
      </trkpt>
      <trkpt lat="23.713259613141418" lon="120.20180208608508">
        <ele>0.99</ele>
      </trkpt>
      <trkpt lat="23.713152408599854" lon="120.20154476165771">
        <ele>0.93</ele>
      </trkpt>
      <trkpt lat="23.713087951764464" lon="120.20128693431616">
        <ele>0.9</ele>
      </trkpt>
      <trkpt lat="23.71302366256714" lon="120.20102977752686">
        <ele>0.9</ele>
      </trkpt>
      <trkpt lat="23.71295928955078" lon="120.2007508277893">
        <ele>0.86</ele>
      </trkpt>
      <trkpt lat="23.712930623441935" lon="120.20047866739333">
        <ele>0.79</ele>
      </trkpt>
      <trkpt lat="23.712901957333088" lon="120.20020650699735">
        <ele>0.76</ele>
      </trkpt>
      <trkpt lat="23.712873458862305" lon="120.19993543624878">
        <ele>0.75</ele>
      </trkpt>
      <trkpt lat="23.71284387074411" lon="120.19960233941674">
        <ele>0.75</ele>
      </trkpt>
      <trkpt lat="23.712814366444945" lon="120.19926932640374">
        <ele>0.71</ele>
      </trkpt>
      <trkpt lat="23.71278486214578" lon="120.19893631339073">
        <ele>0.67</ele>
      </trkpt>
      <trkpt lat="23.712755274027586" lon="120.1986032165587">
        <ele>0.68</ele>
      </trkpt>
      <trkpt lat="23.712725769728422" lon="120.19827020354569">
        <ele>0.65</ele>
      </trkpt>
      <trkpt lat="23.71269626542926" lon="120.19793719053268">
        <ele>0.57</ele>
      </trkpt>
      <trkpt lat="23.712666677311063" lon="120.19760417751968">
        <ele>0.5</ele>
      </trkpt>
      <trkpt lat="23.712637508288026" lon="120.197274684906">
        <ele>0.46</ele>
      </trkpt>
      <trkpt lat="23.712615966796875" lon="120.19700604490936">
        <ele>0.43</ele>
      </trkpt>
      <trkpt lat="23.712594592943788" lon="120.19673824310303">
        <ele>0.37</ele>
      </trkpt>
      <trkpt lat="23.712562322616577" lon="120.19650187343359">
        <ele>0.29</ele>
      </trkpt>
      <trkpt lat="23.7125301361084" lon="120.1962661743164">
        <ele>0.23</ele>
      </trkpt>
      <trkpt lat="23.712422847747803" lon="120.19615888595581">
        <ele>0.19</ele>
      </trkpt>
      <trkpt lat="23.71220827102661" lon="120.19598722457886">
        <ele>0.17</ele>
      </trkpt>
      <trkpt lat="23.712058402597904" lon="120.1958694588393">
        <ele>0.15</ele>
      </trkpt>
      <trkpt lat="23.711907947435975" lon="120.19575119018555">
        <ele>0.11</ele>
      </trkpt>
      <trkpt lat="23.71168096549809" lon="120.19557986408472">
        <ele>0.04</ele>
      </trkpt>
      <trkpt lat="23.711454067379236" lon="120.19540862180293">
        <ele>-0.01</ele>
      </trkpt>
      <trkpt lat="23.711227169260383" lon="120.19523737952113">
        <ele>-0.07</ele>
      </trkpt>
      <trkpt lat="23.71100027114153" lon="120.19506613723934">
        <ele>-0.16</ele>
      </trkpt>
      <trkpt lat="23.71077069081366" lon="120.19489288330078">
        <ele>-0.21</ele>
      </trkpt>
      <trkpt lat="23.71055661700666" lon="120.19473019056022">
        <ele>-0.22</ele>
      </trkpt>
      <trkpt lat="23.71034254319966" lon="120.19456749781966">
        <ele>-0.22</ele>
      </trkpt>
      <trkpt lat="23.710128469392657" lon="120.1944048050791">
        <ele>-0.22</ele>
      </trkpt>
      <trkpt lat="23.709914395585656" lon="120.19424211233854">
        <ele>-0.27</ele>
      </trkpt>
      <trkpt lat="23.709697807207704" lon="120.19407749176025">
        <ele>-0.33</ele>
      </trkpt>
      <trkpt lat="23.709451630711555" lon="120.19389015622437">
        <ele>-0.38</ele>
      </trkpt>
      <trkpt lat="23.709205454215407" lon="120.19370282068849">
        <ele>-0.44</ele>
      </trkpt>
      <trkpt lat="23.70895927771926" lon="120.19351556897163">
        <ele>-0.43</ele>
      </trkpt>
      <trkpt lat="23.708710754290223" lon="120.19332647323608">
        <ele>-0.39</ele>
      </trkpt>
      <trkpt lat="23.708457369357347" lon="120.19313377328217">
        <ele>-0.34</ele>
      </trkpt>
      <trkpt lat="23.708204068243504" lon="120.19294107332826">
        <ele>-0.27</ele>
      </trkpt>
      <trkpt lat="23.70795076712966" lon="120.19274845719337">
        <ele>-0.26</ele>
      </trkpt>
      <trkpt lat="23.707697466015816" lon="120.19255575723946">
        <ele>-0.31</ele>
      </trkpt>
      <trkpt lat="23.707444164901972" lon="120.19236314110458">
        <ele>-0.32</ele>
      </trkpt>
      <trkpt lat="23.707190863788128" lon="120.19217044115067">
        <ele>-0.28</ele>
      </trkpt>
      <trkpt lat="23.706937562674284" lon="120.19197782501578">
        <ele>-0.22</ele>
      </trkpt>
      <trkpt lat="23.70668426156044" lon="120.1917852088809">
        <ele>-0.16</ele>
      </trkpt>
      <trkpt lat="23.706430960446596" lon="120.19159250892699">
        <ele>-0.12</ele>
      </trkpt>
      <trkpt lat="23.706177659332752" lon="120.1913998927921">
        <ele>-0.06</ele>
      </trkpt>
      <trkpt lat="23.70592435821891" lon="120.19120719283819">
        <ele>-0.02</ele>
      </trkpt>
      <trkpt lat="23.705663764849305" lon="120.19100904464722">
        <ele>0.03</ele>
      </trkpt>
      <trkpt lat="23.70551356114447" lon="120.19090175628662">
        <ele>0.08</ele>
      </trkpt>
      <trkpt lat="23.705290937796235" lon="120.19073478877544">
        <ele>0.11</ele>
      </trkpt>
      <trkpt lat="23.705068314448" lon="120.19056782126427">
        <ele>0.13</ele>
      </trkpt>
      <trkpt lat="23.704845691099763" lon="120.19040085375309">
        <ele>0.17</ele>
      </trkpt>
      <trkpt lat="23.704623067751527" lon="120.19023388624191">
        <ele>0.23</ele>
      </trkpt>
      <trkpt lat="23.704397762194276" lon="120.19006490707397">
        <ele>0.28</ele>
      </trkpt>
      <trkpt lat="23.704176479950547" lon="120.18989358097315">
        <ele>0.34</ele>
      </trkpt>
      <trkpt lat="23.70395528152585" lon="120.18972233869135">
        <ele>0.39</ele>
      </trkpt>
      <trkpt lat="23.70373249053955" lon="120.18954992294312">
        <ele>0.46</ele>
      </trkpt>
      <trkpt lat="23.703625202178955" lon="120.18948554992676">
        <ele>0.52</ele>
      </trkpt>
      <trkpt lat="23.703432083129883" lon="120.18939971923828">
        <ele>0.56</ele>
      </trkpt>
      <trkpt lat="23.70323896408081" lon="120.18935680389404">
        <ele>0.6</ele>
      </trkpt>
      <trkpt lat="23.70300393551588" lon="120.18934967927635">
        <ele>0.64</ele>
      </trkpt>
      <trkpt lat="23.70276890695095" lon="120.18934255465865">
        <ele>0.69</ele>
      </trkpt>
      <trkpt lat="23.70253094471991" lon="120.18933534622192">
        <ele>0.73</ele>
      </trkpt>
      <trkpt lat="23.70253086090088" lon="120.18933534622192">
        <ele>0.76</ele>
      </trkpt>
      <trkpt lat="23.702267333865166" lon="120.18933174200356">
        <ele>0.82</ele>
      </trkpt>
      <trkpt lat="23.702003806829453" lon="120.18932822160423">
        <ele>0.88</ele>
      </trkpt>
      <trkpt lat="23.70174027979374" lon="120.18932461738586">
        <ele>0.91</ele>
      </trkpt>
      <trkpt lat="23.701476752758026" lon="120.18932109698653">
        <ele>0.93</ele>
      </trkpt>
      <trkpt lat="23.701213309541345" lon="120.18931749276817">
        <ele>0.93</ele>
      </trkpt>
      <trkpt lat="23.700943076983094" lon="120.1893138885498">
        <ele>0.92</ele>
      </trkpt>
      <trkpt lat="23.700672341510653" lon="120.18931380473077">
        <ele>0.92</ele>
      </trkpt>
      <trkpt lat="23.700401689857244" lon="120.18931380473077">
        <ele>0.93</ele>
      </trkpt>
      <trkpt lat="23.700127601623535" lon="120.1893138885498">
        <ele>0.88</ele>
      </trkpt>
      <trkpt lat="23.699956024065614" lon="120.18927097320557">
        <ele>0.85</ele>
      </trkpt>
      <trkpt lat="23.699694089591503" lon="120.18917474895716">
        <ele>0.84</ele>
      </trkpt>
      <trkpt lat="23.699432155117393" lon="120.18907852470875">
        <ele>0.88</ele>
      </trkpt>
      <trkpt lat="23.699170220643282" lon="120.18898230046034">
        <ele>0.9</ele>
      </trkpt>
      <trkpt lat="23.698904514312744" lon="120.18888473510742">
        <ele>0.89</ele>
      </trkpt>
      <trkpt lat="23.698647944256663" lon="120.18879203125834">
        <ele>0.85</ele>
      </trkpt>
      <trkpt lat="23.698391374200583" lon="120.1886994112283">
        <ele>0.85</ele>
      </trkpt>
      <trkpt lat="23.698132038116455" lon="120.18860578536987">
        <ele>0.84</ele>
      </trkpt>
      <trkpt lat="23.69788259267807" lon="120.18851668573916">
        <ele>0.81</ele>
      </trkpt>
      <trkpt lat="23.697633231058717" lon="120.18842758610845">
        <ele>0.79</ele>
      </trkpt>
      <trkpt lat="23.69738378562033" lon="120.18833848647773">
        <ele>0.79</ele>
      </trkpt>
      <trkpt lat="23.69713442400098" lon="120.18824947066605">
        <ele>0.79</ele>
      </trkpt>
      <trkpt lat="23.696884978562593" lon="120.18816037103534">
        <ele>0.78</ele>
      </trkpt>
      <trkpt lat="23.696630084887147" lon="120.1880693435669">
        <ele>0.77</ele>
      </trkpt>
      <trkpt lat="23.696630001068115" lon="120.1880693435669">
        <ele>0.75</ele>
      </trkpt>
      <trkpt lat="23.696349374949932" lon="120.18796507269144">
        <ele>0.73</ele>
      </trkpt>
      <trkpt lat="23.69606874883175" lon="120.18786088563502">
        <ele>0.68</ele>
      </trkpt>
      <trkpt lat="23.695788206532598" lon="120.18775661475956">
        <ele>0.65</ele>
      </trkpt>
      <trkpt lat="23.695507580414414" lon="120.18765242770314">
        <ele>0.67</ele>
      </trkpt>
      <trkpt lat="23.695227038115263" lon="120.18754815682769">
        <ele>0.67</ele>
      </trkpt>
      <trkpt lat="23.69494641199708" lon="120.18744396977127">
        <ele>0.66</ele>
      </trkpt>
      <trkpt lat="23.69466586969793" lon="120.18733969889581">
        <ele>0.61</ele>
      </trkpt>
      <trkpt lat="23.694377029314637" lon="120.18723249435425">
        <ele>0.55</ele>
      </trkpt>
      <trkpt lat="23.69412397965789" lon="120.18713627010584">
        <ele>0.56</ele>
      </trkpt>
      <trkpt lat="23.69387101382017" lon="120.18704004585743">
        <ele>0.59</ele>
      </trkpt>
      <trkpt lat="23.693618047982454" lon="120.18694382160902">
        <ele>0.57</ele>
      </trkpt>
      <trkpt lat="23.693364998325706" lon="120.18684759736061">
        <ele>0.55</ele>
      </trkpt>
      <trkpt lat="23.69311203248799" lon="120.1867513731122">
        <ele>0.55</ele>
      </trkpt>
      <trkpt lat="23.692853534594178" lon="120.18665313720703">
        <ele>0.58</ele>
      </trkpt>
      <trkpt lat="23.692587409168482" lon="120.18654853105545">
        <ele>0.53</ele>
      </trkpt>
      <trkpt lat="23.692321367561817" lon="120.1864440087229">
        <ele>0.45</ele>
      </trkpt>
      <trkpt lat="23.692055325955153" lon="120.18633948639035">
        <ele>0.4</ele>
      </trkpt>
      <trkpt lat="23.691789200529456" lon="120.1862349640578">
        <ele>0.4</ele>
      </trkpt>
      <trkpt lat="23.69152315892279" lon="120.18613044172525">
        <ele>0.43</ele>
      </trkpt>
      <trkpt lat="23.691257117316127" lon="120.1860259193927">
        <ele>0.41</ele>
      </trkpt>
      <trkpt lat="23.69099099189043" lon="120.18592139706016">
        <ele>0.36</ele>
      </trkpt>
      <trkpt lat="23.690724950283766" lon="120.1858168747276">
        <ele>0.35</ele>
      </trkpt>
      <trkpt lat="23.690450275316834" lon="120.18570899963379">
        <ele>0.37</ele>
      </trkpt>
      <trkpt lat="23.690268555656075" lon="120.1856447942555">
        <ele>0.34</ele>
      </trkpt>
      <trkpt lat="23.69008549489081" lon="120.18558025360107">
        <ele>0.28</ele>
      </trkpt>
      <trkpt lat="23.689956748858094" lon="120.18553733825684">
        <ele>0.25</ele>
      </trkpt>
      <trkpt lat="23.689785674214363" lon="120.18546248786151">
        <ele>0.22</ele>
      </trkpt>
      <trkpt lat="23.689613426104188" lon="120.185387134552">
        <ele>0.23</ele>
      </trkpt>
      <trkpt lat="23.689484680071473" lon="120.18534421920776">
        <ele>0.23</ele>
      </trkpt>
      <trkpt lat="23.68924948386848" lon="120.18525863997638">
        <ele>0.2</ele>
      </trkpt>
      <trkpt lat="23.689014287665486" lon="120.18517314456403">
        <ele>0.2</ele>
      </trkpt>
      <trkpt lat="23.68877657689154" lon="120.18508672714233">
        <ele>0.22</ele>
      </trkpt>
      <trkpt lat="23.688528556376696" lon="120.1849883235991">
        <ele>0.21</ele>
      </trkpt>
      <trkpt lat="23.68828053586185" lon="120.1848900038749">
        <ele>0.2</ele>
      </trkpt>
      <trkpt lat="23.688032515347004" lon="120.18479160033166">
        <ele>0.21</ele>
      </trkpt>
      <trkpt lat="23.687784494832158" lon="120.18469328060746">
        <ele>0.23</ele>
      </trkpt>
      <trkpt lat="23.68753203190863" lon="120.1845932006836">
        <ele>0.23</ele>
      </trkpt>
      <trkpt lat="23.687302200123668" lon="120.18450762145221">
        <ele>0.19</ele>
      </trkpt>
      <trkpt lat="23.687072368338704" lon="120.18442212603986">
        <ele>0.18</ele>
      </trkpt>
      <trkpt lat="23.68684253655374" lon="120.18433663062751">
        <ele>0.18</ele>
      </trkpt>
      <trkpt lat="23.68660935200751" lon="120.18424987792969">
        <ele>0.21</ele>
      </trkpt>
      <trkpt lat="23.686438277363777" lon="120.1841856725514">
        <ele>0.25</ele>
      </trkpt>
      <trkpt lat="23.686266029253602" lon="120.18412113189697">
        <ele>0.27</ele>
      </trkpt>
      <trkpt lat="23.68609436787665" lon="120.1840353012085">
        <ele>0.29</ele>
      </trkpt>
      <trkpt lat="23.68583687581122" lon="120.18394947052002">
        <ele>0.31</ele>
      </trkpt>
      <trkpt lat="23.68556957691908" lon="120.18384251743555">
        <ele>0.36</ele>
      </trkpt>
      <trkpt lat="23.68530043400824" lon="120.18373489379883">
        <ele>0.38</ele>
      </trkpt>
      <trkpt lat="23.685015365481377" lon="120.18362794071436">
        <ele>0.39</ele>
      </trkpt>
      <trkpt lat="23.684730296954513" lon="120.18352107144892">
        <ele>0.37</ele>
      </trkpt>
      <trkpt lat="23.684442127123475" lon="120.18341302871704">
        <ele>0.36</ele>
      </trkpt>
      <trkpt lat="23.684155633673072" lon="120.18330180086195">
        <ele>0.4</ele>
      </trkpt>
      <trkpt lat="23.68386914022267" lon="120.1831906568259">
        <ele>0.44</ele>
      </trkpt>
      <trkpt lat="23.683582646772265" lon="120.18307942897081">
        <ele>0.43</ele>
      </trkpt>
      <trkpt lat="23.683296153321862" lon="120.18296828493476">
        <ele>0.39</ele>
      </trkpt>
      <trkpt lat="23.68300965987146" lon="120.18285705707967">
        <ele>0.35</ele>
      </trkpt>
      <trkpt lat="23.682723166421056" lon="120.18274591304362">
        <ele>0.35</ele>
      </trkpt>
      <trkpt lat="23.682436672970653" lon="120.18263476900756">
        <ele>0.38</ele>
      </trkpt>
      <trkpt lat="23.68215017952025" lon="120.18252354115248">
        <ele>0.43</ele>
      </trkpt>
      <trkpt lat="23.681863686069846" lon="120.18241239711642">
        <ele>0.48</ele>
      </trkpt>
      <trkpt lat="23.68156679905951" lon="120.18229722976685">
        <ele>0.52</ele>
      </trkpt>
      <trkpt lat="23.68127804249525" lon="120.18217963166535">
        <ele>0.56</ele>
      </trkpt>
      <trkpt lat="23.68098735809326" lon="120.18206119537354">
        <ele>0.65</ele>
      </trkpt>
      <trkpt lat="23.680751994252205" lon="120.18192205578089">
        <ele>0.73</ele>
      </trkpt>
      <trkpt lat="23.68051528930664" lon="120.18178224563599">
        <ele>0.79</ele>
      </trkpt>
      <trkpt lat="23.68037606589496" lon="120.18167520873249">
        <ele>0.84</ele>
      </trkpt>
      <trkpt lat="23.680236339569092" lon="120.1815676689148">
        <ele>0.89</ele>
      </trkpt>
      <trkpt lat="23.680057805031538" lon="120.18140346743166">
        <ele>0.93</ele>
      </trkpt>
      <trkpt lat="23.679879354313016" lon="120.18123926594853">
        <ele>0.94</ele>
      </trkpt>
      <trkpt lat="23.679699897766113" lon="120.18107414245605">
        <ele>0.97</ele>
      </trkpt>
      <trkpt lat="23.67946428246796" lon="120.18085990101099">
        <ele>1.03</ele>
      </trkpt>
      <trkpt lat="23.679227828979492" lon="120.18064498901367">
        <ele>1.08</ele>
      </trkpt>
      <trkpt lat="23.67899221368134" lon="120.18042001873255">
        <ele>1.17</ele>
      </trkpt>
      <trkpt lat="23.67875576019287" lon="120.18019437789917">
        <ele>1.27</ele>
      </trkpt>
      <trkpt lat="23.678498351946473" lon="120.1800012588501">
        <ele>1.33</ele>
      </trkpt>
      <trkpt lat="23.678273633122444" lon="120.17987284809351">
        <ele>1.39</ele>
      </trkpt>
      <trkpt lat="23.67804765701294" lon="120.17974376678467">
        <ele>1.47</ele>
      </trkpt>
      <trkpt lat="23.677798211574554" lon="120.1796439383179">
        <ele>1.54</ele>
      </trkpt>
      <trkpt lat="23.67754876613617" lon="120.17954419367015">
        <ele>1.62</ele>
      </trkpt>
      <trkpt lat="23.67729663848877" lon="120.179443359375">
        <ele>1.69</ele>
      </trkpt>
      <trkpt lat="23.67703579366207" lon="120.17934068106115">
        <ele>1.79</ele>
      </trkpt>
      <trkpt lat="23.676774948835373" lon="120.17923808656633">
        <ele>1.9</ele>
      </trkpt>
      <trkpt lat="23.676514104008675" lon="120.17913540825248">
        <ele>2.02</ele>
      </trkpt>
      <trkpt lat="23.676253259181976" lon="120.17903281375766">
        <ele>2.16</ele>
      </trkpt>
      <trkpt lat="23.675987804308534" lon="120.17892837524414">
        <ele>2.28</ele>
      </trkpt>
      <trkpt lat="23.675816729664803" lon="120.17886416986585">
        <ele>2.4</ele>
      </trkpt>
      <trkpt lat="23.675644481554627" lon="120.17879962921143">
        <ele>2.53</ele>
      </trkpt>
      <trkpt lat="23.675387827679515" lon="120.17869267612696">
        <ele>2.66</ele>
      </trkpt>
      <trkpt lat="23.675129497423768" lon="120.17858505249023">
        <ele>2.77</ele>
      </trkpt>
      <trkpt lat="23.67486580274999" lon="120.17849234864116">
        <ele>2.89</ele>
      </trkpt>
      <trkpt lat="23.674602108076215" lon="120.17839972861111">
        <ele>3.03</ele>
      </trkpt>
      <trkpt lat="23.67433556355536" lon="120.17830610275269">
        <ele>3.17</ele>
      </trkpt>
      <trkpt lat="23.674185862764716" lon="120.17825262621045">
        <ele>3.28</ele>
      </trkpt>
      <trkpt lat="23.674035156145692" lon="120.17819881439209">
        <ele>3.37</ele>
      </trkpt>
      <trkpt lat="23.6738205794245" lon="120.17813444137573">
        <ele>3.46</ele>
      </trkpt>
      <trkpt lat="23.67382049560547" lon="120.17813444137573">
        <ele>3.54</ele>
      </trkpt>
      <trkpt lat="23.673596028238535" lon="120.17807023599744">
        <ele>3.6</ele>
      </trkpt>
      <trkpt lat="23.67336996831" lon="120.17800569534302">
        <ele>3.65</ele>
      </trkpt>
      <trkpt lat="23.67309101857245" lon="120.17794132232666">
        <ele>3.75</ele>
      </trkpt>
      <trkpt lat="23.672940731048584" lon="120.1778769493103">
        <ele>3.83</ele>
      </trkpt>
      <trkpt lat="23.672661781311035" lon="120.17783403396606">
        <ele>3.89</ele>
      </trkpt>
      <trkpt lat="23.672382831573486" lon="120.17785549163818">
        <ele>3.93</ele>
      </trkpt>
      <trkpt lat="23.672189796343446" lon="120.1778769493103">
        <ele>3.95</ele>
      </trkpt>
      <trkpt lat="23.671933310106397" lon="120.1779303420335">
        <ele>3.97</ele>
      </trkpt>
      <trkpt lat="23.671674812212586" lon="120.1779842376709">
        <ele>4.03</ele>
      </trkpt>
      <trkpt lat="23.671674728393555" lon="120.1779842376709">
        <ele>4.05</ele>
      </trkpt>
      <trkpt lat="23.671481693163514" lon="120.17802715301514">
        <ele>4.08</ele>
      </trkpt>
      <trkpt lat="23.671321347355843" lon="120.17805917188525">
        <ele>4.09</ele>
      </trkpt>
      <trkpt lat="23.671159828081727" lon="120.1780915260315">
        <ele>4.1</ele>
      </trkpt>
      <trkpt lat="23.670935360714793" lon="120.17813418991864">
        <ele>4.1</ele>
      </trkpt>
      <trkpt lat="23.670709133148193" lon="120.17817735671997">
        <ele>4.09</ele>
      </trkpt>
      <trkpt lat="23.670430267229676" lon="120.17819881439209">
        <ele>4.04</ele>
      </trkpt>
      <trkpt lat="23.670129776000977" lon="120.17822027206421">
        <ele>3.96</ele>
      </trkpt>
      <trkpt lat="23.66987236775458" lon="120.17817735671997">
        <ele>3.91</ele>
      </trkpt>
      <trkpt lat="23.669644379988313" lon="120.17814885824919">
        <ele>3.86</ele>
      </trkpt>
      <trkpt lat="23.669416392222047" lon="120.1781203597784">
        <ele>3.82</ele>
      </trkpt>
      <trkpt lat="23.669185638427734" lon="120.1780915260315">
        <ele>3.79</ele>
      </trkpt>
      <trkpt lat="23.66897189989686" lon="120.1780701521784">
        <ele>3.75</ele>
      </trkpt>
      <trkpt lat="23.66875648498535" lon="120.17804861068726">
        <ele>3.69</ele>
      </trkpt>
      <trkpt lat="23.66846806369722" lon="120.1780378818512">
        <ele>3.56</ele>
      </trkpt>
      <trkpt lat="23.668177211657166" lon="120.17802715301514">
        <ele>3.48</ele>
      </trkpt>
      <trkpt lat="23.667963473126292" lon="120.17804844304919">
        <ele>3.4</ele>
      </trkpt>
      <trkpt lat="23.667748058214784" lon="120.17807006835938">
        <ele>3.33</ele>
      </trkpt>
      <trkpt lat="23.667747974395752" lon="120.17807006835938">
        <ele>3.25</ele>
      </trkpt>
      <trkpt lat="23.667461648583412" lon="120.17809990793467">
        <ele>3.16</ele>
      </trkpt>
      <trkpt lat="23.667175322771072" lon="120.17812983132899">
        <ele>3.1</ele>
      </trkpt>
      <trkpt lat="23.666888996958733" lon="120.17815975472331">
        <ele>3.04</ele>
      </trkpt>
      <trkpt lat="23.666602671146393" lon="120.17818967811763">
        <ele>2.97</ele>
      </trkpt>
      <trkpt lat="23.6663103941828" lon="120.17822027206421">
        <ele>2.93</ele>
      </trkpt>
      <trkpt lat="23.666015435010195" lon="120.17825438641012">
        <ele>2.84</ele>
      </trkpt>
      <trkpt lat="23.66572055965662" lon="120.17828858457506">
        <ele>2.72</ele>
      </trkpt>
      <trkpt lat="23.665425684303045" lon="120.17832278274">
        <ele>2.63</ele>
      </trkpt>
      <trkpt lat="23.66513080894947" lon="120.17835698090494">
        <ele>2.48</ele>
      </trkpt>
      <trkpt lat="23.66482981480658" lon="120.17839193344116">
        <ele>2.36</ele>
      </trkpt>
      <trkpt lat="23.664551954716444" lon="120.17842395231128">
        <ele>2.35</ele>
      </trkpt>
      <trkpt lat="23.664271915331483" lon="120.17845630645752">
        <ele>2.32</ele>
      </trkpt>
      <trkpt lat="23.664015429094434" lon="120.17847759649158">
        <ele>2.23</ele>
      </trkpt>
      <trkpt lat="23.663756847381592" lon="120.17849922180176">
        <ele>2.08</ele>
      </trkpt>
      <trkpt lat="23.663575211539865" lon="120.1784884929657">
        <ele>1.95</ele>
      </trkpt>
      <trkpt lat="23.663392150774598" lon="120.17847776412964">
        <ele>1.87</ele>
      </trkpt>
      <trkpt lat="23.663156032562256" lon="120.17841339111328">
        <ele>1.78</ele>
      </trkpt>
      <trkpt lat="23.662877082824707" lon="120.17834901809692">
        <ele>1.66</ele>
      </trkpt>
      <trkpt lat="23.66261338815093" lon="120.17824918963015">
        <ele>1.61</ele>
      </trkpt>
      <trkpt lat="23.662349777296185" lon="120.17814944498241">
        <ele>1.58</ele>
      </trkpt>
      <trkpt lat="23.66208323277533" lon="120.17804861068726">
        <ele>1.5</ele>
      </trkpt>
      <trkpt lat="23.6620831489563" lon="120.17804861068726">
        <ele>1.44</ele>
      </trkpt>
      <trkpt lat="23.661830853670835" lon="120.17795875668526">
        <ele>1.38</ele>
      </trkpt>
      <trkpt lat="23.661578642204404" lon="120.17786898650229">
        <ele>1.32</ele>
      </trkpt>
      <trkpt lat="23.66132634691894" lon="120.17777921631932">
        <ele>1.24</ele>
      </trkpt>
      <trkpt lat="23.66107413545251" lon="120.17768944613636">
        <ele>1.19</ele>
      </trkpt>
      <trkpt lat="23.6608172301203" lon="120.17759799957275">
        <ele>1.18</ele>
      </trkpt>
      <trkpt lat="23.660569209605455" lon="120.17751242034137">
        <ele>1.16</ele>
      </trkpt>
      <trkpt lat="23.66032127290964" lon="120.17742692492902">
        <ele>1.15</ele>
      </trkpt>
      <trkpt lat="23.660073252394795" lon="120.17734142951667">
        <ele>1.1</ele>
      </trkpt>
      <trkpt lat="23.65982531569898" lon="120.17725593410432">
        <ele>1.09</ele>
      </trkpt>
      <trkpt lat="23.65957268513739" lon="120.17716884613037">
        <ele>1.07</ele>
      </trkpt>
      <trkpt lat="23.65936598740518" lon="120.17709751613438">
        <ele>1.07</ele>
      </trkpt>
      <trkpt lat="23.659159373492002" lon="120.17702626995742">
        <ele>1.07</ele>
      </trkpt>
      <trkpt lat="23.658950412645936" lon="120.17695426940918">
        <ele>1.06</ele>
      </trkpt>
      <trkpt lat="23.65868529304862" lon="120.17686014063656">
        <ele>1.07</ele>
      </trkpt>
      <trkpt lat="23.658420173451304" lon="120.17676609568298">
        <ele>1.13</ele>
      </trkpt>
      <trkpt lat="23.65815513767302" lon="120.1766720507294">
        <ele>1.15</ele>
      </trkpt>
      <trkpt lat="23.657890018075705" lon="120.17657800577581">
        <ele>1.11</ele>
      </trkpt>
      <trkpt lat="23.65762003697455" lon="120.17648220062256">
        <ele>1.14</ele>
      </trkpt>
      <trkpt lat="23.65735810250044" lon="120.17639134079218">
        <ele>1.16</ele>
      </trkpt>
      <trkpt lat="23.657096168026328" lon="120.1763004809618">
        <ele>1.19</ele>
      </trkpt>
      <trkpt lat="23.65683431737125" lon="120.17620962113142">
        <ele>1.26</ele>
      </trkpt>
      <trkpt lat="23.65656852722168" lon="120.17611742019653">
        <ele>1.34</ele>
      </trkpt>
      <trkpt lat="23.65629594773054" lon="120.17602119594812">
        <ele>1.37</ele>
      </trkpt>
      <trkpt lat="23.656023368239403" lon="120.17592497169971">
        <ele>1.38</ele>
      </trkpt>
      <trkpt lat="23.655750872567296" lon="120.1758287474513">
        <ele>1.45</ele>
      </trkpt>
      <trkpt lat="23.655474269762635" lon="120.17573118209839">
        <ele>1.56</ele>
      </trkpt>
      <trkpt lat="23.6552498023957" lon="120.17565633170307">
        <ele>1.66</ele>
      </trkpt>
      <trkpt lat="23.655023658648133" lon="120.17558097839355">
        <ele>1.73</ele>
      </trkpt>
      <trkpt lat="23.654767088592052" lon="120.17549539916217">
        <ele>1.75</ele>
      </trkpt>
      <trkpt lat="23.654510602355003" lon="120.17540990374982">
        <ele>1.77</ele>
      </trkpt>
      <trkpt lat="23.654254032298923" lon="120.17532440833747">
        <ele>1.85</ele>
      </trkpt>
      <trkpt lat="23.653997546061873" lon="120.17523891292512">
        <ele>1.95</ele>
      </trkpt>
      <trkpt lat="23.653736198320985" lon="120.17515182495117">
        <ele>2.02</ele>
      </trkpt>
      <trkpt lat="23.653472503647208" lon="120.1750591211021">
        <ele>2.07</ele>
      </trkpt>
      <trkpt lat="23.65320880897343" lon="120.17496650107205">
        <ele>2.14</ele>
      </trkpt>
      <trkpt lat="23.652942264452577" lon="120.17487287521362">
        <ele>2.22</ele>
      </trkpt>
      <trkpt lat="23.652707068249583" lon="120.1747980248183">
        <ele>2.29</ele>
      </trkpt>
      <trkpt lat="23.652470195665956" lon="120.17472267150879">
        <ele>2.35</ele>
      </trkpt>
      <trkpt lat="23.652227874845266" lon="120.17463709227741">
        <ele>2.4</ele>
      </trkpt>
      <trkpt lat="23.651985554024577" lon="120.17455159686506">
        <ele>2.43</ele>
      </trkpt>
      <trkpt lat="23.651740634813905" lon="120.17446517944336">
        <ele>2.45</ele>
      </trkpt>
      <trkpt lat="23.651479789987206" lon="120.17437532544136">
        <ele>2.44</ele>
      </trkpt>
      <trkpt lat="23.651218945160508" lon="120.1742855552584">
        <ele>2.47</ele>
      </trkpt>
      <trkpt lat="23.65095818415284" lon="120.17419578507543">
        <ele>2.56</ele>
      </trkpt>
      <trkpt lat="23.650697339326143" lon="120.17410601489246">
        <ele>2.63</ele>
      </trkpt>
      <trkpt lat="23.650431716814637" lon="120.17401456832886">
        <ele>2.66</ele>
      </trkpt>
      <trkpt lat="23.650175146758556" lon="120.17392898909748">
        <ele>2.69</ele>
      </trkpt>
      <trkpt lat="23.649918660521507" lon="120.17384349368513">
        <ele>2.68</ele>
      </trkpt>
      <trkpt lat="23.649662090465426" lon="120.17375799827278">
        <ele>2.7</ele>
      </trkpt>
      <trkpt lat="23.649405604228377" lon="120.17367250286043">
        <ele>2.73</ele>
      </trkpt>
      <trkpt lat="23.64914425648749" lon="120.17358541488647">
        <ele>2.74</ele>
      </trkpt>
      <trkpt lat="23.64888341166079" lon="120.17349556088448">
        <ele>2.74</ele>
      </trkpt>
      <trkpt lat="23.648622566834092" lon="120.17340579070151">
        <ele>2.75</ele>
      </trkpt>
      <trkpt lat="23.648361805826426" lon="120.17331602051854">
        <ele>2.79</ele>
      </trkpt>
      <trkpt lat="23.648100960999727" lon="120.17322625033557">
        <ele>2.87</ele>
      </trkpt>
      <trkpt lat="23.64783533848822" lon="120.17313480377197">
        <ele>2.85</ele>
      </trkpt>
      <trkpt lat="23.64757876843214" lon="120.17305777408183">
        <ele>2.84</ele>
      </trkpt>
      <trkpt lat="23.64732228219509" lon="120.17298082821071">
        <ele>2.84</ele>
      </trkpt>
      <trkpt lat="23.647065795958042" lon="120.1729038823396">
        <ele>2.8</ele>
      </trkpt>
      <trkpt lat="23.646809309720993" lon="120.17282693646848">
        <ele>2.78</ele>
      </trkpt>
      <trkpt lat="23.646547878161073" lon="120.17274856567383">
        <ele>2.76</ele>
      </trkpt>
      <trkpt lat="23.64654779434204" lon="120.17274856567383">
        <ele>2.75</ele>
      </trkpt>
      <trkpt lat="23.646247470751405" lon="120.17266273498535">
        <ele>2.75</ele>
      </trkpt>
      <trkpt lat="23.645996265113354" lon="120.17258788459003">
        <ele>2.72</ele>
      </trkpt>
      <trkpt lat="23.645745143294334" lon="120.17251303419471">
        <ele>2.68</ele>
      </trkpt>
      <trkpt lat="23.645493937656283" lon="120.17243826761842">
        <ele>2.66</ele>
      </trkpt>
      <trkpt lat="23.645238960161805" lon="120.17236232757568">
        <ele>2.65</ele>
      </trkpt>
      <trkpt lat="23.644978869706392" lon="120.17228747718036">
        <ele>2.65</ele>
      </trkpt>
      <trkpt lat="23.64471877925098" lon="120.17221262678504">
        <ele>2.65</ele>
      </trkpt>
      <trkpt lat="23.644458688795567" lon="120.17213786020875">
        <ele>2.68</ele>
      </trkpt>
      <trkpt lat="23.644198682159185" lon="120.17206300981343">
        <ele>2.69</ele>
      </trkpt>
      <trkpt lat="23.643938591703773" lon="120.17198824323714">
        <ele>2.7</ele>
      </trkpt>
      <trkpt lat="23.643672466278076" lon="120.17191171646118">
        <ele>2.72</ele>
      </trkpt>
      <trkpt lat="23.64356517791748" lon="120.17186880111694">
        <ele>2.73</ele>
      </trkpt>
      <trkpt lat="23.6433033272624" lon="120.17180996015668">
        <ele>2.75</ele>
      </trkpt>
      <trkpt lat="23.643041560426354" lon="120.17175120301545">
        <ele>2.76</ele>
      </trkpt>
      <trkpt lat="23.642779793590307" lon="120.17169244587421">
        <ele>2.73</ele>
      </trkpt>
      <trkpt lat="23.642513835802674" lon="120.17163276672363">
        <ele>2.66</ele>
      </trkpt>
      <trkpt lat="23.642307221889496" lon="120.17158289439976">
        <ele>2.62</ele>
      </trkpt>
      <trkpt lat="23.642100607976317" lon="120.17153302207589">
        <ele>2.62</ele>
      </trkpt>
      <trkpt lat="23.64189156331122" lon="120.1714825630188">
        <ele>2.63</ele>
      </trkpt>
      <trkpt lat="23.641602974385023" lon="120.17141844145954">
        <ele>2.67</ele>
      </trkpt>
      <trkpt lat="23.641312206164002" lon="120.17135381698608">
        <ele>2.64</ele>
      </trkpt>
      <trkpt lat="23.641119841486216" lon="120.17131106927991">
        <ele>2.6</ele>
      </trkpt>
      <trkpt lat="23.640925968065858" lon="120.17126798629761">
        <ele>2.56</ele>
      </trkpt>
      <trkpt lat="23.640641989186406" lon="120.17120386473835">
        <ele>2.54</ele>
      </trkpt>
      <trkpt lat="23.640358094125986" lon="120.17113974317908">
        <ele>2.53</ele>
      </trkpt>
      <trkpt lat="23.640074115246534" lon="120.17107562161982">
        <ele>2.54</ele>
      </trkpt>
      <trkpt lat="23.639790220186114" lon="120.17101150006056">
        <ele>2.52</ele>
      </trkpt>
      <trkpt lat="23.639506241306663" lon="120.1709473785013">
        <ele>2.48</ele>
      </trkpt>
      <trkpt lat="23.639222346246243" lon="120.17088325694203">
        <ele>2.42</ele>
      </trkpt>
      <trkpt lat="23.638930404558778" lon="120.1708173751831">
        <ele>2.37</ele>
      </trkpt>
      <trkpt lat="23.638681042939425" lon="120.17076037824154">
        <ele>2.31</ele>
      </trkpt>
      <trkpt lat="23.63843168132007" lon="120.17070338129997">
        <ele>2.26</ele>
      </trkpt>
      <trkpt lat="23.638179386034608" lon="120.17064571380615">
        <ele>2.23</ele>
      </trkpt>
      <trkpt lat="23.637880152091384" lon="120.17057622782886">
        <ele>2.2</ele>
      </trkpt>
      <trkpt lat="23.63758091814816" lon="120.17050674185157">
        <ele>2.15</ele>
      </trkpt>
      <trkpt lat="23.637281684204936" lon="120.17043733969331">
        <ele>2.1</ele>
      </trkpt>
      <trkpt lat="23.636977672576904" lon="120.1703667640686">
        <ele>2.06</ele>
      </trkpt>
      <trkpt lat="23.63684892654419" lon="120.17032384872437">
        <ele>2.02</ele>
      </trkpt>
      <trkpt lat="23.636583890765905" lon="120.1702597271651">
        <ele>2.0</ele>
      </trkpt>
      <trkpt lat="23.63631885498762" lon="120.17019560560584">
        <ele>2.0</ele>
      </trkpt>
      <trkpt lat="23.63605390302837" lon="120.17013148404658">
        <ele>1.97</ele>
      </trkpt>
      <trkpt lat="23.635788867250085" lon="120.17006736248732">
        <ele>1.89</ele>
      </trkpt>
      <trkpt lat="23.635518634691834" lon="120.17000198364258">
        <ele>1.8</ele>
      </trkpt>
      <trkpt lat="23.635518550872803" lon="120.17000198364258">
        <ele>1.75</ele>
      </trkpt>
      <trkpt lat="23.635311936959624" lon="120.16995211131871">
        <ele>1.7</ele>
      </trkpt>
      <trkpt lat="23.635105323046446" lon="120.16990223899484">
        <ele>1.63</ele>
      </trkpt>
      <trkpt lat="23.634896278381348" lon="120.16985177993774">
        <ele>1.57</ele>
      </trkpt>
      <trkpt lat="23.63464515656233" lon="120.16979293897748">
        <ele>1.53</ele>
      </trkpt>
      <trkpt lat="23.63439403474331" lon="120.16973418183625">
        <ele>1.53</ele>
      </trkpt>
      <trkpt lat="23.63414291292429" lon="120.16967542469501">
        <ele>1.51</ele>
      </trkpt>
      <trkpt lat="23.63388785161078" lon="120.16961574554443">
        <ele>1.48</ele>
      </trkpt>
      <trkpt lat="23.633587444201112" lon="120.16952991485596">
        <ele>1.44</ele>
      </trkpt>
      <trkpt lat="23.633326683193445" lon="120.16946151852608">
        <ele>1.4</ele>
      </trkpt>
      <trkpt lat="23.63306592218578" lon="120.1693931221962">
        <ele>1.35</ele>
      </trkpt>
      <trkpt lat="23.632805161178112" lon="120.16932472586632">
        <ele>1.3</ele>
      </trkpt>
      <trkpt lat="23.632544400170445" lon="120.16925632953644">
        <ele>1.28</ele>
      </trkpt>
      <trkpt lat="23.632278526201844" lon="120.16918659210205">
        <ele>1.27</ele>
      </trkpt>
      <trkpt lat="23.632057663053274" lon="120.16912959516048">
        <ele>1.31</ele>
      </trkpt>
      <trkpt lat="23.631836799904704" lon="120.16907259821892">
        <ele>1.37</ele>
      </trkpt>
      <trkpt lat="23.63161333836615" lon="120.1690149307251">
        <ele>1.41</ele>
      </trkpt>
      <trkpt lat="23.63140664063394" lon="120.1689507253468">
        <ele>1.44</ele>
      </trkpt>
      <trkpt lat="23.631200026720762" lon="120.16888660378754">
        <ele>1.43</ele>
      </trkpt>
      <trkpt lat="23.630991065874696" lon="120.16882181167603">
        <ele>1.44</ele>
      </trkpt>
      <trkpt lat="23.63069174811244" lon="120.16873623244464">
        <ele>1.47</ele>
      </trkpt>
      <trkpt lat="23.630392514169216" lon="120.1686507370323">
        <ele>1.49</ele>
      </trkpt>
      <trkpt lat="23.630093280225992" lon="120.16856524161994">
        <ele>1.54</ele>
      </trkpt>
      <trkpt lat="23.62979404628277" lon="120.1684797462076">
        <ele>1.63</ele>
      </trkpt>
      <trkpt lat="23.629489028826356" lon="120.16839265823364">
        <ele>1.74</ele>
      </trkpt>
      <trkpt lat="23.629186190664768" lon="120.16831068322062">
        <ele>1.79</ele>
      </trkpt>
      <trkpt lat="23.628883436322212" lon="120.16822879202664">
        <ele>1.77</ele>
      </trkpt>
      <trkpt lat="23.628580598160625" lon="120.16814681701362">
        <ele>1.79</ele>
      </trkpt>
      <trkpt lat="23.62827784381807" lon="120.16806492581964">
        <ele>1.87</ele>
      </trkpt>
      <trkpt lat="23.62797500565648" lon="120.16798295080662">
        <ele>1.94</ele>
      </trkpt>
      <trkpt lat="23.62766512669623" lon="120.1678991317749">
        <ele>2.0</ele>
      </trkpt>
      <trkpt lat="23.62736279144883" lon="120.16781355254352">
        <ele>2.01</ele>
      </trkpt>
      <trkpt lat="23.627060540020466" lon="120.16772805713117">
        <ele>2.03</ele>
      </trkpt>
      <trkpt lat="23.62675820477307" lon="120.16764256171882">
        <ele>2.03</ele>
      </trkpt>
      <trkpt lat="23.626455953344703" lon="120.16755706630647">
        <ele>2.09</ele>
      </trkpt>
      <trkpt lat="23.626153618097305" lon="120.16747157089412">
        <ele>2.23</ele>
      </trkpt>
      <trkpt lat="23.62585136666894" lon="120.16738607548177">
        <ele>2.34</ele>
      </trkpt>
      <trkpt lat="23.625540817156434" lon="120.16729831695557">
        <ele>2.44</ele>
      </trkpt>
      <trkpt lat="23.625272093340755" lon="120.16722195781767">
        <ele>2.54</ele>
      </trkpt>
      <trkpt lat="23.625003369525075" lon="120.16714559867978">
        <ele>2.63</ele>
      </trkpt>
      <trkpt lat="23.624734645709395" lon="120.16706923954189">
        <ele>2.68</ele>
      </trkpt>
      <trkpt lat="23.624466005712748" lon="120.16699296422303">
        <ele>2.68</ele>
      </trkpt>
      <trkpt lat="23.624197281897068" lon="120.16691660508513">
        <ele>2.72</ele>
      </trkpt>
      <trkpt lat="23.62392855808139" lon="120.16684024594724">
        <ele>2.72</ele>
      </trkpt>
      <trkpt lat="23.62365254200995" lon="120.16676187515259">
        <ele>2.75</ele>
      </trkpt>
      <trkpt lat="23.623652458190918" lon="120.16676187515259">
        <ele>2.81</ele>
      </trkpt>
      <trkpt lat="23.62347073853016" lon="120.16670839861035">
        <ele>2.88</ele>
      </trkpt>
      <trkpt lat="23.623287761583924" lon="120.16665458679199">
        <ele>2.94</ele>
      </trkpt>
      <trkpt lat="23.623015182092786" lon="120.16657168976963">
        <ele>3.02</ele>
      </trkpt>
      <trkpt lat="23.622742602601647" lon="120.16648887656629">
        <ele>3.13</ele>
      </trkpt>
      <trkpt lat="23.62247010692954" lon="120.16640606336296">
        <ele>3.24</ele>
      </trkpt>
      <trkpt lat="23.622197527438402" lon="120.16632325015962">
        <ele>3.33</ele>
      </trkpt>
      <trkpt lat="23.621925031766295" lon="120.16624043695629">
        <ele>3.37</ele>
      </trkpt>
      <trkpt lat="23.621652452275157" lon="120.16615753993392">
        <ele>3.41</ele>
      </trkpt>
      <trkpt lat="23.62137995660305" lon="120.16607472673059">
        <ele>3.45</ele>
      </trkpt>
      <trkpt lat="23.62109899520874" lon="120.1659893989563">
        <ele>3.51</ele>
      </trkpt>
      <trkpt lat="23.62085315398872" lon="120.16591454856098">
        <ele>3.57</ele>
      </trkpt>
      <trkpt lat="23.62060739658773" lon="120.16583969816566">
        <ele>3.66</ele>
      </trkpt>
      <trkpt lat="23.620361555367708" lon="120.16576493158937">
        <ele>3.78</ele>
      </trkpt>
      <trkpt lat="23.62011202611029" lon="120.16568899154663">
        <ele>3.82</ele>
      </trkpt>
      <trkpt lat="23.619848247617483" lon="120.16558203846216">
        <ele>3.82</ele>
      </trkpt>
      <trkpt lat="23.619584552943707" lon="120.16547516919672">
        <ele>3.8</ele>
      </trkpt>
      <trkpt lat="23.619318092241883" lon="120.16536712646484">
        <ele>3.81</ele>
      </trkpt>
      <trkpt lat="23.61907216720283" lon="120.16527090221643">
        <ele>3.82</ele>
      </trkpt>
      <trkpt lat="23.618824565783143" lon="120.16517400741577">
        <ele>3.83</ele>
      </trkpt>
      <trkpt lat="23.618573360145092" lon="120.16508314758539">
        <ele>3.85</ele>
      </trkpt>
      <trkpt lat="23.61832215450704" lon="120.16499228775501">
        <ele>3.92</ele>
      </trkpt>
      <trkpt lat="23.61807094886899" lon="120.16490142792463">
        <ele>3.98</ele>
      </trkpt>
      <trkpt lat="23.617816055193543" lon="120.16480922698975">
        <ele>3.91</ele>
      </trkpt>
      <trkpt lat="23.617558563128114" lon="120.16472339630127">
        <ele>3.84</ele>
      </trkpt>
      <trkpt lat="23.617279613390565" lon="120.1646375656128">
        <ele>3.8</ele>
      </trkpt>
      <trkpt lat="23.617058666422963" lon="120.1645662356168">
        <ele>3.72</ele>
      </trkpt>
      <trkpt lat="23.616837803274393" lon="120.16449498943985">
        <ele>3.65</ele>
      </trkpt>
      <trkpt lat="23.61661442555487" lon="120.1644229888916">
        <ele>3.59</ele>
      </trkpt>
      <trkpt lat="23.61661434173584" lon="120.1644229888916">
        <ele>3.53</ele>
      </trkpt>
      <trkpt lat="23.616315107792616" lon="120.16433028504252">
        <ele>3.44</ele>
      </trkpt>
      <trkpt lat="23.616015873849392" lon="120.16423766501248">
        <ele>3.4</ele>
      </trkpt>
      <trkpt lat="23.615713203325868" lon="120.16414403915405">
        <ele>3.38</ele>
      </trkpt>
      <trkpt lat="23.615467362105846" lon="120.16406918875873">
        <ele>3.28</ele>
      </trkpt>
      <trkpt lat="23.615219676867127" lon="120.16399383544922">
        <ele>3.15</ele>
      </trkpt>
      <trkpt lat="23.614973835647106" lon="120.16390825621784">
        <ele>3.04</ele>
      </trkpt>
      <trkpt lat="23.614726150408387" lon="120.16382217407227">
        <ele>2.92</ele>
      </trkpt>
      <trkpt lat="23.614490954205394" lon="120.163758052513">
        <ele>2.8</ele>
      </trkpt>
      <trkpt lat="23.614253997802734" lon="120.16369342803955">
        <ele>2.69</ele>
      </trkpt>
      <trkpt lat="23.614025926217437" lon="120.16362209804356">
        <ele>2.58</ele>
      </trkpt>
      <trkpt lat="23.61379793845117" lon="120.1635508518666">
        <ele>2.46</ele>
      </trkpt>
      <trkpt lat="23.613567352294922" lon="120.16347885131836">
        <ele>2.34</ele>
      </trkpt>
      <trkpt lat="23.613302316516638" lon="120.1634147297591">
        <ele>2.22</ele>
      </trkpt>
      <trkpt lat="23.613037280738354" lon="120.16335060819983">
        <ele>2.12</ele>
      </trkpt>
      <trkpt lat="23.6127723287791" lon="120.16328648664057">
        <ele>2.06</ele>
      </trkpt>
      <trkpt lat="23.612507293000817" lon="120.16322236508131">
        <ele>1.99</ele>
      </trkpt>
      <trkpt lat="23.612237060442567" lon="120.16315698623657">
        <ele>1.86</ele>
      </trkpt>
      <trkpt lat="23.611953081563115" lon="120.16308976337314">
        <ele>1.72</ele>
      </trkpt>
      <trkpt lat="23.611669102683663" lon="120.16302262432873">
        <ele>1.62</ele>
      </trkpt>
      <trkpt lat="23.611385207623243" lon="120.1629554014653">
        <ele>1.54</ele>
      </trkpt>
      <trkpt lat="23.61110122874379" lon="120.16288826242089">
        <ele>1.49</ele>
      </trkpt>
      <trkpt lat="23.61081733368337" lon="120.16282112337649">
        <ele>1.46</ele>
      </trkpt>
      <trkpt lat="23.61053335480392" lon="120.16275390051305">
        <ele>1.43</ele>
      </trkpt>
      <trkpt lat="23.610241496935487" lon="120.16268491744995">
        <ele>1.36</ele>
      </trkpt>
      <trkpt lat="23.610241413116455" lon="120.16268491744995">
        <ele>1.29</ele>
      </trkpt>
      <trkpt lat="23.609957518056035" lon="120.16261903569102">
        <ele>1.17</ele>
      </trkpt>
      <trkpt lat="23.609673706814647" lon="120.1625531539321">
        <ele>1.05</ele>
      </trkpt>
      <trkpt lat="23.609389811754227" lon="120.1624873559922">
        <ele>1.0</ele>
      </trkpt>
      <trkpt lat="23.609102563932538" lon="120.16242071986198">
        <ele>0.99</ele>
      </trkpt>
      <trkpt lat="23.60910164192319" lon="120.16242046840489">
        <ele>0.94</ele>
      </trkpt>
      <trkpt lat="23.609101474285126" lon="120.16242046840489">
        <ele>0.89</ele>
      </trkpt>
      <trkpt lat="23.608794193714857" lon="120.1623491384089">
        <ele>0.87</ele>
      </trkpt>
      <trkpt lat="23.608762426301837" lon="120.16234151087701">
        <ele>0.83</ele>
      </trkpt>
      <trkpt lat="23.608462689444423" lon="120.16227219253778">
        <ele>0.8</ele>
      </trkpt>
      <trkpt lat="23.608163120225072" lon="120.16220270656049">
        <ele>0.75</ele>
      </trkpt>
      <trkpt lat="23.60786355100572" lon="120.1621332205832">
        <ele>0.67</ele>
      </trkpt>
      <trkpt lat="23.607559204101562" lon="120.1620626449585">
        <ele>0.61</ele>
      </trkpt>
      <trkpt lat="23.607301712036133" lon="120.16199827194214">
        <ele>0.57</ele>
      </trkpt>
      <trkpt lat="23.607119992375374" lon="120.1619447953999">
        <ele>0.57</ele>
      </trkpt>
      <trkpt lat="23.606936931610107" lon="120.16189098358154">
        <ele>0.56</ele>
      </trkpt>
      <trkpt lat="23.60674448311329" lon="120.16181613318622">
        <ele>0.55</ele>
      </trkpt>
      <trkpt lat="23.606550693511963" lon="120.16174077987671">
        <ele>0.55</ele>
      </trkpt>
      <trkpt lat="23.606306863948703" lon="120.16163810156286">
        <ele>0.56</ele>
      </trkpt>
      <trkpt lat="23.606063118204474" lon="120.16153550706804">
        <ele>0.59</ele>
      </trkpt>
      <trkpt lat="23.605819372460246" lon="120.16143282875419">
        <ele>0.61</ele>
      </trkpt>
      <trkpt lat="23.605575626716018" lon="120.16133023425937">
        <ele>0.62</ele>
      </trkpt>
      <trkpt lat="23.605327606201172" lon="120.16122579574585">
        <ele>0.57</ele>
      </trkpt>
      <trkpt lat="23.60507095232606" lon="120.16110811382532">
        <ele>0.49</ele>
      </trkpt>
      <trkpt lat="23.604814298450947" lon="120.16099051572382">
        <ele>0.49</ele>
      </trkpt>
      <trkpt lat="23.604557728394866" lon="120.16087291762233">
        <ele>0.52</ele>
      </trkpt>
      <trkpt lat="23.604297637939453" lon="120.16075372695923">
        <ele>0.52</ele>
      </trkpt>
      <trkpt lat="23.604067638516426" lon="120.1606360450387">
        <ele>0.45</ele>
      </trkpt>
      <trkpt lat="23.60383772291243" lon="120.1605184469372">
        <ele>0.38</ele>
      </trkpt>
      <trkpt lat="23.603607807308435" lon="120.16040076501667">
        <ele>0.36</ele>
      </trkpt>
      <trkpt lat="23.60337495803833" lon="120.16028165817261">
        <ele>0.37</ele>
      </trkpt>
      <trkpt lat="23.603225173428655" lon="120.16019607894123">
        <ele>0.34</ele>
      </trkpt>
      <trkpt lat="23.603074634447694" lon="120.16010999679565">
        <ele>0.28</ele>
      </trkpt>
      <trkpt lat="23.603074550628662" lon="120.16010999679565">
        <ele>0.23</ele>
      </trkpt>
      <trkpt lat="23.60281789675355" lon="120.1599816698581">
        <ele>0.13</ele>
      </trkpt>
      <trkpt lat="23.602559650316834" lon="120.15985250473022">
        <ele>0.08</ele>
      </trkpt>
      <trkpt lat="23.602287909016013" lon="120.15972292050719">
        <ele>0.0</ele>
      </trkpt>
      <trkpt lat="23.602016167715192" lon="120.15959333628416">
        <ele>-0.08</ele>
      </trkpt>
      <trkpt lat="23.60174442641437" lon="120.15946375206113">
        <ele>-0.17</ele>
      </trkpt>
      <trkpt lat="23.60147268511355" lon="120.1593341678381">
        <ele>-0.24</ele>
      </trkpt>
      <trkpt lat="23.601200943812728" lon="120.15920458361506">
        <ele>-0.3</ele>
      </trkpt>
      <trkpt lat="23.600929202511907" lon="120.15907499939203">
        <ele>-0.34</ele>
      </trkpt>
      <trkpt lat="23.600657545030117" lon="120.158945415169">
        <ele>-0.39</ele>
      </trkpt>
      <trkpt lat="23.600385803729296" lon="120.15881583094597">
        <ele>-0.44</ele>
      </trkpt>
      <trkpt lat="23.600114062428474" lon="120.15868624672294">
        <ele>-0.5</ele>
      </trkpt>
      <trkpt lat="23.599842321127653" lon="120.15855674631894">
        <ele>-0.62</ele>
      </trkpt>
      <trkpt lat="23.599570579826832" lon="120.1584271620959">
        <ele>-0.71</ele>
      </trkpt>
      <trkpt lat="23.59929883852601" lon="120.15829757787287">
        <ele>-0.79</ele>
      </trkpt>
      <trkpt lat="23.59902709722519" lon="120.15816799364984">
        <ele>-0.86</ele>
      </trkpt>
      <trkpt lat="23.5987554397434" lon="120.15803840942681">
        <ele>-0.92</ele>
      </trkpt>
      <trkpt lat="23.59848369844258" lon="120.15790882520378">
        <ele>-0.99</ele>
      </trkpt>
      <trkpt lat="23.598211957141757" lon="120.15777924098074">
        <ele>-1.04</ele>
      </trkpt>
      <trkpt lat="23.59792470932007" lon="120.15764236450195">
        <ele>-1.05</ele>
      </trkpt>
      <trkpt lat="23.597673419862986" lon="120.15752468258142">
        <ele>-1.08</ele>
      </trkpt>
      <trkpt lat="23.597422130405903" lon="120.15740708447993">
        <ele>-1.13</ele>
      </trkpt>
      <trkpt lat="23.597170924767852" lon="120.15728948637843">
        <ele>-1.22</ele>
      </trkpt>
      <trkpt lat="23.5969162825495" lon="120.15717029571533">
        <ele>-1.29</ele>
      </trkpt>
      <trkpt lat="23.59663045965135" lon="120.15703417360783">
        <ele>-1.34</ele>
      </trkpt>
      <trkpt lat="23.5963446367532" lon="120.15689805150032">
        <ele>-1.41</ele>
      </trkpt>
      <trkpt lat="23.596058897674084" lon="120.15676201321185">
        <ele>-1.41</ele>
      </trkpt>
      <trkpt lat="23.595773074775934" lon="120.15662589110434">
        <ele>-1.36</ele>
      </trkpt>
      <trkpt lat="23.595487251877785" lon="120.15648976899683">
        <ele>-1.35</ele>
      </trkpt>
      <trkpt lat="23.595201512798667" lon="120.15635373070836">
        <ele>-1.37</ele>
      </trkpt>
      <trkpt lat="23.594915689900517" lon="120.15621760860085">
        <ele>-1.36</ele>
      </trkpt>
      <trkpt lat="23.5946299508214" lon="120.15608148649335">
        <ele>-1.31</ele>
      </trkpt>
      <trkpt lat="23.59434412792325" lon="120.15594544820487">
        <ele>-1.29</ele>
      </trkpt>
      <trkpt lat="23.5940583050251" lon="120.15580932609737">
        <ele>-1.34</ele>
      </trkpt>
      <trkpt lat="23.593762004747987" lon="120.15566825866699">
        <ele>-1.41</ele>
      </trkpt>
      <trkpt lat="23.593761920928955" lon="120.15566825866699">
        <ele>-1.41</ele>
      </trkpt>
      <trkpt lat="23.59352664090693" lon="120.15555057674646">
        <ele>-1.42</ele>
      </trkpt>
      <trkpt lat="23.593289935961366" lon="120.15543222427368">
        <ele>-1.41</ele>
      </trkpt>
      <trkpt lat="23.593021044507623" lon="120.15530691482127">
        <ele>-1.4</ele>
      </trkpt>
      <trkpt lat="23.59275215305388" lon="120.15518168918788">
        <ele>-1.4</ele>
      </trkpt>
      <trkpt lat="23.59248334541917" lon="120.15505637973547">
        <ele>-1.38</ele>
      </trkpt>
      <trkpt lat="23.592214453965425" lon="120.15493115410209">
        <ele>-1.32</ele>
      </trkpt>
      <trkpt lat="23.591945646330714" lon="120.1548059284687">
        <ele>-1.34</ele>
      </trkpt>
      <trkpt lat="23.59167675487697" lon="120.15468061901629">
        <ele>-1.34</ele>
      </trkpt>
      <trkpt lat="23.59140157699585" lon="120.1545524597168">
        <ele>-1.32</ele>
      </trkpt>
      <trkpt lat="23.591134194284678" lon="120.15442413277924">
        <ele>-1.31</ele>
      </trkpt>
      <trkpt lat="23.59086513519287" lon="120.15429496765137">
        <ele>-1.26</ele>
      </trkpt>
      <trkpt lat="23.590582832694054" lon="120.1541623659432">
        <ele>-1.25</ele>
      </trkpt>
      <trkpt lat="23.590300530195236" lon="120.15402976423502">
        <ele>-1.23</ele>
      </trkpt>
      <trkpt lat="23.59001831151545" lon="120.15389716252685">
        <ele>-1.2</ele>
      </trkpt>
      <trkpt lat="23.589736009016633" lon="120.15376456081867">
        <ele>-1.22</ele>
      </trkpt>
      <trkpt lat="23.58944901265204" lon="120.15362977981567">
        <ele>-1.19</ele>
      </trkpt>
      <trkpt lat="23.589192358776927" lon="120.15350145287812">
        <ele>-1.19</ele>
      </trkpt>
      <trkpt lat="23.588935704901814" lon="120.15337312594056">
        <ele>-1.25</ele>
      </trkpt>
      <trkpt lat="23.58867653645575" lon="120.15324354171753">
        <ele>-1.27</ele>
      </trkpt>
      <trkpt lat="23.588547790423036" lon="120.15317916870117">
        <ele>-1.25</ele>
      </trkpt>
      <trkpt lat="23.588291136547923" lon="120.15306509099901">
        <ele>-1.22</ele>
      </trkpt>
      <trkpt lat="23.588034566491842" lon="120.15295101329684">
        <ele>-1.2</ele>
      </trkpt>
      <trkpt lat="23.587775314226747" lon="120.15283584594727">
        <ele>-1.16</ele>
      </trkpt>
      <trkpt lat="23.58754003420472" lon="120.1527217682451">
        <ele>-1.13</ele>
      </trkpt>
      <trkpt lat="23.587304754182696" lon="120.15260769054294">
        <ele>-1.15</ele>
      </trkpt>
      <trkpt lat="23.587067211046815" lon="120.15249252319336">
        <ele>-1.16</ele>
      </trkpt>
      <trkpt lat="23.586791278794408" lon="120.15235992148519">
        <ele>-1.16</ele>
      </trkpt>
      <trkpt lat="23.586515430361032" lon="120.15222731977701">
        <ele>-1.15</ele>
      </trkpt>
      <trkpt lat="23.586239498108625" lon="120.15209471806884">
        <ele>-1.12</ele>
      </trkpt>
      <trkpt lat="23.58596364967525" lon="120.15196211636066">
        <ele>-1.11</ele>
      </trkpt>
      <trkpt lat="23.585687801241875" lon="120.15182951465249">
        <ele>-1.1</ele>
      </trkpt>
      <trkpt lat="23.585411868989468" lon="120.15169691294432">
        <ele>-1.06</ele>
      </trkpt>
      <trkpt lat="23.585136020556092" lon="120.15156431123614">
        <ele>-1.0</ele>
      </trkpt>
      <trkpt lat="23.584860172122717" lon="120.15143170952797">
        <ele>-1.0</ele>
      </trkpt>
      <trkpt lat="23.58458423987031" lon="120.1512991078198">
        <ele>-1.0</ele>
      </trkpt>
      <trkpt lat="23.584299171343446" lon="120.15116214752197">
        <ele>-1.03</ele>
      </trkpt>
      <trkpt lat="23.584078140556812" lon="120.1510623190552">
        <ele>-1.03</ele>
      </trkpt>
      <trkpt lat="23.58385719358921" lon="120.15096249058843">
        <ele>-1.01</ele>
      </trkpt>
      <trkpt lat="23.583633983507752" lon="120.1508617401123">
        <ele>-0.98</ele>
      </trkpt>
      <trkpt lat="23.583374647423625" lon="120.15073601156473">
        <ele>-0.97</ele>
      </trkpt>
      <trkpt lat="23.583115311339498" lon="120.15061036683619">
        <ele>-1.01</ele>
      </trkpt>
      <trkpt lat="23.58285597525537" lon="120.15048472210765">
        <ele>-0.97</ele>
      </trkpt>
      <trkpt lat="23.582596639171243" lon="120.15035907737911">
        <ele>-0.94</ele>
      </trkpt>
      <trkpt lat="23.582337386906147" lon="120.15023343265057">
        <ele>-0.9</ele>
      </trkpt>
      <trkpt lat="23.58207805082202" lon="120.15010778792202">
        <ele>-0.9</ele>
      </trkpt>
      <trkpt lat="23.581818714737892" lon="120.14998214319348">
        <ele>-0.91</ele>
      </trkpt>
      <trkpt lat="23.581552505493164" lon="120.1498532295227">
        <ele>-0.91</ele>
      </trkpt>
      <trkpt lat="23.581338683143258" lon="120.14976765029132">
        <ele>-0.94</ele>
      </trkpt>
      <trkpt lat="23.58112335205078" lon="120.14968156814575">
        <ele>-1.0</ele>
      </trkpt>
      <trkpt lat="23.58090877532959" lon="120.14959573745728">
        <ele>-1.01</ele>
      </trkpt>
      <trkpt lat="23.580695036798716" lon="120.14954226091504">
        <ele>-1.04</ele>
      </trkpt>
      <trkpt lat="23.580479621887207" lon="120.14948844909668">
        <ele>-1.07</ele>
      </trkpt>
      <trkpt lat="23.58029798604548" lon="120.14945634640753">
        <ele>-1.06</ele>
      </trkpt>
      <trkpt lat="23.580114925280213" lon="120.14942407608032">
        <ele>-1.02</ele>
      </trkpt>
      <trkpt lat="23.579837065190077" lon="120.14941334724426">
        <ele>-0.94</ele>
      </trkpt>
      <trkpt lat="23.579556941986084" lon="120.1494026184082">
        <ele>-0.86</ele>
      </trkpt>
      <trkpt lat="23.579299449920654" lon="120.1494026184082">
        <ele>-0.79</ele>
      </trkpt>
      <trkpt lat="23.579064337536693" lon="120.14943463727832">
        <ele>-0.75</ele>
      </trkpt>
      <trkpt lat="23.578827381134033" lon="120.14946699142456">
        <ele>-0.73</ele>
      </trkpt>
      <trkpt lat="23.578613558784127" lon="120.14953111298382">
        <ele>-0.71</ele>
      </trkpt>
      <trkpt lat="23.578399820253253" lon="120.14959523454309">
        <ele>-0.65</ele>
      </trkpt>
      <trkpt lat="23.57818365097046" lon="120.14966011047363">
        <ele>-0.57</ele>
      </trkpt>
      <trkpt lat="23.57792171649635" lon="120.14976161532104">
        <ele>-0.53</ele>
      </trkpt>
      <trkpt lat="23.577659782022238" lon="120.14986320398748">
        <ele>-0.53</ele>
      </trkpt>
      <trkpt lat="23.57739793136716" lon="120.14996470883489">
        <ele>-0.53</ele>
      </trkpt>
      <trkpt lat="23.57713222503662" lon="120.1500678062439">
        <ele>-0.52</ele>
      </trkpt>
      <trkpt lat="23.57692552730441" lon="120.15015330165625">
        <ele>-0.48</ele>
      </trkpt>
      <trkpt lat="23.5767188295722" lon="120.1502387970686">
        <ele>-0.44</ele>
      </trkpt>
      <trkpt lat="23.576510036364198" lon="120.15032529830933">
        <ele>-0.44</ele>
      </trkpt>
      <trkpt lat="23.57629621401429" lon="120.15041079372168">
        <ele>-0.41</ele>
      </trkpt>
      <trkpt lat="23.576080882921815" lon="120.15049695968628">
        <ele>-0.38</ele>
      </trkpt>
      <trkpt lat="23.57590913772583" lon="120.15058279037476">
        <ele>-0.36</ele>
      </trkpt>
      <trkpt lat="23.575620464980602" lon="120.15070030465722">
        <ele>-0.35</ele>
      </trkpt>
      <trkpt lat="23.575329780578613" lon="120.15081882476807">
        <ele>-0.3</ele>
      </trkpt>
      <trkpt lat="23.575126603245735" lon="120.15090432018042">
        <ele>-0.31</ele>
      </trkpt>
      <trkpt lat="23.57492208480835" lon="120.15099048614502">
        <ele>-0.3</ele>
      </trkpt>
      <trkpt lat="23.57491127215326" lon="120.15119458548725">
        <ele>-0.22</ele>
      </trkpt>
      <trkpt lat="23.57490062713623" lon="120.15139818191528">
        <ele>-0.18</ele>
      </trkpt>
      <trkpt lat="23.57490062713623" lon="120.15169858932495">
        <ele>-0.1</ele>
      </trkpt>
      <trkpt lat="23.57492208480835" lon="120.15189170837402">
        <ele>-0.1</ele>
      </trkpt>
      <trkpt lat="23.574857711791992" lon="120.15199899673462">
        <ele>-0.11</ele>
      </trkpt>
      <trkpt lat="23.574814796447754" lon="120.15219211578369">
        <ele>-0.12</ele>
      </trkpt>
      <trkpt lat="23.574782526120543" lon="120.15251976437867">
        <ele>-0.19</ele>
      </trkpt>
      <trkpt lat="23.574750339612365" lon="120.15284741297364">
        <ele>-0.19</ele>
      </trkpt>
      <trkpt lat="23.574718153104186" lon="120.15317506156862">
        <ele>-0.17</ele>
      </trkpt>
      <trkpt lat="23.57468613423407" lon="120.15350103378296">
        <ele>-0.18</ele>
      </trkpt>
      <trkpt lat="23.57465386390686" lon="120.1538233179599">
        <ele>-0.2</ele>
      </trkpt>
      <trkpt lat="23.574621761217713" lon="120.15414476394653">
        <ele>-0.19</ele>
      </trkpt>
      <trkpt lat="23.574593095108867" lon="120.15444550663233">
        <ele>-0.27</ele>
      </trkpt>
      <trkpt lat="23.57456442900002" lon="120.15474633313715">
        <ele>-0.4</ele>
      </trkpt>
      <trkpt lat="23.574535930529237" lon="120.15504598617554">
        <ele>-0.47</ele>
      </trkpt>
      <trkpt lat="23.57450181618333" lon="120.15536759980023">
        <ele>-0.51</ele>
      </trkpt>
      <trkpt lat="23.57446770183742" lon="120.15568929724395">
        <ele>-0.53</ele>
      </trkpt>
      <trkpt lat="23.574433587491512" lon="120.15601091086864">
        <ele>-0.54</ele>
      </trkpt>
      <trkpt lat="23.574399473145604" lon="120.15633260831237">
        <ele>-0.65</ele>
      </trkpt>
      <trkpt lat="23.574365442618728" lon="120.15665422193706">
        <ele>-0.74</ele>
      </trkpt>
      <trkpt lat="23.57433132827282" lon="120.15697591938078">
        <ele>-0.76</ele>
      </trkpt>
      <trkpt lat="23.574297549203038" lon="120.1572946831584">
        <ele>-0.81</ele>
      </trkpt>
      <trkpt lat="23.57426251284778" lon="120.15762551687658">
        <ele>-0.89</ele>
      </trkpt>
      <trkpt lat="23.574227476492524" lon="120.15795643441379">
        <ele>-0.93</ele>
      </trkpt>
      <trkpt lat="23.57419260777533" lon="120.15828609466553">
        <ele>-0.94</ele>
      </trkpt>
      <trkpt lat="23.574227560311556" lon="120.15795517712831">
        <ele>-1.01</ele>
      </trkpt>
      <trkpt lat="23.574262596666813" lon="120.1576242595911">
        <ele>-1.06</ele>
      </trkpt>
      <trkpt lat="23.574297549203038" lon="120.1572946831584">
        <ele>-0.81</ele>
      </trkpt>
      <trkpt lat="23.57426251284778" lon="120.15762551687658">
        <ele>-0.89</ele>
      </trkpt>
      <trkpt lat="23.574227476492524" lon="120.15795643441379">
        <ele>-0.93</ele>
      </trkpt>
      <trkpt lat="23.57419260777533" lon="120.15828609466553">
        <ele>-0.94</ele>
      </trkpt>
      <trkpt lat="23.57417106628418" lon="120.15853671357036">
        <ele>-1.13</ele>
      </trkpt>
      <trkpt lat="23.57414960861206" lon="120.15878741629422">
        <ele>-1.14</ele>
      </trkpt>
      <trkpt lat="23.574128234758973" lon="120.1590371131897">
        <ele>-1.14</ele>
      </trkpt>
      <trkpt lat="23.574098143726587" lon="120.15931212343276">
        <ele>-1.19</ele>
      </trkpt>
      <trkpt lat="23.5740680526942" lon="120.15958713367581">
        <ele>-1.19</ele>
      </trkpt>
      <trkpt lat="23.574037961661816" lon="120.15986214391887">
        <ele>-1.18</ele>
      </trkpt>
      <trkpt lat="23.57400787062943" lon="120.16013715416193">
        <ele>-1.13</ele>
      </trkpt>
      <trkpt lat="23.57397803105414" lon="120.16041040420532">
        <ele>-1.1</ele>
      </trkpt>
      <trkpt lat="23.57395657338202" lon="120.16071081161499">
        <ele>-1.13</ele>
      </trkpt>
      <trkpt lat="23.57391893863678" lon="120.161043824628">
        <ele>-1.14</ele>
      </trkpt>
      <trkpt lat="23.57388130389154" lon="120.161376837641">
        <ele>-1.1</ele>
      </trkpt>
      <trkpt lat="23.57384375296533" lon="120.161709850654">
        <ele>-1.02</ele>
      </trkpt>
      <trkpt lat="23.573806369677186" lon="120.16204118728638">
        <ele>-0.97</ele>
      </trkpt>
      <trkpt lat="23.573779463768005" lon="120.16234192997217">
        <ele>-0.89</ele>
      </trkpt>
      <trkpt lat="23.573752641677856" lon="120.162642756477">
        <ele>-0.77</ele>
      </trkpt>
      <trkpt lat="23.573725735768676" lon="120.16294358298182">
        <ele>-0.7</ele>
      </trkpt>
      <trkpt lat="23.57369908131659" lon="120.16324281692505">
        <ele>-0.73</ele>
      </trkpt>
      <trkpt lat="23.57366681098938" lon="120.16353283077478">
        <ele>-0.7</ele>
      </trkpt>
      <trkpt lat="23.5736346244812" lon="120.16382284462452">
        <ele>-0.63</ele>
      </trkpt>
      <trkpt lat="23.57360235415399" lon="120.16411294229329">
        <ele>-0.54</ele>
      </trkpt>
      <trkpt lat="23.573570167645812" lon="120.16440295614302">
        <ele>-0.5</ele>
      </trkpt>
      <trkpt lat="23.5735378973186" lon="120.16469305381179">
        <ele>-0.44</ele>
      </trkpt>
      <trkpt lat="23.573505962267518" lon="120.1649808883667">
        <ele>-0.34</ele>
      </trkpt>
      <trkpt lat="23.57347729615867" lon="120.16529596410692">
        <ele>-0.23</ele>
      </trkpt>
      <trkpt lat="23.573448630049825" lon="120.16561112366617">
        <ele>-0.12</ele>
      </trkpt>
      <trkpt lat="23.57342013157904" lon="120.16592502593994">
        <ele>-0.03</ele>
      </trkpt>
      <trkpt lat="23.57339859008789" lon="120.16617564484477">
        <ele>0.03</ele>
      </trkpt>
      <trkpt lat="23.57337704859674" lon="120.16642634756863">
        <ele>0.11</ele>
      </trkpt>
      <trkpt lat="23.573355674743652" lon="120.16667604446411">
        <ele>0.22</ele>
      </trkpt>
      <trkpt lat="23.573327008634806" lon="120.16699832864106">
        <ele>0.33</ele>
      </trkpt>
      <trkpt lat="23.57329834252596" lon="120.167320612818">
        <ele>0.44</ele>
      </trkpt>
      <trkpt lat="23.573269760236144" lon="120.16764289699495">
        <ele>0.5</ele>
      </trkpt>
      <trkpt lat="23.573241094127297" lon="120.1679651811719">
        <ele>0.56</ele>
      </trkpt>
      <trkpt lat="23.573212511837482" lon="120.16828746534884">
        <ele>0.69</ele>
      </trkpt>
      <trkpt lat="23.57318409718573" lon="120.16860723495483">
        <ele>0.74</ele>
      </trkpt>
      <trkpt lat="23.573155933991075" lon="120.16893111169338">
        <ele>0.76</ele>
      </trkpt>
      <trkpt lat="23.57312785461545" lon="120.16925507225096">
        <ele>0.9</ele>
      </trkpt>
      <trkpt lat="23.573099775239825" lon="120.16957903280854">
        <ele>1.01</ele>
      </trkpt>
      <trkpt lat="23.5730716958642" lon="120.16990299336612">
        <ele>1.07</ele>
      </trkpt>
      <trkpt lat="23.573043616488576" lon="120.1702269539237">
        <ele>1.14</ele>
      </trkpt>
      <trkpt lat="23.57301553711295" lon="120.17055083066225">
        <ele>1.25</ele>
      </trkpt>
      <trkpt lat="23.572987373918295" lon="120.17087479121983">
        <ele>1.37</ele>
      </trkpt>
      <trkpt lat="23.57295929454267" lon="120.17119875177741">
        <ele>1.49</ele>
      </trkpt>
      <trkpt lat="23.572931215167046" lon="120.17152271233499">
        <ele>1.61</ele>
      </trkpt>
      <trkpt lat="23.57290313579142" lon="120.17184667289257">
        <ele>1.73</ele>
      </trkpt>
      <trkpt lat="23.572875056415796" lon="120.17217054963112">
        <ele>1.85</ele>
      </trkpt>
      <trkpt lat="23.57284697704017" lon="120.1724945101887">
        <ele>1.93</ele>
      </trkpt>
      <trkpt lat="23.572819316759706" lon="120.17281293869019">
        <ele>1.97</ele>
      </trkpt>
      <trkpt lat="23.572819232940674" lon="120.17281293869019">
        <ele>2.05</ele>
      </trkpt>
      <trkpt lat="23.572797859087586" lon="120.17289876937866">
        <ele>2.11</ele>
      </trkpt>
      <trkpt lat="23.572776317596436" lon="120.17323387786746">
        <ele>2.16</ele>
      </trkpt>
      <trkpt lat="23.572754859924316" lon="120.17356907017529">
        <ele>2.27</ele>
      </trkpt>
      <trkpt lat="23.572733402252197" lon="120.17390426248312">
        <ele>2.34</ele>
      </trkpt>
      <trkpt lat="23.572711860761046" lon="120.17423945479095">
        <ele>2.36</ele>
      </trkpt>
      <trkpt lat="23.57269057072699" lon="120.17457246780396">
        <ele>2.41</ele>
      </trkpt>
      <trkpt lat="23.57266911305487" lon="120.17478704452515">
        <ele>2.46</ele>
      </trkpt>
      <trkpt lat="23.57264757156372" lon="120.17502333037555">
        <ele>2.52</ele>
      </trkpt>
      <trkpt lat="23.572626197710633" lon="120.17525911331177">
        <ele>2.54</ele>
      </trkpt>
      <trkpt lat="23.572626197710633" lon="120.17532348632812">
        <ele>2.56</ele>
      </trkpt>
      <trkpt lat="23.572550928220153" lon="120.17561341635883">
        <ele>2.57</ele>
      </trkpt>
      <trkpt lat="23.572475910186768" lon="120.17590284347534">
        <ele>2.55</ele>
      </trkpt>
      <trkpt lat="23.57241145335138" lon="120.17616058699787">
        <ele>2.55</ele>
      </trkpt>
      <trkpt lat="23.572347247973084" lon="120.1764178276062">
        <ele>2.55</ele>
      </trkpt>
      <trkpt lat="23.572325790300965" lon="120.1765251159668">
        <ele>2.53</ele>
      </trkpt>
      <trkpt lat="23.572261333465576" lon="120.17676131799817">
        <ele>2.49</ele>
      </trkpt>
      <trkpt lat="23.57219704426825" lon="120.17699718475342">
        <ele>2.43</ele>
      </trkpt>
      <trkpt lat="23.57219704426825" lon="120.17712593078613">
        <ele>2.37</ele>
      </trkpt>
      <trkpt lat="23.572239875793457" lon="120.17734050750732">
        <ele>2.31</ele>
      </trkpt>
      <trkpt lat="23.572282791137695" lon="120.17749071121216">
        <ele>2.25</ele>
      </trkpt>
      <trkpt lat="23.572385804727674" lon="120.177744012326">
        <ele>2.18</ele>
      </trkpt>
      <trkpt lat="23.572488902136683" lon="120.17799731343985">
        <ele>2.1</ele>
      </trkpt>
      <trkpt lat="23.57259191572666" lon="120.17825061455369">
        <ele>1.99</ele>
      </trkpt>
      <trkpt lat="23.57269501313567" lon="120.17850391566753">
        <ele>1.86</ele>
      </trkpt>
      <trkpt lat="23.572797859087586" lon="120.17875671386719">
        <ele>1.76</ele>
      </trkpt>
      <trkpt lat="23.57291587628424" lon="120.17904647625983">
        <ele>1.66</ele>
      </trkpt>
      <trkpt lat="23.573033893480897" lon="120.1793360710144">
        <ele>1.54</ele>
      </trkpt>
      <trkpt lat="23.573162639513612" lon="120.17961502075195">
        <ele>1.46</ele>
      </trkpt>
      <trkpt lat="23.573255594819784" lon="120.17982959747314">
        <ele>1.38</ele>
      </trkpt>
      <trkpt lat="23.57334863394499" lon="120.18004425801337">
        <ele>1.3</ele>
      </trkpt>
      <trkpt lat="23.57344158925116" lon="120.18025875091553">
        <ele>1.22</ele>
      </trkpt>
      <trkpt lat="23.573484420776367" lon="120.180344581604">
        <ele>1.13</ele>
      </trkpt>
      <trkpt lat="23.573613166809082" lon="120.1806521974504">
        <ele>1.03</ele>
      </trkpt>
      <trkpt lat="23.57374199666083" lon="120.18095989711583">
        <ele>0.93</ele>
      </trkpt>
      <trkpt lat="23.573870826512575" lon="120.18126759678125">
        <ele>0.87</ele>
      </trkpt>
      <trkpt lat="23.57399965636432" lon="120.18157529644668">
        <ele>0.75</ele>
      </trkpt>
      <trkpt lat="23.574128402397037" lon="120.18188291229308">
        <ele>0.64</ele>
      </trkpt>
      <trkpt lat="23.574256980791688" lon="120.18218994140625">
        <ele>0.54</ele>
      </trkpt>
      <trkpt lat="23.574389331042767" lon="120.18249395303428">
        <ele>0.44</ele>
      </trkpt>
      <trkpt lat="23.574521681293845" lon="120.18279804848135">
        <ele>0.34</ele>
      </trkpt>
      <trkpt lat="23.574654031544924" lon="120.18310214392841">
        <ele>0.29</ele>
      </trkpt>
      <trkpt lat="23.574786381796002" lon="120.18340623937547">
        <ele>0.23</ele>
      </trkpt>
      <trkpt lat="23.57491873204708" lon="120.18371033482254">
        <ele>0.18</ele>
      </trkpt>
      <trkpt lat="23.575050830841064" lon="120.18401384353638">
        <ele>0.1</ele>
      </trkpt>
      <trkpt lat="23.57513666152954" lon="120.1842713356018">
        <ele>0.01</ele>
      </trkpt>
      <trkpt lat="23.57522257603705" lon="120.18451818265021">
        <ele>-0.07</ele>
      </trkpt>
      <trkpt lat="23.575308406725526" lon="120.18476486206055">
        <ele>-0.18</ele>
      </trkpt>
      <trkpt lat="23.57523975893855" lon="120.18474960699677">
        <ele>-0.23</ele>
      </trkpt>
      <trkpt lat="23.575308406725526" lon="120.18476486206055">
        <ele>-0.18</ele>
      </trkpt>
      <trkpt lat="23.575222408398986" lon="120.18451793119311">
        <ele>-0.26</ele>
      </trkpt>
      <trkpt lat="23.57513666152954" lon="120.1842713356018">
        <ele>0.01</ele>
      </trkpt>
      <trkpt lat="23.575050830841064" lon="120.18401384353638">
        <ele>0.1</ele>
      </trkpt>
      <trkpt lat="23.574918396770954" lon="120.18370974808931">
        <ele>-0.27</ele>
      </trkpt>
      <trkpt lat="23.574786046519876" lon="120.18340565264225">
        <ele>-0.31</ele>
      </trkpt>
      <trkpt lat="23.574653696268797" lon="120.18310155719519">
        <ele>-0.34</ele>
      </trkpt>
      <trkpt lat="23.57452134601772" lon="120.18279746174812">
        <ele>-0.38</ele>
      </trkpt>
      <trkpt lat="23.57438899576664" lon="120.18249336630106">
        <ele>-0.36</ele>
      </trkpt>
      <trkpt lat="23.574256980791688" lon="120.18218994140625">
        <ele>0.54</ele>
      </trkpt>
      <trkpt lat="23.574389331042767" lon="120.18249395303428">
        <ele>0.44</ele>
      </trkpt>
      <trkpt lat="23.574521681293845" lon="120.18279804848135">
        <ele>0.34</ele>
      </trkpt>
      <trkpt lat="23.574654031544924" lon="120.18310214392841">
        <ele>0.29</ele>
      </trkpt>
      <trkpt lat="23.574786381796002" lon="120.18340623937547">
        <ele>0.23</ele>
      </trkpt>
      <trkpt lat="23.57491873204708" lon="120.18371033482254">
        <ele>0.18</ele>
      </trkpt>
      <trkpt lat="23.575050830841064" lon="120.18401384353638">
        <ele>0.1</ele>
      </trkpt>
      <trkpt lat="23.57513666152954" lon="120.1842713356018">
        <ele>0.01</ele>
      </trkpt>
      <trkpt lat="23.57522257603705" lon="120.18451818265021">
        <ele>-0.07</ele>
      </trkpt>
      <trkpt lat="23.575308406725526" lon="120.18476486206055">
        <ele>-0.18</ele>
      </trkpt>
      <trkpt lat="23.57523975893855" lon="120.18474960699677">
        <ele>-0.23</ele>
      </trkpt>
      <trkpt lat="23.575308406725526" lon="120.18476486206055">
        <ele>-0.18</ele>
      </trkpt>
      <trkpt lat="23.57540144585073" lon="120.18509267829359">
        <ele>0.09</ele>
      </trkpt>
      <trkpt lat="23.575494484975934" lon="120.18542057834566">
        <ele>0.18</ele>
      </trkpt>
      <trkpt lat="23.575587524101138" lon="120.1857483945787">
        <ele>0.3</ele>
      </trkpt>
      <trkpt lat="23.575680647045374" lon="120.18607629463077">
        <ele>0.42</ele>
      </trkpt>
      <trkpt lat="23.575773686170578" lon="120.18640419468284">
        <ele>0.59</ele>
      </trkpt>
      <trkpt lat="23.575866725295782" lon="120.18673201091588">
        <ele>0.73</ele>
      </trkpt>
      <trkpt lat="23.575959848240018" lon="120.18705991096795">
        <ele>0.83</ele>
      </trkpt>
      <trkpt lat="23.576052887365222" lon="120.18738781102002">
        <ele>0.91</ele>
      </trkpt>
      <trkpt lat="23.576145926490426" lon="120.18771562725306">
        <ele>0.97</ele>
      </trkpt>
      <trkpt lat="23.57623896561563" lon="120.18804352730513">
        <ele>1.09</ele>
      </trkpt>
      <trkpt lat="23.576332088559866" lon="120.1883714273572">
        <ele>1.29</ele>
      </trkpt>
      <trkpt lat="23.57642512768507" lon="120.18869932740927">
        <ele>1.42</ele>
      </trkpt>
      <trkpt lat="23.576518166810274" lon="120.1890271436423">
        <ele>1.48</ele>
      </trkpt>
      <trkpt lat="23.57661128975451" lon="120.18935504369438">
        <ele>1.54</ele>
      </trkpt>
      <trkpt lat="23.57670307159424" lon="120.18967866897583">
        <ele>1.61</ele>
      </trkpt>
      <trkpt lat="23.576745986938477" lon="120.18989324569702">
        <ele>1.68</ele>
      </trkpt>
      <trkpt lat="23.576799714937806" lon="120.1901617180556">
        <ele>1.78</ele>
      </trkpt>
      <trkpt lat="23.576853359118104" lon="120.1904296875">
        <ele>1.89</ele>
      </trkpt>
      <trkpt lat="23.576853275299072" lon="120.1904296875">
        <ele>1.97</ele>
      </trkpt>
      <trkpt lat="23.57689619064331" lon="120.19069815985858">
        <ele>2.1</ele>
      </trkpt>
      <trkpt lat="23.57693910598755" lon="120.19096612930298">
        <ele>2.18</ele>
      </trkpt>
      <trkpt lat="23.576971292495728" lon="120.19120241515338">
        <ele>2.24</ele>
      </trkpt>
      <trkpt lat="23.577003562822938" lon="120.1914381980896">
        <ele>2.3</ele>
      </trkpt>
      <trkpt lat="23.577025020495057" lon="120.19163148477674">
        <ele>2.35</ele>
      </trkpt>
      <trkpt lat="23.577046478167176" lon="120.19182443618774">
        <ele>2.42</ele>
      </trkpt>
      <trkpt lat="23.577089393511415" lon="120.19210372120142">
        <ele>2.45</ele>
      </trkpt>
      <trkpt lat="23.577132308855653" lon="120.1923830062151">
        <ele>2.48</ele>
      </trkpt>
      <trkpt lat="23.577175308018923" lon="120.19266229122877">
        <ele>2.5</ele>
      </trkpt>
      <trkpt lat="23.577218055725098" lon="120.19294023513794">
        <ele>2.51</ele>
      </trkpt>
      <trkpt lat="23.57725669629872" lon="120.19324743188918">
        <ele>2.54</ele>
      </trkpt>
      <trkpt lat="23.57729533687234" lon="120.19355462864041">
        <ele>2.53</ele>
      </trkpt>
      <trkpt lat="23.57733406126499" lon="120.19386190921068">
        <ele>2.48</ele>
      </trkpt>
      <trkpt lat="23.577372701838613" lon="120.19416910596192">
        <ele>2.45</ele>
      </trkpt>
      <trkpt lat="23.577411426231265" lon="120.19447638653219">
        <ele>2.41</ele>
      </trkpt>
      <trkpt lat="23.577450066804886" lon="120.19478358328342">
        <ele>2.39</ele>
      </trkpt>
      <trkpt lat="23.577488707378507" lon="120.1950908638537">
        <ele>2.33</ele>
      </trkpt>
      <trkpt lat="23.57752743177116" lon="120.19539806060493">
        <ele>2.24</ele>
      </trkpt>
      <trkpt lat="23.57756607234478" lon="120.19570525735617">
        <ele>2.17</ele>
      </trkpt>
      <trkpt lat="23.577604293823242" lon="120.19600868225098">
        <ele>2.17</ele>
      </trkpt>
      <trkpt lat="23.57762575149536" lon="120.19624471664429">
        <ele>2.13</ele>
      </trkpt>
      <trkpt lat="23.57762575149536" lon="120.19645954482257">
        <ele>2.05</ele>
      </trkpt>
      <trkpt lat="23.577625835314393" lon="120.19667387008667">
        <ele>1.96</ele>
      </trkpt>
      <trkpt lat="23.57758275233209" lon="120.19688861444592">
        <ele>1.82</ele>
      </trkpt>
      <trkpt lat="23.577539920806885" lon="120.19710302352905">
        <ele>1.72</ele>
      </trkpt>
      <trkpt lat="23.577475547790527" lon="120.197274684906">
        <ele>1.62</ele>
      </trkpt>
      <trkpt lat="23.57741117477417" lon="120.19746780395508">
        <ele>1.56</ele>
      </trkpt>
      <trkpt lat="23.577271699905396" lon="120.19773602485657">
        <ele>1.57</ele>
      </trkpt>
      <trkpt lat="23.577132308855653" lon="120.19800424575806">
        <ele>1.58</ele>
      </trkpt>
      <trkpt lat="23.577003479003906" lon="120.19824028015137">
        <ele>1.52</ele>
      </trkpt>
      <trkpt lat="23.57686936855316" lon="120.19847086630762">
        <ele>1.44</ele>
      </trkpt>
      <trkpt lat="23.576735258102417" lon="120.19870145246387">
        <ele>1.34</ele>
      </trkpt>
      <trkpt lat="23.576601231470704" lon="120.19893212243915">
        <ele>1.29</ele>
      </trkpt>
      <trkpt lat="23.576467037200928" lon="120.19916296005249">
        <ele>1.26</ele>
      </trkpt>
      <trkpt lat="23.576359748840332" lon="120.19936672411859">
        <ele>1.26</ele>
      </trkpt>
      <trkpt lat="23.576252544298768" lon="120.19957065582275">
        <ele>1.25</ele>
      </trkpt>
      <trkpt lat="23.576112985610962" lon="120.1998496055603">
        <ele>1.18</ele>
      </trkpt>
      <trkpt lat="23.57597359456122" lon="120.20012855529785">
        <ele>1.11</ele>
      </trkpt>
      <trkpt lat="23.57588768005371" lon="120.20033240318298">
        <ele>1.06</ele>
      </trkpt>
      <trkpt lat="23.575801849365234" lon="120.20053625106812">
        <ele>1.05</ele>
      </trkpt>
      <trkpt lat="23.575737476348877" lon="120.20072937011719">
        <ele>1.04</ele>
      </trkpt>
      <trkpt lat="23.575683748349547" lon="120.20093338564038">
        <ele>1.03</ele>
      </trkpt>
      <trkpt lat="23.57563018798828" lon="120.20113706588745">
        <ele>0.99</ele>
      </trkpt>
      <trkpt lat="23.57558718882501" lon="120.2013626229018">
        <ele>0.95</ele>
      </trkpt>
      <trkpt lat="23.575544441118836" lon="120.20158767700195">
        <ele>0.89</ele>
      </trkpt>
      <trkpt lat="23.575508566573262" lon="120.20184542052448">
        <ele>0.83</ele>
      </trkpt>
      <trkpt lat="23.57547277584672" lon="120.20210324786603">
        <ele>0.81</ele>
      </trkpt>
      <trkpt lat="23.57543715275824" lon="120.20236015319824">
        <ele>0.84</ele>
      </trkpt>
      <trkpt lat="23.575389878824353" lon="120.20269098691642">
        <ele>0.87</ele>
      </trkpt>
      <trkpt lat="23.575342604890466" lon="120.2030218206346">
        <ele>0.84</ele>
      </trkpt>
      <trkpt lat="23.57529533095658" lon="120.20335265435278">
        <ele>0.75</ele>
      </trkpt>
      <trkpt lat="23.57524805702269" lon="120.20368357189">
        <ele>0.72</ele>
      </trkpt>
      <trkpt lat="23.57520111836493" lon="120.20401239395142">
        <ele>0.7</ele>
      </trkpt>
      <trkpt lat="23.57515811920166" lon="120.20429167896509">
        <ele>0.69</ele>
      </trkpt>
      <trkpt lat="23.57511512003839" lon="120.20457096397877">
        <ele>0.71</ele>
      </trkpt>
      <trkpt lat="23.57507212087512" lon="120.20485024899244">
        <ele>0.69</ele>
      </trkpt>
      <trkpt lat="23.57502912171185" lon="120.20512953400612">
        <ele>0.64</ele>
      </trkpt>
      <trkpt lat="23.574986457824707" lon="120.20540714263916">
        <ele>0.63</ele>
      </trkpt>
      <trkpt lat="23.574932729825377" lon="120.20562188699841">
        <ele>0.63</ele>
      </trkpt>
      <trkpt lat="23.57487916946411" lon="120.20583629608154">
        <ele>0.63</ele>
      </trkpt>
      <trkpt lat="23.574803983792663" lon="120.20612622611225">
        <ele>0.59</ele>
      </trkpt>
      <trkpt lat="23.574728798121214" lon="120.20641615614295">
        <ele>0.61</ele>
      </trkpt>
      <trkpt lat="23.574653696268797" lon="120.20670608617365">
        <ele>0.65</ele>
      </trkpt>
      <trkpt lat="23.574578845873475" lon="120.20699501037598">
        <ele>0.65</ele>
      </trkpt>
      <trkpt lat="23.574498295783997" lon="120.20730103366077">
        <ele>0.63</ele>
      </trkpt>
      <trkpt lat="23.574417745694518" lon="120.20760705694556">
        <ele>0.58</ele>
      </trkpt>
      <trkpt lat="23.57433719560504" lon="120.20791316404939">
        <ele>0.56</ele>
      </trkpt>
      <trkpt lat="23.574256980791688" lon="120.20821809768677">
        <ele>0.59</ele>
      </trkpt>
      <trkpt lat="23.574203168973327" lon="120.20845429971814">
        <ele>0.6</ele>
      </trkpt>
      <trkpt lat="23.57414960861206" lon="120.20869016647339">
        <ele>0.6</ele>
      </trkpt>
      <trkpt lat="23.57412806712091" lon="120.20891572348773">
        <ele>0.58</ele>
      </trkpt>
      <trkpt lat="23.574106693267822" lon="120.20914077758789">
        <ele>0.55</ele>
      </trkpt>
      <trkpt lat="23.574080877006054" lon="120.20942006260157">
        <ele>0.51</ele>
      </trkpt>
      <trkpt lat="23.574055144563317" lon="120.20969934761524">
        <ele>0.53</ele>
      </trkpt>
      <trkpt lat="23.57402932830155" lon="120.20997871644795">
        <ele>0.63</ele>
      </trkpt>
      <trkpt lat="23.574003595858812" lon="120.21025800146163">
        <ele>0.65</ele>
      </trkpt>
      <trkpt lat="23.57397803105414" lon="120.21053552627563">
        <ele>0.64</ele>
      </trkpt>
      <trkpt lat="23.573977947235107" lon="120.21053552627563">
        <ele>0.64</ele>
      </trkpt>
      <trkpt lat="23.573956405743957" lon="120.21084347739816">
        <ele>0.64</ele>
      </trkpt>
      <trkpt lat="23.573934948071837" lon="120.21115142852068">
        <ele>0.67</ele>
      </trkpt>
      <trkpt lat="23.57391349039972" lon="120.2114593796432">
        <ele>0.66</ele>
      </trkpt>
      <trkpt lat="23.5738920327276" lon="120.21176741458476">
        <ele>0.63</ele>
      </trkpt>
      <trkpt lat="23.57387057505548" lon="120.21207536570728">
        <ele>0.62</ele>
      </trkpt>
      <trkpt lat="23.573849285021424" lon="120.21238088607788">
        <ele>0.64</ele>
      </trkpt>
      <trkpt lat="23.573827827349305" lon="120.21268129348755">
        <ele>0.63</ele>
      </trkpt>
      <trkpt lat="23.573811650276184" lon="120.21296594291925">
        <ele>0.62</ele>
      </trkpt>
      <trkpt lat="23.573795557022095" lon="120.21325067616999">
        <ele>0.57</ele>
      </trkpt>
      <trkpt lat="23.573779463768005" lon="120.2135353256017">
        <ele>0.53</ele>
      </trkpt>
      <trkpt lat="23.573763454332948" lon="120.21381855010986">
        <ele>0.49</ele>
      </trkpt>
      <trkpt lat="23.573763370513916" lon="120.21381855010986">
        <ele>0.48</ele>
      </trkpt>
      <trkpt lat="23.5737400688231" lon="120.21413723006845">
        <ele>0.47</ele>
      </trkpt>
      <trkpt lat="23.573716767132282" lon="120.21445591002703">
        <ele>0.49</ele>
      </trkpt>
      <trkpt lat="23.573693549260497" lon="120.21477467380464">
        <ele>0.49</ele>
      </trkpt>
      <trkpt lat="23.57367024756968" lon="120.21509335376322">
        <ele>0.46</ele>
      </trkpt>
      <trkpt lat="23.573646945878863" lon="120.21541211754084">
        <ele>0.46</ele>
      </trkpt>
      <trkpt lat="23.573623728007078" lon="120.21573079749942">
        <ele>0.5</ele>
      </trkpt>
      <trkpt lat="23.57360042631626" lon="120.216049477458">
        <ele>0.55</ele>
      </trkpt>
      <trkpt lat="23.573577124625444" lon="120.21636824123561">
        <ele>0.54</ele>
      </trkpt>
      <trkpt lat="23.57355390675366" lon="120.2166869211942">
        <ele>0.56</ele>
      </trkpt>
      <trkpt lat="23.573530605062842" lon="120.21700568497181">
        <ele>0.59</ele>
      </trkpt>
      <trkpt lat="23.573507303372025" lon="120.21732436493039">
        <ele>0.67</ele>
      </trkpt>
      <trkpt lat="23.573484420776367" lon="120.21763801574707">
        <ele>0.77</ele>
      </trkpt>
      <trkpt lat="23.573462879285216" lon="120.21795166656375">
        <ele>0.83</ele>
      </trkpt>
      <trkpt lat="23.573441421613097" lon="120.21826540119946">
        <ele>0.85</ele>
      </trkpt>
      <trkpt lat="23.573419963940978" lon="120.21857905201614">
        <ele>0.89</ele>
      </trkpt>
      <trkpt lat="23.57339850626886" lon="120.21889278665185">
        <ele>0.93</ele>
      </trkpt>
      <trkpt lat="23.573377216234803" lon="120.21920442581177">
        <ele>0.95</ele>
      </trkpt>
      <trkpt lat="23.573355674743652" lon="120.2195171546191">
        <ele>0.95</ele>
      </trkpt>
      <trkpt lat="23.573334217071533" lon="120.21982988342643">
        <ele>0.97</ele>
      </trkpt>
      <trkpt lat="23.573312759399414" lon="120.22014261223376">
        <ele>1.01</ele>
      </trkpt>
      <trkpt lat="23.573291217908263" lon="120.22045534104109">
        <ele>1.09</ele>
      </trkpt>
      <trkpt lat="23.573269760236144" lon="120.22076815366745">
        <ele>1.12</ele>
      </trkpt>
      <trkpt lat="23.573248302564025" lon="120.22108088247478">
        <ele>1.21</ele>
      </trkpt>
      <trkpt lat="23.573226761072874" lon="120.22139361128211">
        <ele>1.25</ele>
      </trkpt>
      <trkpt lat="23.573205303400755" lon="120.22170634008944">
        <ele>1.29</ele>
      </trkpt>
      <trkpt lat="23.57318409718573" lon="120.22201538085938">
        <ele>1.38</ele>
      </trkpt>
      <trkpt lat="23.57316255569458" lon="120.22234621457756">
        <ele>1.48</ele>
      </trkpt>
      <trkpt lat="23.57314109802246" lon="120.22267713211477">
        <ele>1.59</ele>
      </trkpt>
      <trkpt lat="23.573119640350342" lon="120.22300804965198">
        <ele>1.62</ele>
      </trkpt>
      <trkpt lat="23.57309809885919" lon="120.22333888337016">
        <ele>1.64</ele>
      </trkpt>
      <trkpt lat="23.573076808825135" lon="120.22366762161255">
        <ele>1.69</ele>
      </trkpt>
      <trkpt lat="23.573055267333984" lon="120.22393617779016">
        <ele>1.78</ele>
      </trkpt>
      <trkpt lat="23.573033893480897" lon="120.22420406341553">
        <ele>1.9</ele>
      </trkpt>
      <trkpt lat="23.573012351989746" lon="120.22446725517511">
        <ele>2.01</ele>
      </trkpt>
      <trkpt lat="23.572990894317627" lon="120.2247304469347">
        <ele>2.08</ele>
      </trkpt>
      <trkpt lat="23.572969436645508" lon="120.22499363869429">
        <ele>2.18</ele>
      </trkpt>
      <trkpt lat="23.57294806279242" lon="120.22525548934937">
        <ele>2.26</ele>
      </trkpt>
      <trkpt lat="23.57292652130127" lon="120.22557056508958">
        <ele>2.32</ele>
      </trkpt>
      <trkpt lat="23.57290506362915" lon="120.22588572464883">
        <ele>2.37</ele>
      </trkpt>
      <trkpt lat="23.572883689776063" lon="120.22619962692261">
        <ele>2.42</ele>
      </trkpt>
      <trkpt lat="23.57288360595703" lon="120.22619962692261">
        <ele>2.49</ele>
      </trkpt>
      <trkpt lat="23.57286055572331" lon="120.2265402674675">
        <ele>2.54</ele>
      </trkpt>
      <trkpt lat="23.572837505489588" lon="120.22688099183142">
        <ele>2.61</ele>
      </trkpt>
      <trkpt lat="23.572814539074898" lon="120.22722171619534">
        <ele>2.69</ele>
      </trkpt>
      <trkpt lat="23.572791488841176" lon="120.22756244055927">
        <ele>2.78</ele>
      </trkpt>
      <trkpt lat="23.572768522426486" lon="120.22790316492319">
        <ele>2.82</ele>
      </trkpt>
      <trkpt lat="23.572745472192764" lon="120.22824388928711">
        <ele>2.91</ele>
      </trkpt>
      <trkpt lat="23.572722505778074" lon="120.22858461365104">
        <ele>3.01</ele>
      </trkpt>
      <trkpt lat="23.572699455544353" lon="120.22892533801496">
        <ele>3.08</ele>
      </trkpt>
      <trkpt lat="23.572676489129663" lon="120.22926606237888">
        <ele>3.06</ele>
      </trkpt>
      <trkpt lat="23.57265343889594" lon="120.22960670292377">
        <ele>3.05</ele>
      </trkpt>
      <trkpt lat="23.57263047248125" lon="120.2299474272877">
        <ele>3.13</ele>
      </trkpt>
      <trkpt lat="23.57260742224753" lon="120.23028815165162">
        <ele>3.29</ele>
      </trkpt>
      <trkpt lat="23.57258445583284" lon="120.23062887601554">
        <ele>3.44</ele>
      </trkpt>
      <trkpt lat="23.572561824694276" lon="120.23096323013306">
        <ele>3.52</ele>
      </trkpt>
      <trkpt lat="23.572540283203125" lon="120.23124678991735">
        <ele>3.49</ele>
      </trkpt>
      <trkpt lat="23.572518825531006" lon="120.23153043352067">
        <ele>3.5</ele>
      </trkpt>
      <trkpt lat="23.572497367858887" lon="120.231814077124">
        <ele>3.59</ele>
      </trkpt>
      <trkpt lat="23.572475826367736" lon="120.23209763690829">
        <ele>3.69</ele>
      </trkpt>
      <trkpt lat="23.57245453633368" lon="120.23237943649292">
        <ele>3.75</ele>
      </trkpt>
      <trkpt lat="23.57245445251465" lon="120.23237943649292">
        <ele>3.83</ele>
      </trkpt>
      <trkpt lat="23.572432911023498" lon="120.23267481476068">
        <ele>3.92</ele>
      </trkpt>
      <trkpt lat="23.57241145335138" lon="120.23297027684748">
        <ele>4.0</ele>
      </trkpt>
      <trkpt lat="23.57238999567926" lon="120.23326573893428">
        <ele>4.06</ele>
      </trkpt>
      <trkpt lat="23.572368705645204" lon="120.23355960845947">
        <ele>4.14</ele>
      </trkpt>
      <trkpt lat="23.572368621826172" lon="120.23355960845947">
        <ele>4.23</ele>
      </trkpt>
      <trkpt lat="23.57234708033502" lon="120.23386655375361">
        <ele>4.35</ele>
      </trkpt>
      <trkpt lat="23.572325622662902" lon="120.23417349904776">
        <ele>4.53</ele>
      </trkpt>
      <trkpt lat="23.572304164990783" lon="120.2344804443419">
        <ele>4.59</ele>
      </trkpt>
      <trkpt lat="23.572282623499632" lon="120.23478738963604">
        <ele>4.66</ele>
      </trkpt>
      <trkpt lat="23.572261165827513" lon="120.23509433493018">
        <ele>4.74</ele>
      </trkpt>
      <trkpt lat="23.572239708155394" lon="120.23540128022432">
        <ele>4.87</ele>
      </trkpt>
      <trkpt lat="23.572218418121338" lon="120.23570537567139">
        <ele>5.02</ele>
      </trkpt>
      <trkpt lat="23.572196876630187" lon="120.23599756881595">
        <ele>5.19</ele>
      </trkpt>
      <trkpt lat="23.572175418958068" lon="120.2362897619605">
        <ele>5.34</ele>
      </trkpt>
      <trkpt lat="23.57215396128595" lon="120.23658195510507">
        <ele>5.43</ele>
      </trkpt>
      <trkpt lat="23.57213250361383" lon="120.23687423206866">
        <ele>5.51</ele>
      </trkpt>
      <trkpt lat="23.572111213579774" lon="120.23716449737549">
        <ele>5.57</ele>
      </trkpt>
      <trkpt lat="23.57208606787026" lon="120.23750111460686">
        <ele>5.66</ele>
      </trkpt>
      <trkpt lat="23.572061005979776" lon="120.23783773183823">
        <ele>5.81</ele>
      </trkpt>
      <trkpt lat="23.572035944089293" lon="120.2381743490696">
        <ele>5.98</ele>
      </trkpt>
      <trkpt lat="23.57201088219881" lon="120.23851096630096">
        <ele>6.15</ele>
      </trkpt>
      <trkpt lat="23.571985820308328" lon="120.23884758353233">
        <ele>6.25</ele>
      </trkpt>
      <trkpt lat="23.57196100987494" lon="120.23918151855469">
        <ele>6.33</ele>
      </trkpt>
      <trkpt lat="23.57193946838379" lon="120.23946080356836">
        <ele>6.41</ele>
      </trkpt>
      <trkpt lat="23.5719180945307" lon="120.23973941802979">
        <ele>6.52</ele>
      </trkpt>
      <trkpt lat="23.57191801071167" lon="120.23973941802979">
        <ele>6.6</ele>
      </trkpt>
      <trkpt lat="23.57189655303955" lon="120.24005088955164">
        <ele>6.67</ele>
      </trkpt>
      <trkpt lat="23.571875179186463" lon="120.24036169052124">
        <ele>6.71</ele>
      </trkpt>
      <trkpt lat="23.571853721514344" lon="120.24068355560303">
        <ele>6.74</ele>
      </trkpt>
      <trkpt lat="23.571832180023193" lon="120.24094138294458">
        <ele>6.76</ele>
      </trkpt>
      <trkpt lat="23.571810806170106" lon="120.24119853973389">
        <ele>6.83</ele>
      </trkpt>
      <trkpt lat="23.571821535006166" lon="120.24143482558429">
        <ele>6.91</ele>
      </trkpt>
      <trkpt lat="23.571832263842225" lon="120.24167060852051">
        <ele>6.98</ele>
      </trkpt>
      <trkpt lat="23.571832263842225" lon="120.24194955825806">
        <ele>7.05</ele>
      </trkpt>
      <trkpt lat="23.571842908859253" lon="120.2421751152724">
        <ele>7.07</ele>
      </trkpt>
      <trkpt lat="23.571853637695312" lon="120.24240016937256">
        <ele>7.07</ele>
      </trkpt>
      <trkpt lat="23.57187509536743" lon="120.24258272722363">
        <ele>7.09</ele>
      </trkpt>
      <trkpt lat="23.571896636858582" lon="120.24276494979858">
        <ele>7.1</ele>
      </trkpt>
      <trkpt lat="23.57193955220282" lon="120.2430009841919">
        <ele>7.09</ele>
      </trkpt>
      <trkpt lat="23.571971738711" lon="120.24322654120624">
        <ele>7.05</ele>
      </trkpt>
      <trkpt lat="23.572003925219178" lon="120.2434515953064">
        <ele>7.03</ele>
      </trkpt>
      <trkpt lat="23.572089755907655" lon="120.24377371184528">
        <ele>7.03</ele>
      </trkpt>
      <trkpt lat="23.57217558659613" lon="120.24409532546997">
        <ele>6.99</ele>
      </trkpt>
      <trkpt lat="23.57223995961249" lon="120.24434586055577">
        <ele>6.96</ele>
      </trkpt>
      <trkpt lat="23.572304416447878" lon="120.2445964794606">
        <ele>6.92</ele>
      </trkpt>
      <trkpt lat="23.572368705645204" lon="120.24484634399414">
        <ele>6.89</ele>
      </trkpt>
      <trkpt lat="23.572411620989442" lon="120.2450180053711">
        <ele>6.84</ele>
      </trkpt>
      <trkpt lat="23.57243307866156" lon="120.2452540397644">
        <ele>6.78</ele>
      </trkpt>
      <trkpt lat="23.57245445251465" lon="120.24557590484619">
        <ele>6.68</ele>
      </trkpt>
      <trkpt lat="23.57244372367859" lon="120.24582300335169">
        <ele>6.59</ele>
      </trkpt>
      <trkpt lat="23.57243307866156" lon="120.24606943130493">
        <ele>6.53</ele>
      </trkpt>
      <trkpt lat="23.57241153717041" lon="120.24627353064716">
        <ele>6.49</ele>
      </trkpt>
      <trkpt lat="23.572390163317323" lon="120.2464771270752">
        <ele>6.49</ele>
      </trkpt>
      <trkpt lat="23.572368705645204" lon="120.24673461914062">
        <ele>6.49</ele>
      </trkpt>
      <trkpt lat="23.572347164154053" lon="120.2469171769917">
        <ele>6.46</ele>
      </trkpt>
      <trkpt lat="23.572325790300965" lon="120.24709939956665">
        <ele>6.43</ele>
      </trkpt>
      <trkpt lat="23.572304248809814" lon="120.24727122858167">
        <ele>6.38</ele>
      </trkpt>
      <trkpt lat="23.572282874956727" lon="120.24744272232056">
        <ele>6.31</ele>
      </trkpt>
      <trkpt lat="23.572250604629517" lon="120.2477650064975">
        <ele>6.22</ele>
      </trkpt>
      <trkpt lat="23.57221850194037" lon="120.24808645248413">
        <ele>6.14</ele>
      </trkpt>
      <trkpt lat="23.57216477394104" lon="120.24838719516993">
        <ele>6.09</ele>
      </trkpt>
      <trkpt lat="23.572111213579774" lon="120.24868726730347">
        <ele>6.05</ele>
      </trkpt>
      <trkpt lat="23.572068214416504" lon="120.24885909631848">
        <ele>5.97</ele>
      </trkpt>
      <trkpt lat="23.572025382891297" lon="120.24903059005737">
        <ele>5.92</ele>
      </trkpt>
      <trkpt lat="23.571957321837544" lon="120.24935991503298">
        <ele>5.84</ele>
      </trkpt>
      <trkpt lat="23.57188926078379" lon="120.24968932382762">
        <ele>5.8</ele>
      </trkpt>
      <trkpt lat="23.57182128354907" lon="120.25001873262227">
        <ele>5.78</ele>
      </trkpt>
      <trkpt lat="23.571753222495317" lon="120.25034805759788">
        <ele>5.75</ele>
      </trkpt>
      <trkpt lat="23.571685245260596" lon="120.25067746639252">
        <ele>5.68</ele>
      </trkpt>
      <trkpt lat="23.571617687121034" lon="120.25100469589233">
        <ele>5.62</ele>
      </trkpt>
      <trkpt lat="23.571546021848917" lon="120.25133402086794">
        <ele>5.6</ele>
      </trkpt>
      <trkpt lat="23.571474440395832" lon="120.25166342966259">
        <ele>5.57</ele>
      </trkpt>
      <trkpt lat="23.571402858942747" lon="120.2519927546382">
        <ele>5.51</ele>
      </trkpt>
      <trkpt lat="23.57133119367063" lon="120.25232216343284">
        <ele>5.46</ele>
      </trkpt>
      <trkpt lat="23.571259612217546" lon="120.25265148840845">
        <ele>5.45</ele>
      </trkpt>
      <trkpt lat="23.57118803076446" lon="120.25298089720309">
        <ele>5.52</ele>
      </trkpt>
      <trkpt lat="23.571116365492344" lon="120.2533102221787">
        <ele>5.54</ele>
      </trkpt>
      <trkpt lat="23.57104478403926" lon="120.25363963097334">
        <ele>5.47</ele>
      </trkpt>
      <trkpt lat="23.570973873138428" lon="120.25396585464478">
        <ele>5.44</ele>
      </trkpt>
      <trkpt lat="23.570941602811217" lon="120.25420214049518">
        <ele>5.47</ele>
      </trkpt>
      <trkpt lat="23.57090950012207" lon="120.2544379234314">
        <ele>5.47</ele>
      </trkpt>
      <trkpt lat="23.57087722979486" lon="120.25469566695392">
        <ele>5.48</ele>
      </trkpt>
      <trkpt lat="23.570845127105713" lon="120.25495290756226">
        <ele>5.49</ele>
      </trkpt>
      <trkpt lat="23.570834398269653" lon="120.25523219257593">
        <ele>5.53</ele>
      </trkpt>
      <trkpt lat="23.570823753252625" lon="120.25551080703735">
        <ele>5.54</ele>
      </trkpt>
      <trkpt lat="23.570812940597534" lon="120.25579009205103">
        <ele>5.55</ele>
      </trkpt>
      <trkpt lat="23.570802295580506" lon="120.25606870651245">
        <ele>5.54</ele>
      </trkpt>
      <trkpt lat="23.570780837908387" lon="120.2562403678894">
        <ele>5.56</ele>
      </trkpt>
      <trkpt lat="23.570737838745117" lon="120.2564549446106">
        <ele>5.57</ele>
      </trkpt>
      <trkpt lat="23.570659048855305" lon="120.25669827125967">
        <ele>5.58</ele>
      </trkpt>
      <trkpt lat="23.570580342784524" lon="120.25694168172777">
        <ele>5.65</ele>
      </trkpt>
      <trkpt lat="23.57050188817084" lon="120.25718450546265">
        <ele>5.72</ele>
      </trkpt>
      <trkpt lat="23.570501804351807" lon="120.25718450546265">
        <ele>5.74</ele>
      </trkpt>
      <trkpt lat="23.570423014461994" lon="120.2574134990573">
        <ele>5.79</ele>
      </trkpt>
      <trkpt lat="23.570344308391213" lon="120.25764257647097">
        <ele>5.76</ele>
      </trkpt>
      <trkpt lat="23.570265769958496" lon="120.25787115097046">
        <ele>5.76</ele>
      </trkpt>
      <trkpt lat="23.570212041959167" lon="120.25810735300183">
        <ele>5.79</ele>
      </trkpt>
      <trkpt lat="23.570158565416932" lon="120.25834321975708">
        <ele>5.82</ele>
      </trkpt>
      <trkpt lat="23.570115566253662" lon="120.25855796411633">
        <ele>5.8</ele>
      </trkpt>
      <trkpt lat="23.570072734728456" lon="120.25877237319946">
        <ele>5.77</ele>
      </trkpt>
      <trkpt lat="23.570022527128458" lon="120.25903724133968">
        <ele>5.72</ele>
      </trkpt>
      <trkpt lat="23.569972403347492" lon="120.25930219329894">
        <ele>5.68</ele>
      </trkpt>
      <trkpt lat="23.56992253102362" lon="120.25956630706787">
        <ele>5.68</ele>
      </trkpt>
      <trkpt lat="23.569868803024292" lon="120.25986704975367">
        <ele>5.74</ele>
      </trkpt>
      <trkpt lat="23.569815242663026" lon="120.2601671218872">
        <ele>5.75</ele>
      </trkpt>
      <trkpt lat="23.569772243499756" lon="120.260467864573">
        <ele>5.79</ele>
      </trkpt>
      <trkpt lat="23.56972941197455" lon="120.26076793670654">
        <ele>5.79</ele>
      </trkpt>
      <trkpt lat="23.569693537428975" lon="120.26099701412022">
        <ele>5.82</ele>
      </trkpt>
      <trkpt lat="23.569657746702433" lon="120.26122617535293">
        <ele>5.84</ele>
      </trkpt>
      <trkpt lat="23.569622123613954" lon="120.26145458221436">
        <ele>5.83</ele>
      </trkpt>
      <trkpt lat="23.569574346765876" lon="120.26177921332419">
        <ele>5.81</ele>
      </trkpt>
      <trkpt lat="23.569526569917798" lon="120.26210384443402">
        <ele>5.81</ele>
      </trkpt>
      <trkpt lat="23.569478876888752" lon="120.26242847554386">
        <ele>5.79</ele>
      </trkpt>
      <trkpt lat="23.569431100040674" lon="120.26275310665369">
        <ele>5.78</ele>
      </trkpt>
      <trkpt lat="23.569383407011628" lon="120.26307782158256">
        <ele>5.75</ele>
      </trkpt>
      <trkpt lat="23.56933563016355" lon="120.26340245269239">
        <ele>5.67</ele>
      </trkpt>
      <trkpt lat="23.569287937134504" lon="120.26372708380222">
        <ele>5.63</ele>
      </trkpt>
      <trkpt lat="23.569240160286427" lon="120.26405171491206">
        <ele>5.62</ele>
      </trkpt>
      <trkpt lat="23.56919297017157" lon="120.26437282562256">
        <ele>5.61</ele>
      </trkpt>
      <trkpt lat="23.569141924381256" lon="120.26470843702555">
        <ele>5.6</ele>
      </trkpt>
      <trkpt lat="23.56909087859094" lon="120.26504413224757">
        <ele>5.58</ele>
      </trkpt>
      <trkpt lat="23.569039832800627" lon="120.26537982746959">
        <ele>5.56</ele>
      </trkpt>
      <trkpt lat="23.568988870829344" lon="120.26571552269161">
        <ele>5.59</ele>
      </trkpt>
      <trkpt lat="23.56893782503903" lon="120.26605121791363">
        <ele>5.62</ele>
      </trkpt>
      <trkpt lat="23.568886779248714" lon="120.26638691313565">
        <ele>5.61</ele>
      </trkpt>
      <trkpt lat="23.5688357334584" lon="120.26672260835767">
        <ele>5.61</ele>
      </trkpt>
      <trkpt lat="23.568785274401307" lon="120.26705503463745">
        <ele>5.6</ele>
      </trkpt>
      <trkpt lat="23.568749399855733" lon="120.26728411205113">
        <ele>5.57</ele>
      </trkpt>
      <trkpt lat="23.56871360912919" lon="120.26751327328384">
        <ele>5.56</ele>
      </trkpt>
      <trkpt lat="23.56867798604071" lon="120.26774168014526">
        <ele>5.55</ele>
      </trkpt>
      <trkpt lat="23.5686457157135" lon="120.2679349668324">
        <ele>5.59</ele>
      </trkpt>
      <trkpt lat="23.568613613024354" lon="120.26812791824341">
        <ele>5.57</ele>
      </trkpt>
      <trkpt lat="23.568592155352235" lon="120.26838541030884">
        <ele>5.51</ele>
      </trkpt>
      <trkpt lat="23.568570697680116" lon="120.26851415634155">
        <ele>5.46</ele>
      </trkpt>
      <trkpt lat="23.568549156188965" lon="120.26875044219196">
        <ele>5.43</ele>
      </trkpt>
      <trkpt lat="23.568527782335877" lon="120.26898622512817">
        <ele>5.39</ele>
      </trkpt>
      <trkpt lat="23.56850632466376" lon="120.2692437171936">
        <ele>5.38</ele>
      </trkpt>
      <trkpt lat="23.568484783172607" lon="120.26947287842631">
        <ele>5.42</ele>
      </trkpt>
      <trkpt lat="23.56846332550049" lon="120.26970203965902">
        <ele>5.45</ele>
      </trkpt>
      <trkpt lat="23.5684419516474" lon="120.26993036270142">
        <ele>5.43</ele>
      </trkpt>
      <trkpt lat="23.56844186782837" lon="120.26993036270142">
        <ele>5.42</ele>
      </trkpt>
      <trkpt lat="23.568413872271776" lon="120.2702591009438">
        <ele>5.36</ele>
      </trkpt>
      <trkpt lat="23.568385960534215" lon="120.27058783918619">
        <ele>5.36</ele>
      </trkpt>
      <trkpt lat="23.568358048796654" lon="120.27091657742858">
        <ele>5.37</ele>
      </trkpt>
      <trkpt lat="23.568330137059093" lon="120.27124531567097">
        <ele>5.37</ele>
      </trkpt>
      <trkpt lat="23.56830222532153" lon="120.27157405391335">
        <ele>5.36</ele>
      </trkpt>
      <trkpt lat="23.56827431358397" lon="120.27190279215574">
        <ele>5.34</ele>
      </trkpt>
      <trkpt lat="23.56824640184641" lon="120.27223153039813">
        <ele>5.35</ele>
      </trkpt>
      <trkpt lat="23.568218490108848" lon="120.27256026864052">
        <ele>5.34</ele>
      </trkpt>
      <trkpt lat="23.568190578371286" lon="120.2728890068829">
        <ele>5.34</ele>
      </trkpt>
      <trkpt lat="23.568163001909852" lon="120.27321338653564">
        <ele>5.32</ele>
      </trkpt>
      <trkpt lat="23.568137604743242" lon="120.27352980338037">
        <ele>5.33</ele>
      </trkpt>
      <trkpt lat="23.568112207576632" lon="120.2738462202251">
        <ele>5.37</ele>
      </trkpt>
      <trkpt lat="23.568086810410023" lon="120.27416263706982">
        <ele>5.34</ele>
      </trkpt>
      <trkpt lat="23.568061413243413" lon="120.27447905391455">
        <ele>5.33</ele>
      </trkpt>
      <trkpt lat="23.568036016076803" lon="120.2747955545783">
        <ele>5.33</ele>
      </trkpt>
      <trkpt lat="23.568010618910193" lon="120.27511197142303">
        <ele>5.35</ele>
      </trkpt>
      <trkpt lat="23.567985221743584" lon="120.27542838826776">
        <ele>5.31</ele>
      </trkpt>
      <trkpt lat="23.567959824576974" lon="120.27574480511248">
        <ele>5.29</ele>
      </trkpt>
      <trkpt lat="23.567934427410364" lon="120.2760612219572">
        <ele>5.36</ele>
      </trkpt>
      <trkpt lat="23.567909030243754" lon="120.27637772262096">
        <ele>5.38</ele>
      </trkpt>
      <trkpt lat="23.567884052172303" lon="120.27668952941895">
        <ele>5.42</ele>
      </trkpt>
      <trkpt lat="23.56788396835327" lon="120.27668952941895">
        <ele>5.45</ele>
      </trkpt>
      <trkpt lat="23.56785706244409" lon="120.27696345001459">
        <ele>5.47</ele>
      </trkpt>
      <trkpt lat="23.567830240353942" lon="120.27723737061024">
        <ele>5.5</ele>
      </trkpt>
      <trkpt lat="23.567803418263793" lon="120.27751129120588">
        <ele>5.54</ele>
      </trkpt>
      <trkpt lat="23.567776763811707" lon="120.27778387069702">
        <ele>5.62</ele>
      </trkpt>
      <trkpt lat="23.567749857902527" lon="120.27808461338282">
        <ele>5.71</ele>
      </trkpt>
      <trkpt lat="23.567722951993346" lon="120.27838543988764">
        <ele>5.77</ele>
      </trkpt>
      <trkpt lat="23.567696129903197" lon="120.27868626639247">
        <ele>5.79</ele>
      </trkpt>
      <trkpt lat="23.567669223994017" lon="120.27898700907826">
        <ele>5.83</ele>
      </trkpt>
      <trkpt lat="23.567642401903868" lon="120.27928783558309">
        <ele>5.87</ele>
      </trkpt>
      <trkpt lat="23.567615495994687" lon="120.27958866208792">
        <ele>5.94</ele>
      </trkpt>
      <trkpt lat="23.567588673904538" lon="120.27988948859274">
        <ele>5.99</ele>
      </trkpt>
      <trkpt lat="23.567562103271484" lon="120.28018712997437">
        <ele>6.11</ele>
      </trkpt>
      <trkpt lat="23.567540645599365" lon="120.2804446220398">
        <ele>6.19</ele>
      </trkpt>
      <trkpt lat="23.567497730255127" lon="120.28059482574463">
        <ele>6.24</ele>
      </trkpt>
      <trkpt lat="23.567476272583008" lon="120.2806806564331">
        <ele>6.29</ele>
      </trkpt>
      <trkpt lat="23.567454731091857" lon="120.28099003247917">
        <ele>6.28</ele>
      </trkpt>
      <trkpt lat="23.567433273419738" lon="120.28129940852523">
        <ele>6.3</ele>
      </trkpt>
      <trkpt lat="23.56741181574762" lon="120.28160886839032">
        <ele>6.38</ele>
      </trkpt>
      <trkpt lat="23.567390274256468" lon="120.28191824443638">
        <ele>6.43</ele>
      </trkpt>
      <trkpt lat="23.567368984222412" lon="120.28222560882568">
        <ele>6.5</ele>
      </trkpt>
      <trkpt lat="23.56734157539904" lon="120.28255174867809">
        <ele>6.59</ele>
      </trkpt>
      <trkpt lat="23.567314250394702" lon="120.28287797234952">
        <ele>6.61</ele>
      </trkpt>
      <trkpt lat="23.567286925390363" lon="120.28320419602096">
        <ele>6.65</ele>
      </trkpt>
      <trkpt lat="23.567259600386024" lon="120.28353033587337">
        <ele>6.71</ele>
      </trkpt>
      <trkpt lat="23.567232275381684" lon="120.2838565595448">
        <ele>6.73</ele>
      </trkpt>
      <trkpt lat="23.567204950377345" lon="120.28418278321624">
        <ele>6.75</ele>
      </trkpt>
      <trkpt lat="23.567177625373006" lon="120.28450892306864">
        <ele>6.81</ele>
      </trkpt>
      <trkpt lat="23.567150300368667" lon="120.28483514674008">
        <ele>6.9</ele>
      </trkpt>
      <trkpt lat="23.567122891545296" lon="120.28516137041152">
        <ele>6.93</ele>
      </trkpt>
      <trkpt lat="23.567095566540956" lon="120.28548759408295">
        <ele>6.99</ele>
      </trkpt>
      <trkpt lat="23.567068660631776" lon="120.28580904006958">
        <ele>7.05</ele>
      </trkpt>
      <trkpt lat="23.567047119140625" lon="120.28610978275537">
        <ele>7.11</ele>
      </trkpt>
      <trkpt lat="23.567025661468506" lon="120.2864106092602">
        <ele>7.17</ele>
      </trkpt>
      <trkpt lat="23.567004203796387" lon="120.28671143576503">
        <ele>7.27</ele>
      </trkpt>
      <trkpt lat="23.566982662305236" lon="120.28701226226985">
        <ele>7.33</ele>
      </trkpt>
      <trkpt lat="23.566961204633117" lon="120.28731308877468">
        <ele>7.4</ele>
      </trkpt>
      <trkpt lat="23.566939746960998" lon="120.28761383146048">
        <ele>7.43</ele>
      </trkpt>
      <trkpt lat="23.566918456926942" lon="120.28791189193726">
        <ele>7.48</ele>
      </trkpt>
      <trkpt lat="23.566892640665174" lon="120.28822336345911">
        <ele>7.54</ele>
      </trkpt>
      <trkpt lat="23.566866824403405" lon="120.2885349188">
        <ele>7.59</ele>
      </trkpt>
      <trkpt lat="23.56684109196067" lon="120.28884647414088">
        <ele>7.59</ele>
      </trkpt>
      <trkpt lat="23.5668152756989" lon="120.28915802948177">
        <ele>7.6</ele>
      </trkpt>
      <trkpt lat="23.566789543256164" lon="120.28946958482265">
        <ele>7.66</ele>
      </trkpt>
      <trkpt lat="23.566763726994395" lon="120.28978114016354">
        <ele>7.67</ele>
      </trkpt>
      <trkpt lat="23.566737910732627" lon="120.29009269550443">
        <ele>7.69</ele>
      </trkpt>
      <trkpt lat="23.56671217828989" lon="120.29040425084531">
        <ele>7.7</ele>
      </trkpt>
      <trkpt lat="23.566686362028122" lon="120.2907158061862">
        <ele>7.72</ele>
      </trkpt>
      <trkpt lat="23.566660964861512" lon="120.29102325439453">
        <ele>7.86</ele>
      </trkpt>
      <trkpt lat="23.56663942337036" lon="120.29132399708033">
        <ele>8.0</ele>
      </trkpt>
      <trkpt lat="23.566617965698242" lon="120.29162406921387">
        <ele>8.02</ele>
      </trkpt>
      <trkpt lat="23.566618049517274" lon="120.2916669845581">
        <ele>8.04</ele>
      </trkpt>
      <trkpt lat="23.566596591845155" lon="120.29196739196777">
        <ele>8.0</ele>
      </trkpt>
      <trkpt lat="23.566575050354004" lon="120.29225958511233">
        <ele>7.98</ele>
      </trkpt>
      <trkpt lat="23.566553508862853" lon="120.2925517782569">
        <ele>7.96</ele>
      </trkpt>
      <trkpt lat="23.566532051190734" lon="120.29284397140145">
        <ele>8.01</ele>
      </trkpt>
      <trkpt lat="23.566510509699583" lon="120.29313624836504">
        <ele>8.09</ele>
      </trkpt>
      <trkpt lat="23.566489219665527" lon="120.29342651367188">
        <ele>8.12</ele>
      </trkpt>
      <trkpt lat="23.566453428938985" lon="120.2937344647944">
        <ele>8.14</ele>
      </trkpt>
      <trkpt lat="23.566417638212442" lon="120.29404241591692">
        <ele>8.19</ele>
      </trkpt>
      <trkpt lat="23.566382015123963" lon="120.294349193573">
        <ele>8.26</ele>
      </trkpt>
      <trkpt lat="23.566333148628473" lon="120.29466167092323">
        <ele>8.28</ele>
      </trkpt>
      <trkpt lat="23.566284282132983" lon="120.29497414827347">
        <ele>8.29</ele>
      </trkpt>
      <trkpt lat="23.566235499456525" lon="120.2952866256237">
        <ele>8.38</ele>
      </trkpt>
      <trkpt lat="23.566186632961035" lon="120.29559910297394">
        <ele>8.38</ele>
      </trkpt>
      <trkpt lat="23.566137850284576" lon="120.29591158032417">
        <ele>8.36</ele>
      </trkpt>
      <trkpt lat="23.566088983789086" lon="120.29622414149344">
        <ele>8.3</ele>
      </trkpt>
      <trkpt lat="23.566040117293596" lon="120.29653661884367">
        <ele>8.36</ele>
      </trkpt>
      <trkpt lat="23.565991334617138" lon="120.29684909619391">
        <ele>8.43</ele>
      </trkpt>
      <trkpt lat="23.565942468121648" lon="120.29716157354414">
        <ele>8.54</ele>
      </trkpt>
      <trkpt lat="23.56589368544519" lon="120.29747405089438">
        <ele>8.66</ele>
      </trkpt>
      <trkpt lat="23.565845489501953" lon="120.29778242111206">
        <ele>8.75</ele>
      </trkpt>
      <trkpt lat="23.565791761502624" lon="120.29800789430737">
        <ele>8.8</ele>
      </trkpt>
      <trkpt lat="23.565738201141357" lon="120.29823303222656">
        <ele>8.83</ele>
      </trkpt>
      <trkpt lat="23.56565228663385" lon="120.2984368801117">
        <ele>8.9</ele>
      </trkpt>
      <trkpt lat="23.565566539764404" lon="120.29864072799683">
        <ele>8.98</ele>
      </trkpt>
      <trkpt lat="23.56545933522284" lon="120.29887676239014">
        <ele>9.07</ele>
      </trkpt>
      <trkpt lat="23.565309047698975" lon="120.2991771697998">
        <ele>9.16</ele>
      </trkpt>
      <trkpt lat="23.565233862027526" lon="120.29939183034003">
        <ele>9.22</ele>
      </trkpt>
      <trkpt lat="23.56515884399414" lon="120.29960632324219">
        <ele>9.31</ele>
      </trkpt>
      <trkpt lat="23.565085753798485" lon="120.29990270733833">
        <ele>9.42</ele>
      </trkpt>
      <trkpt lat="23.56501274742186" lon="120.30019909143448">
        <ele>9.57</ele>
      </trkpt>
      <trkpt lat="23.564939741045237" lon="120.30049547553062">
        <ele>9.69</ele>
      </trkpt>
      <trkpt lat="23.564866734668612" lon="120.3007919434458">
        <ele>9.77</ele>
      </trkpt>
      <trkpt lat="23.564794147387147" lon="120.30108690261841">
        <ele>9.88</ele>
      </trkpt>
      <trkpt lat="23.564718877896667" lon="120.30139829032123">
        <ele>9.98</ele>
      </trkpt>
      <trkpt lat="23.56464385986328" lon="120.30170917510986">
        <ele>10.06</ele>
      </trkpt>
      <trkpt lat="23.564493656158447" lon="120.3016448020935">
        <ele>10.14</ele>
      </trkpt>
      <trkpt lat="23.564199786633253" lon="120.3015895653516">
        <ele>10.24</ele>
      </trkpt>
      <trkpt lat="23.56390591710806" lon="120.3015343286097">
        <ele>10.31</ele>
      </trkpt>
      <trkpt lat="23.563612131401896" lon="120.30147917568684">
        <ele>10.33</ele>
      </trkpt>
      <trkpt lat="23.563318261876702" lon="120.30142393894494">
        <ele>10.34</ele>
      </trkpt>
      <trkpt lat="23.56302447617054" lon="120.30136870220304">
        <ele>10.36</ele>
      </trkpt>
      <trkpt lat="23.562730606645346" lon="120.30131354928017">
        <ele>10.5</ele>
      </trkpt>
      <trkpt lat="23.562436820939183" lon="120.30125831253827">
        <ele>10.68</ele>
      </trkpt>
      <trkpt lat="23.56214295141399" lon="120.30120307579637">
        <ele>10.86</ele>
      </trkpt>
      <trkpt lat="23.561849081888795" lon="120.3011479228735">
        <ele>11.04</ele>
      </trkpt>
      <trkpt lat="23.561555296182632" lon="120.3010926861316">
        <ele>11.22</ele>
      </trkpt>
      <trkpt lat="23.56126142665744" lon="120.30103753320873">
        <ele>11.37</ele>
      </trkpt>
      <trkpt lat="23.56095314025879" lon="120.30097961425781">
        <ele>11.55</ele>
      </trkpt>
      <trkpt lat="23.56069665402174" lon="120.30092613771558">
        <ele>11.73</ele>
      </trkpt>
      <trkpt lat="23.56043815612793" lon="120.30087232589722">
        <ele>11.92</ele>
      </trkpt>
      <trkpt lat="23.56022357940674" lon="120.3008508682251">
        <ele>12.1</ele>
      </trkpt>
      <trkpt lat="23.560051918029785" lon="120.3008508682251">
        <ele>12.26</ele>
      </trkpt>
      <trkpt lat="23.559923339635134" lon="120.30096863396466">
        <ele>12.4</ele>
      </trkpt>
      <trkpt lat="23.559794425964355" lon="120.30108690261841">
        <ele>12.54</ele>
      </trkpt>
      <trkpt lat="23.559644306078553" lon="120.30132293701172">
        <ele>12.71</ele>
      </trkpt>
      <trkpt lat="23.55964422225952" lon="120.30132293701172">
        <ele>12.83</ele>
      </trkpt>
      <trkpt lat="23.55966031551361" lon="120.30158076435328">
        <ele>13.0</ele>
      </trkpt>
      <trkpt lat="23.559676492586732" lon="120.30183859169483">
        <ele>13.11</ele>
      </trkpt>
      <trkpt lat="23.55969258584082" lon="120.30209641903639">
        <ele>13.17</ele>
      </trkpt>
      <trkpt lat="23.55970867909491" lon="120.30235290527344">
        <ele>13.24</ele>
      </trkpt>
      <trkpt lat="23.55970859527588" lon="120.30235290527344">
        <ele>13.31</ele>
      </trkpt>
      <trkpt lat="23.559722928330302" lon="120.30264652334154">
        <ele>13.33</ele>
      </trkpt>
      <trkpt lat="23.559737261384726" lon="120.30294014140964">
        <ele>13.34</ele>
      </trkpt>
      <trkpt lat="23.55975159443915" lon="120.30323266983032">
        <ele>13.37</ele>
      </trkpt>
      <trkpt lat="23.559773052111268" lon="120.30356568284333">
        <ele>13.42</ele>
      </trkpt>
      <trkpt lat="23.559794509783387" lon="120.30389785766602">
        <ele>13.48</ele>
      </trkpt>
      <trkpt lat="23.55981169268489" lon="120.30417714267969">
        <ele>13.47</ele>
      </trkpt>
      <trkpt lat="23.55982887558639" lon="120.30445642769337">
        <ele>13.45</ele>
      </trkpt>
      <trkpt lat="23.559846058487892" lon="120.30473579652607">
        <ele>13.42</ele>
      </trkpt>
      <trkpt lat="23.559863241389394" lon="120.30501508153975">
        <ele>13.36</ele>
      </trkpt>
      <trkpt lat="23.559880340471864" lon="120.30529260635376">
        <ele>13.29</ele>
      </trkpt>
      <trkpt lat="23.559901798143983" lon="120.30561447143555">
        <ele>13.21</ele>
      </trkpt>
      <trkpt lat="23.55990171432495" lon="120.30561447143555">
        <ele>13.14</ele>
      </trkpt>
      <trkpt lat="23.559937505051494" lon="120.30591521412134">
        <ele>13.04</ele>
      </trkpt>
      <trkpt lat="23.559973295778036" lon="120.30621604062617">
        <ele>12.93</ele>
      </trkpt>
      <trkpt lat="23.560009002685547" lon="120.30651569366455">
        <ele>12.84</ele>
      </trkpt>
      <trkpt lat="23.56004479341209" lon="120.30675197951496">
        <ele>12.73</ele>
      </trkpt>
      <trkpt lat="23.560080584138632" lon="120.30698826536536">
        <ele>12.62</ele>
      </trkpt>
      <trkpt lat="23.560116291046143" lon="120.30722379684448">
        <ele>12.49</ele>
      </trkpt>
      <trkpt lat="23.5601806640625" lon="120.30748154036701">
        <ele>12.34</ele>
      </trkpt>
      <trkpt lat="23.560245037078857" lon="120.30773878097534">
        <ele>12.18</ele>
      </trkpt>
      <trkpt lat="23.560320222750306" lon="120.3080394398421">
        <ele>12.09</ele>
      </trkpt>
      <trkpt lat="23.560395324602723" lon="120.30833959579468">
        <ele>11.96</ele>
      </trkpt>
      <trkpt lat="23.56045969761908" lon="120.30855434015393">
        <ele>11.83</ele>
      </trkpt>
      <trkpt lat="23.560523986816406" lon="120.30876874923706">
        <ele>11.67</ele>
      </trkpt>
      <trkpt lat="23.560599172487855" lon="120.30900495126843">
        <ele>11.52</ele>
      </trkpt>
      <trkpt lat="23.560674274340272" lon="120.30924081802368">
        <ele>11.36</ele>
      </trkpt>
      <trkpt lat="23.56067419052124" lon="120.30924081802368">
        <ele>11.22</ele>
      </trkpt>
      <trkpt lat="23.560781562700868" lon="120.30953066423535">
        <ele>11.04</ele>
      </trkpt>
      <trkpt lat="23.560888851061463" lon="120.3098201751709">
        <ele>10.9</ele>
      </trkpt>
      <trkpt lat="23.560981806367636" lon="120.31009929254651">
        <ele>10.79</ele>
      </trkpt>
      <trkpt lat="23.56107484549284" lon="120.31037840992212">
        <ele>10.64</ele>
      </trkpt>
      <trkpt lat="23.56116771697998" lon="120.31065702438354">
        <ele>10.48</ele>
      </trkpt>
      <trkpt lat="23.561253547668457" lon="120.31097888946533">
        <ele>10.33</ele>
      </trkpt>
      <trkpt lat="23.561285734176636" lon="120.31117217615247">
        <ele>10.18</ele>
      </trkpt>
      <trkpt lat="23.561318004503846" lon="120.31136512756348">
        <ele>10.03</ele>
      </trkpt>
      <trkpt lat="23.561339462175965" lon="120.31160116195679">
        <ele>9.91</ele>
      </trkpt>
      <trkpt lat="23.561350107192993" lon="120.31178371980786">
        <ele>9.79</ele>
      </trkpt>
      <trkpt lat="23.561360836029053" lon="120.31196594238281">
        <ele>9.69</ele>
      </trkpt>
      <trkpt lat="23.56135002337396" lon="120.31214850023389">
        <ele>9.6</ele>
      </trkpt>
      <trkpt lat="23.561339378356934" lon="120.31233072280884">
        <ele>9.49</ele>
      </trkpt>
      <trkpt lat="23.561312472447753" lon="120.31266910023987">
        <ele>9.37</ele>
      </trkpt>
      <trkpt lat="23.561285650357604" lon="120.31300747767091">
        <ele>9.26</ele>
      </trkpt>
      <trkpt lat="23.561258828267455" lon="120.31334593892097">
        <ele>9.14</ele>
      </trkpt>
      <trkpt lat="23.56123217381537" lon="120.31368255615234">
        <ele>9.04</ele>
      </trkpt>
      <trkpt lat="23.561232089996338" lon="120.31368255615234">
        <ele>8.96</ele>
      </trkpt>
      <trkpt lat="23.561205184087157" lon="120.3139403834939">
        <ele>8.95</ele>
      </trkpt>
      <trkpt lat="23.56117836199701" lon="120.31419821083546">
        <ele>8.89</ele>
      </trkpt>
      <trkpt lat="23.56115153990686" lon="120.31445603817701">
        <ele>8.82</ele>
      </trkpt>
      <trkpt lat="23.561124885454774" lon="120.31471252441406">
        <ele>8.76</ele>
      </trkpt>
      <trkpt lat="23.561097979545593" lon="120.31497571617365">
        <ele>8.72</ele>
      </trkpt>
      <trkpt lat="23.561071073636413" lon="120.31523890793324">
        <ele>8.69</ele>
      </trkpt>
      <trkpt lat="23.561044251546264" lon="120.31550209969282">
        <ele>8.66</ele>
      </trkpt>
      <trkpt lat="23.561017513275146" lon="120.3157639503479">
        <ele>8.58</ele>
      </trkpt>
      <trkpt lat="23.56098792515695" lon="120.31606737524271">
        <ele>8.49</ele>
      </trkpt>
      <trkpt lat="23.560958420857787" lon="120.31637088395655">
        <ele>8.41</ele>
      </trkpt>
      <trkpt lat="23.560928916558623" lon="120.3166743926704">
        <ele>8.36</ele>
      </trkpt>
      <trkpt lat="23.560899328440428" lon="120.3169778175652">
        <ele>8.33</ele>
      </trkpt>
      <trkpt lat="23.560869824141264" lon="120.31728132627904">
        <ele>8.33</ele>
      </trkpt>
      <trkpt lat="23.5608403198421" lon="120.31758483499289">
        <ele>8.3</ele>
      </trkpt>
      <trkpt lat="23.560810731723905" lon="120.31788834370673">
        <ele>8.25</ele>
      </trkpt>
      <trkpt lat="23.560781562700868" lon="120.31818866729736">
        <ele>8.15</ele>
      </trkpt>
      <trkpt lat="23.560749292373657" lon="120.31852285377681">
        <ele>8.05</ele>
      </trkpt>
      <trkpt lat="23.56071710586548" lon="120.31885704025626">
        <ele>8.06</ele>
      </trkpt>
      <trkpt lat="23.560684835538268" lon="120.31919131055474">
        <ele>8.05</ele>
      </trkpt>
      <trkpt lat="23.56065264903009" lon="120.31952549703419">
        <ele>8.1</ele>
      </trkpt>
      <trkpt lat="23.56062037870288" lon="120.31985976733267">
        <ele>8.17</ele>
      </trkpt>
      <trkpt lat="23.5605881921947" lon="120.32019395381212">
        <ele>8.22</ele>
      </trkpt>
      <trkpt lat="23.56055592186749" lon="120.3205282241106">
        <ele>8.31</ele>
      </trkpt>
      <trkpt lat="23.56052373535931" lon="120.32086241059005">
        <ele>8.33</ele>
      </trkpt>
      <trkpt lat="23.5604914650321" lon="120.32119668088853">
        <ele>8.34</ele>
      </trkpt>
      <trkpt lat="23.560459278523922" lon="120.32153086736798">
        <ele>8.36</ele>
      </trkpt>
      <trkpt lat="23.56042700819671" lon="120.32186513766646">
        <ele>8.39</ele>
      </trkpt>
      <trkpt lat="23.560394821688533" lon="120.32219932414591">
        <ele>8.47</ele>
      </trkpt>
      <trkpt lat="23.560362551361322" lon="120.3225335944444">
        <ele>8.49</ele>
      </trkpt>
      <trkpt lat="23.560330364853144" lon="120.32286778092384">
        <ele>8.54</ele>
      </trkpt>
      <trkpt lat="23.560298094525933" lon="120.32320196740329">
        <ele>8.61</ele>
      </trkpt>
      <trkpt lat="23.560265908017755" lon="120.32353623770177">
        <ele>8.64</ele>
      </trkpt>
      <trkpt lat="23.560233637690544" lon="120.32387042418122">
        <ele>8.69</ele>
      </trkpt>
      <trkpt lat="23.56020212173462" lon="120.32419681549072">
        <ele>8.76</ele>
      </trkpt>
      <trkpt lat="23.560173455625772" lon="120.32452622428536">
        <ele>8.83</ele>
      </trkpt>
      <trkpt lat="23.560144873335958" lon="120.32485571689904">
        <ele>8.86</ele>
      </trkpt>
      <trkpt lat="23.560116374865174" lon="120.3251838684082">
        <ele>8.9</ele>
      </trkpt>
      <trkpt lat="23.560116291046143" lon="120.3251838684082">
        <ele>8.95</ele>
      </trkpt>
      <trkpt lat="23.56010011397302" lon="120.32545778900385">
        <ele>9.02</ele>
      </trkpt>
      <trkpt lat="23.560084020718932" lon="120.3257317095995">
        <ele>9.08</ele>
      </trkpt>
      <trkpt lat="23.560067927464843" lon="120.32600571401417">
        <ele>9.11</ele>
      </trkpt>
      <trkpt lat="23.560052001848817" lon="120.32627820968628">
        <ele>9.14</ele>
      </trkpt>
      <trkpt lat="23.560041189193726" lon="120.32646076753736">
        <ele>9.18</ele>
      </trkpt>
      <trkpt lat="23.560030544176698" lon="120.3266429901123">
        <ele>9.2</ele>
      </trkpt>
      <trkpt lat="23.560009002685547" lon="120.32697005197406">
        <ele>9.26</ele>
      </trkpt>
      <trkpt lat="23.559987545013428" lon="120.32729711383581">
        <ele>9.26</ele>
      </trkpt>
      <trkpt lat="23.55996608734131" lon="120.32762417569757">
        <ele>9.28</ele>
      </trkpt>
      <trkpt lat="23.559944545850158" lon="120.32795123755932">
        <ele>9.34</ele>
      </trkpt>
      <trkpt lat="23.55992308817804" lon="120.32827829942107">
        <ele>9.42</ele>
      </trkpt>
      <trkpt lat="23.55990163050592" lon="120.32860536128283">
        <ele>9.46</ele>
      </trkpt>
      <trkpt lat="23.55988008901477" lon="120.32893242314458">
        <ele>9.51</ele>
      </trkpt>
      <trkpt lat="23.55985863134265" lon="120.32925956882536">
        <ele>9.54</ele>
      </trkpt>
      <trkpt lat="23.559837425127625" lon="120.32958269119263">
        <ele>9.49</ele>
      </trkpt>
      <trkpt lat="23.559826612472534" lon="120.32978679053485">
        <ele>9.56</ele>
      </trkpt>
      <trkpt lat="23.559815967455506" lon="120.32999038696289">
        <ele>9.64</ele>
      </trkpt>
      <trkpt lat="23.559805154800415" lon="120.33017294481397">
        <ele>9.73</ele>
      </trkpt>
      <trkpt lat="23.559794509783387" lon="120.33035516738892">
        <ele>9.78</ele>
      </trkpt>
      <trkpt lat="23.559773052111268" lon="120.33044099807739">
        <ele>9.79</ele>
      </trkpt>
      <trkpt lat="23.559773052111268" lon="120.33059120178223">
        <ele>9.79</ele>
      </trkpt>
      <trkpt lat="23.559773052111268" lon="120.3306770324707">
        <ele>9.79</ele>
      </trkpt>
      <trkpt lat="23.559751510620117" lon="120.33097241073847">
        <ele>9.75</ele>
      </trkpt>
      <trkpt lat="23.559730052947998" lon="120.33126787282526">
        <ele>9.75</ele>
      </trkpt>
      <trkpt lat="23.55970859527588" lon="120.33156333491206">
        <ele>9.8</ele>
      </trkpt>
      <trkpt lat="23.55968722142279" lon="120.33185720443726">
        <ele>9.87</ele>
      </trkpt>
      <trkpt lat="23.55968713760376" lon="120.33185720443726">
        <ele>9.9</ele>
      </trkpt>
      <trkpt lat="23.55966567993164" lon="120.33217906951904">
        <ele>9.94</ele>
      </trkpt>
      <trkpt lat="23.559601306915283" lon="120.33250093460083">
        <ele>9.99</ele>
      </trkpt>
      <trkpt lat="23.559537017717957" lon="120.33282279968262">
        <ele>10.05</ele>
      </trkpt>
      <trkpt lat="23.559483289718628" lon="120.33300527371466">
        <ele>10.07</ele>
      </trkpt>
      <trkpt lat="23.559429729357362" lon="120.33318758010864">
        <ele>10.12</ele>
      </trkpt>
      <trkpt lat="23.559353537857533" lon="120.33349410630763">
        <ele>10.14</ele>
      </trkpt>
      <trkpt lat="23.559277346357703" lon="120.33380063250661">
        <ele>10.2</ele>
      </trkpt>
      <trkpt lat="23.559201238676906" lon="120.33410724252462">
        <ele>10.25</ele>
      </trkpt>
      <trkpt lat="23.559125047177076" lon="120.3344137687236">
        <ele>10.27</ele>
      </trkpt>
      <trkpt lat="23.55904893949628" lon="120.33472037874162">
        <ele>10.31</ele>
      </trkpt>
      <trkpt lat="23.55897274799645" lon="120.3350269049406">
        <ele>10.39</ele>
      </trkpt>
      <trkpt lat="23.558896640315652" lon="120.33533351495862">
        <ele>10.45</ele>
      </trkpt>
      <trkpt lat="23.558820448815823" lon="120.3356400411576">
        <ele>10.52</ele>
      </trkpt>
      <trkpt lat="23.558744341135025" lon="120.33594665117562">
        <ele>10.64</ele>
      </trkpt>
      <trkpt lat="23.558668149635196" lon="120.3362531773746">
        <ele>10.75</ele>
      </trkpt>
      <trkpt lat="23.558592880144715" lon="120.33655643463135">
        <ele>10.81</ele>
      </trkpt>
      <trkpt lat="23.558514090254903" lon="120.33683555200696">
        <ele>10.88</ele>
      </trkpt>
      <trkpt lat="23.55843530036509" lon="120.3371147532016">
        <ele>10.99</ele>
      </trkpt>
      <trkpt lat="23.558356761932373" lon="120.337393283844">
        <ele>11.07</ele>
      </trkpt>
      <trkpt lat="23.558292305096984" lon="120.33767248503864">
        <ele>11.14</ele>
      </trkpt>
      <trkpt lat="23.55822809971869" lon="120.33795118331909">
        <ele>11.2</ele>
      </trkpt>
      <trkpt lat="23.55818518437445" lon="120.33816576004028">
        <ele>11.3</ele>
      </trkpt>
      <trkpt lat="23.55810538865626" lon="120.33849097788334">
        <ele>11.46</ele>
      </trkpt>
      <trkpt lat="23.558025592938066" lon="120.3388161957264">
        <ele>11.6</ele>
      </trkpt>
      <trkpt lat="23.557945797219872" lon="120.33914149738848">
        <ele>11.73</ele>
      </trkpt>
      <trkpt lat="23.55786600150168" lon="120.33946671523154">
        <ele>11.85</ele>
      </trkpt>
      <trkpt lat="23.557786289602518" lon="120.33979201689363">
        <ele>11.98</ele>
      </trkpt>
      <trkpt lat="23.557706493884325" lon="120.34011723473668">
        <ele>12.15</ele>
      </trkpt>
      <trkpt lat="23.557627284899354" lon="120.34044027328491">
        <ele>12.33</ele>
      </trkpt>
      <trkpt lat="23.557562828063965" lon="120.34069776535034">
        <ele>12.49</ele>
      </trkpt>
      <trkpt lat="23.557541370391846" lon="120.34084796905518">
        <ele>12.65</ele>
      </trkpt>
      <trkpt lat="23.557487642392516" lon="120.34104125574231">
        <ele>12.83</ele>
      </trkpt>
      <trkpt lat="23.55743416585028" lon="120.34123420715332">
        <ele>13.01</ele>
      </trkpt>
      <trkpt lat="23.55739116668701" lon="120.3414167650044">
        <ele>13.2</ele>
      </trkpt>
      <trkpt lat="23.557348335161805" lon="120.34159898757935">
        <ele>13.4</ele>
      </trkpt>
      <trkpt lat="23.557305419817567" lon="120.34181356430054">
        <ele>13.61</ele>
      </trkpt>
      <trkpt lat="23.557240962982178" lon="120.34208203665912">
        <ele>13.8</ele>
      </trkpt>
      <trkpt lat="23.557176673784852" lon="120.34235000610352">
        <ele>13.93</ele>
      </trkpt>
      <trkpt lat="23.557155216112733" lon="120.34247875213623">
        <ele>14.07</ele>
      </trkpt>
      <trkpt lat="23.557090759277344" lon="120.34275770187378">
        <ele>14.23</ele>
      </trkpt>
      <trkpt lat="23.557047760114074" lon="120.34296171739697">
        <ele>14.38</ele>
      </trkpt>
      <trkpt lat="23.5570050124079" lon="120.34316539764404">
        <ele>14.53</ele>
      </trkpt>
      <trkpt lat="23.556951200589538" lon="120.34341241233051">
        <ele>14.67</ele>
      </trkpt>
      <trkpt lat="23.55689764022827" lon="120.34365892410278">
        <ele>14.78</ele>
      </trkpt>
      <trkpt lat="23.556838547810912" lon="120.34395421855152">
        <ele>14.86</ele>
      </trkpt>
      <trkpt lat="23.556779455393553" lon="120.34424959681928">
        <ele>14.95</ele>
      </trkpt>
      <trkpt lat="23.556720446795225" lon="120.34454497508705">
        <ele>15.04</ele>
      </trkpt>
      <trkpt lat="23.556661689653993" lon="120.34483909606934">
        <ele>15.14</ele>
      </trkpt>
      <trkpt lat="23.55660150758922" lon="120.34515266306698">
        <ele>15.22</ele>
      </trkpt>
      <trkpt lat="23.55654132552445" lon="120.34546631388366">
        <ele>15.28</ele>
      </trkpt>
      <trkpt lat="23.556481143459678" lon="120.34577996470034">
        <ele>15.32</ele>
      </trkpt>
      <trkpt lat="23.556420961394906" lon="120.34609361551702">
        <ele>15.37</ele>
      </trkpt>
      <trkpt lat="23.556361198425293" lon="120.34640550613403">
        <ele>15.47</ele>
      </trkpt>
      <trkpt lat="23.55653210543096" lon="120.34643752500415">
        <ele>15.46</ele>
      </trkpt>
      <trkpt lat="23.5567045211792" lon="120.34646987915039">
        <ele>15.43</ele>
      </trkpt>
      <trkpt lat="23.55666152201593" lon="120.34668462350965">
        <ele>15.43</ele>
      </trkpt>
      <trkpt lat="23.556618774309754" lon="120.34689903259277">
        <ele>15.45</ele>
      </trkpt>
      <trkpt lat="23.556568566709757" lon="120.3471567761153">
        <ele>15.44</ele>
      </trkpt>
      <trkpt lat="23.55651844292879" lon="120.34741451963782">
        <ele>15.4</ele>
      </trkpt>
      <trkpt lat="23.55646857060492" lon="120.34767150878906">
        <ele>15.36</ele>
      </trkpt>
      <trkpt lat="23.55644702911377" lon="120.34784317016602">
        <ele>15.3</ele>
      </trkpt>
      <trkpt lat="23.556425655260682" lon="120.34799337387085">
        <ele>15.23</ele>
      </trkpt>
      <trkpt lat="23.556382656097412" lon="120.34819738939404">
        <ele>15.15</ele>
      </trkpt>
      <trkpt lat="23.556339824572206" lon="120.34840106964111">
        <ele>15.04</ele>
      </trkpt>
      <trkpt lat="23.556329011917114" lon="120.34866962581873">
        <ele>14.9</ele>
      </trkpt>
      <trkpt lat="23.556318283081055" lon="120.34893818199635">
        <ele>14.76</ele>
      </trkpt>
      <trkpt lat="23.556307554244995" lon="120.349206821993">
        <ele>14.67</ele>
      </trkpt>
      <trkpt lat="23.556296909227967" lon="120.34947395324707">
        <ele>14.58</ele>
      </trkpt>
      <trkpt lat="23.556286096572876" lon="120.34973178058863">
        <ele>14.45</ele>
      </trkpt>
      <trkpt lat="23.556275451555848" lon="120.34998893737793">
        <ele>14.29</ele>
      </trkpt>
      <trkpt lat="23.556253910064697" lon="120.35022522322834">
        <ele>14.12</ele>
      </trkpt>
      <trkpt lat="23.55623253621161" lon="120.35046100616455">
        <ele>13.96</ele>
      </trkpt>
      <trkpt lat="23.55622172355652" lon="120.3506865631789">
        <ele>13.81</ele>
      </trkpt>
      <trkpt lat="23.55621107853949" lon="120.35091161727905">
        <ele>13.68</ele>
      </trkpt>
      <trkpt lat="23.55618953704834" lon="120.35116944462061">
        <ele>13.57</ele>
      </trkpt>
      <trkpt lat="23.556168163195252" lon="120.35142660140991">
        <ele>13.44</ele>
      </trkpt>
      <trkpt lat="23.5561466217041" lon="120.35171661525965">
        <ele>13.33</ele>
      </trkpt>
      <trkpt lat="23.556125247851014" lon="120.35200595855713">
        <ele>13.16</ele>
      </trkpt>
      <trkpt lat="23.556125164031982" lon="120.35200595855713">
        <ele>13.04</ele>
      </trkpt>
      <trkpt lat="23.55611083097756" lon="120.35223511978984">
        <ele>12.91</ele>
      </trkpt>
      <trkpt lat="23.556096497923136" lon="120.35246428102255">
        <ele>12.8</ele>
      </trkpt>
      <trkpt lat="23.556082332506776" lon="120.35269260406494">
        <ele>12.72</ele>
      </trkpt>
      <trkpt lat="23.556060791015625" lon="120.35297188907862">
        <ele>12.62</ele>
      </trkpt>
      <trkpt lat="23.556039417162538" lon="120.35325050354004">
        <ele>12.5</ele>
      </trkpt>
      <trkpt lat="23.556017875671387" lon="120.35351369529963">
        <ele>12.43</ele>
      </trkpt>
      <trkpt lat="23.555996334180236" lon="120.35377688705921">
        <ele>12.33</ele>
      </trkpt>
      <trkpt lat="23.555974876508117" lon="120.3540400788188">
        <ele>12.27</ele>
      </trkpt>
      <trkpt lat="23.55595350265503" lon="120.35430192947388">
        <ele>12.22</ele>
      </trkpt>
      <trkpt lat="23.55591058731079" lon="120.35438776016235">
        <ele>12.16</ele>
      </trkpt>
      <trkpt lat="23.55588904581964" lon="120.35462404601276">
        <ele>12.11</ele>
      </trkpt>
      <trkpt lat="23.555867671966553" lon="120.35485982894897">
        <ele>12.06</ele>
      </trkpt>
      <trkpt lat="23.555803298950195" lon="120.35501003265381">
        <ele>12.02</ele>
      </trkpt>
      <trkpt lat="23.555781925097108" lon="120.35518169403076">
        <ele>11.98</ele>
      </trkpt>
      <trkpt lat="23.555760383605957" lon="120.35551470704377">
        <ele>11.96</ele>
      </trkpt>
      <trkpt lat="23.55573900975287" lon="120.35584688186646">
        <ele>11.99</ele>
      </trkpt>
      <trkpt lat="23.55571755208075" lon="120.356125831604">
        <ele>12.0</ele>
      </trkpt>
      <trkpt lat="23.555693328380585" lon="120.35646420903504">
        <ele>11.96</ele>
      </trkpt>
      <trkpt lat="23.55566918849945" lon="120.35680258646607">
        <ele>11.91</ele>
      </trkpt>
      <trkpt lat="23.555644964799285" lon="120.35714104771614">
        <ele>11.88</ele>
      </trkpt>
      <trkpt lat="23.55562082491815" lon="120.35747942514718">
        <ele>11.89</ele>
      </trkpt>
      <trkpt lat="23.555596685037017" lon="120.35781788639724">
        <ele>11.91</ele>
      </trkpt>
      <trkpt lat="23.55557246133685" lon="120.35815626382828">
        <ele>11.96</ele>
      </trkpt>
      <trkpt lat="23.555548321455717" lon="120.35849464125931">
        <ele>11.99</ele>
      </trkpt>
      <trkpt lat="23.555524433031678" lon="120.35882949829102">
        <ele>12.09</ele>
      </trkpt>
      <trkpt lat="23.555502891540527" lon="120.35915605723858">
        <ele>12.16</ele>
      </trkpt>
      <trkpt lat="23.555481433868408" lon="120.35948261618614">
        <ele>12.21</ele>
      </trkpt>
      <trkpt lat="23.555459892377257" lon="120.35980925895274">
        <ele>12.25</ele>
      </trkpt>
      <trkpt lat="23.555438434705138" lon="120.3601358179003">
        <ele>12.29</ele>
      </trkpt>
      <trkpt lat="23.555416893213987" lon="120.3604624606669">
        <ele>12.29</ele>
      </trkpt>
      <trkpt lat="23.555395435541868" lon="120.36078901961446">
        <ele>12.31</ele>
      </trkpt>
      <trkpt lat="23.55537397786975" lon="120.36111566238105">
        <ele>12.41</ele>
      </trkpt>
      <trkpt lat="23.555352436378598" lon="120.36144222132862">
        <ele>12.51</ele>
      </trkpt>
      <trkpt lat="23.55533097870648" lon="120.36176878027618">
        <ele>12.59</ele>
      </trkpt>
      <trkpt lat="23.555309772491455" lon="120.36209106445312">
        <ele>12.62</ele>
      </trkpt>
      <trkpt lat="23.555309772491455" lon="120.36224126815796">
        <ele>12.67</ele>
      </trkpt>
      <trkpt lat="23.555352687835693" lon="120.36237001419067">
        <ele>12.73</ele>
      </trkpt>
      <trkpt lat="23.555331146344543" lon="120.36263857036829">
        <ele>12.76</ele>
      </trkpt>
      <trkpt lat="23.555309772491455" lon="120.36290645599365">
        <ele>12.79</ele>
      </trkpt>
      <trkpt lat="23.555245399475098" lon="120.36314249038696">
        <ele>12.85</ele>
      </trkpt>
      <trkpt lat="23.555245399475098" lon="120.36322832107544">
        <ele>12.91</ele>
      </trkpt>
      <trkpt lat="23.555245399475098" lon="120.36352872848511">
        <ele>12.99</ele>
      </trkpt>
      <trkpt lat="23.555273981764913" lon="120.36383667960763">
        <ele>13.07</ele>
      </trkpt>
      <trkpt lat="23.55530264787376" lon="120.36414463073015">
        <ele>13.15</ele>
      </trkpt>
      <trkpt lat="23.555331313982606" lon="120.36445258185267">
        <ele>13.2</ele>
      </trkpt>
      <trkpt lat="23.555359980091453" lon="120.3647605329752">
        <ele>13.22</ele>
      </trkpt>
      <trkpt lat="23.5553886462003" lon="120.36506848409772">
        <ele>13.24</ele>
      </trkpt>
      <trkpt lat="23.555417144671082" lon="120.36537408828735">
        <ele>13.26</ele>
      </trkpt>
      <trkpt lat="23.555448157712817" lon="120.36569871939719">
        <ele>13.26</ele>
      </trkpt>
      <trkpt lat="23.555479170754552" lon="120.36602343432605">
        <ele>13.29</ele>
      </trkpt>
      <trkpt lat="23.555510183796287" lon="120.36634806543589">
        <ele>13.37</ele>
      </trkpt>
      <trkpt lat="23.555541280657053" lon="120.36667278036475">
        <ele>13.46</ele>
      </trkpt>
      <trkpt lat="23.555572293698788" lon="120.36699741147459">
        <ele>13.53</ele>
      </trkpt>
      <trkpt lat="23.555603306740522" lon="120.36732212640345">
        <ele>13.59</ele>
      </trkpt>
      <trkpt lat="23.55563440360129" lon="120.36764675751328">
        <ele>13.65</ele>
      </trkpt>
      <trkpt lat="23.555665416643023" lon="120.36797147244215">
        <ele>13.61</ele>
      </trkpt>
      <trkpt lat="23.55569609440863" lon="120.36829233169556">
        <ele>13.57</ele>
      </trkpt>
      <trkpt lat="23.5556960105896" lon="120.36829233169556">
        <ele>13.63</ele>
      </trkpt>
      <trkpt lat="23.55572970584035" lon="120.36863297224045">
        <ele>13.68</ele>
      </trkpt>
      <trkpt lat="23.55576348491013" lon="120.36897369660437">
        <ele>13.76</ele>
      </trkpt>
      <trkpt lat="23.555797263979912" lon="120.3693144209683">
        <ele>13.84</ele>
      </trkpt>
      <trkpt lat="23.555831043049693" lon="120.36965506151319">
        <ele>13.9</ele>
      </trkpt>
      <trkpt lat="23.555864822119474" lon="120.36999578587711">
        <ele>14.0</ele>
      </trkpt>
      <trkpt lat="23.555898601189256" lon="120.37033651024103">
        <ele>14.1</ele>
      </trkpt>
      <trkpt lat="23.555932128801942" lon="120.37067413330078">
        <ele>14.16</ele>
      </trkpt>
      <trkpt lat="23.555960711091757" lon="120.37097848020494">
        <ele>14.24</ele>
      </trkpt>
      <trkpt lat="23.555989377200603" lon="120.3712828271091">
        <ele>14.3</ele>
      </trkpt>
      <trkpt lat="23.55601804330945" lon="120.37158725783229">
        <ele>14.36</ele>
      </trkpt>
      <trkpt lat="23.556046709418297" lon="120.37189160473645">
        <ele>14.43</ele>
      </trkpt>
      <trkpt lat="23.55607529170811" lon="120.37219603545964">
        <ele>14.51</ele>
      </trkpt>
      <trkpt lat="23.556103790178895" lon="120.37249803543091">
        <ele>14.6</ele>
      </trkpt>
      <trkpt lat="23.556125247851014" lon="120.37266986444592">
        <ele>14.64</ele>
      </trkpt>
      <trkpt lat="23.556146705523133" lon="120.37284135818481">
        <ele>14.7</ele>
      </trkpt>
      <trkpt lat="23.556168163195252" lon="120.37304545752704">
        <ele>14.77</ele>
      </trkpt>
      <trkpt lat="23.55618962086737" lon="120.37324905395508">
        <ele>14.85</ele>
      </trkpt>
      <trkpt lat="23.556218203157187" lon="120.37357133813202">
        <ele>14.92</ele>
      </trkpt>
      <trkpt lat="23.556246869266033" lon="120.37389362230897">
        <ele>15.0</ele>
      </trkpt>
      <trkpt lat="23.556275451555848" lon="120.37421464920044">
        <ele>15.07</ele>
      </trkpt>
      <trkpt lat="23.556296909227967" lon="120.37449359893799">
        <ele>15.11</ele>
      </trkpt>
      <trkpt lat="23.556329095736146" lon="120.37477288395166">
        <ele>15.14</ele>
      </trkpt>
      <trkpt lat="23.556361282244325" lon="120.37505149841309">
        <ele>15.18</ele>
      </trkpt>
      <trkpt lat="23.556393468752503" lon="120.37538090720773">
        <ele>15.26</ele>
      </trkpt>
      <trkpt lat="23.556425739079714" lon="120.37571031600237">
        <ele>15.4</ele>
      </trkpt>
      <trkpt lat="23.556457925587893" lon="120.37603980861604">
        <ele>15.48</ele>
      </trkpt>
      <trkpt lat="23.556490195915103" lon="120.37636921741068">
        <ele>15.44</ele>
      </trkpt>
      <trkpt lat="23.55652238242328" lon="120.37669871002436">
        <ele>15.41</ele>
      </trkpt>
      <trkpt lat="23.556554401293397" lon="120.37702560424805">
        <ele>15.45</ele>
      </trkpt>
      <trkpt lat="23.556582983583212" lon="120.37732634693384">
        <ele>15.45</ele>
      </trkpt>
      <trkpt lat="23.55661164969206" lon="120.37762717343867">
        <ele>15.5</ele>
      </trkpt>
      <trkpt lat="23.556640231981874" lon="120.37792682647705">
        <ele>15.52</ele>
      </trkpt>
      <trkpt lat="23.556640148162842" lon="120.37792682647705">
        <ele>15.53</ele>
      </trkpt>
      <trkpt lat="23.55666881427169" lon="120.37822044454515">
        <ele>15.53</ele>
      </trkpt>
      <trkpt lat="23.556697480380535" lon="120.37851406261325">
        <ele>15.54</ele>
      </trkpt>
      <trkpt lat="23.55672606267035" lon="120.37880659103394">
        <ele>15.53</ele>
      </trkpt>
      <trkpt lat="23.556754644960165" lon="120.37909660488367">
        <ele>15.53</ele>
      </trkpt>
      <trkpt lat="23.55678331106901" lon="120.37938670255244">
        <ele>15.54</ele>
      </trkpt>
      <trkpt lat="23.55681197717786" lon="120.37967671640217">
        <ele>15.51</ele>
      </trkpt>
      <trkpt lat="23.556840643286705" lon="120.37996681407094">
        <ele>15.49</ele>
      </trkpt>
      <trkpt lat="23.55686922557652" lon="120.38025682792068">
        <ele>15.47</ele>
      </trkpt>
      <trkpt lat="23.556897724047303" lon="120.38054466247559">
        <ele>15.44</ele>
      </trkpt>
      <trkpt lat="23.556927731260657" lon="120.38087977096438">
        <ele>15.41</ele>
      </trkpt>
      <trkpt lat="23.556957822293043" lon="120.38121496327221">
        <ele>15.35</ele>
      </trkpt>
      <trkpt lat="23.55698791332543" lon="120.38155015558004">
        <ele>15.33</ele>
      </trkpt>
      <trkpt lat="23.557018004357815" lon="120.38188534788787">
        <ele>15.35</ele>
      </trkpt>
      <trkpt lat="23.557047927752137" lon="120.38221836090088">
        <ele>15.3</ele>
      </trkpt>
      <trkpt lat="23.557073660194874" lon="120.38251482881606">
        <ele>15.22</ele>
      </trkpt>
      <trkpt lat="23.557099476456642" lon="120.38281129673123">
        <ele>15.19</ele>
      </trkpt>
      <trkpt lat="23.55712520889938" lon="120.38310784846544">
        <ele>15.24</ele>
      </trkpt>
      <trkpt lat="23.557151025161147" lon="120.38340431638062">
        <ele>15.24</ele>
      </trkpt>
      <trkpt lat="23.557176673784852" lon="120.3836989402771">
        <ele>15.23</ele>
      </trkpt>
      <trkpt lat="23.5572103690356" lon="120.38403958082199">
        <ele>15.22</ele>
      </trkpt>
      <trkpt lat="23.557244148105383" lon="120.38438030518591">
        <ele>15.2</ele>
      </trkpt>
      <trkpt lat="23.557277927175164" lon="120.38472102954984">
        <ele>15.18</ele>
      </trkpt>
      <trkpt lat="23.557311706244946" lon="120.38506167009473">
        <ele>15.16</ele>
      </trkpt>
      <trkpt lat="23.557345485314727" lon="120.38540239445865">
        <ele>15.15</ele>
      </trkpt>
      <trkpt lat="23.557379264384508" lon="120.38574311882257">
        <ele>15.12</ele>
      </trkpt>
      <trkpt lat="23.557412708178163" lon="120.38608074188232">
        <ele>15.08</ele>
      </trkpt>
      <trkpt lat="23.557442715391517" lon="120.3864115756005">
        <ele>15.02</ele>
      </trkpt>
      <trkpt lat="23.557472806423903" lon="120.38674249313772">
        <ele>15.04</ele>
      </trkpt>
      <trkpt lat="23.55750289745629" lon="120.3870733268559">
        <ele>15.09</ele>
      </trkpt>
      <trkpt lat="23.557532988488674" lon="120.38740424439311">
        <ele>15.1</ele>
      </trkpt>
      <trkpt lat="23.557562911882997" lon="120.3877329826355">
        <ele>15.09</ele>
      </trkpt>
      <trkpt lat="23.557588644325733" lon="120.38804663345218">
        <ele>15.08</ele>
      </trkpt>
      <trkpt lat="23.5576144605875" lon="120.38836036808789">
        <ele>15.07</ele>
      </trkpt>
      <trkpt lat="23.557640193030238" lon="120.38867401890457">
        <ele>15.06</ele>
      </trkpt>
      <trkpt lat="23.557666009292006" lon="120.38898775354028">
        <ele>15.07</ele>
      </trkpt>
      <trkpt lat="23.55769165791571" lon="120.3892993927002">
        <ele>15.13</ele>
      </trkpt>
      <trkpt lat="23.557720240205526" lon="120.38955713622272">
        <ele>15.22</ele>
      </trkpt>
      <trkpt lat="23.557748906314373" lon="120.38981496356428">
        <ele>15.27</ele>
      </trkpt>
      <trkpt lat="23.557777488604188" lon="120.39007186889648">
        <ele>15.26</ele>
      </trkpt>
      <trkpt lat="23.557798946276307" lon="120.39036188274622">
        <ele>15.22</ele>
      </trkpt>
      <trkpt lat="23.557820403948426" lon="120.3906512260437">
        <ele>15.23</ele>
      </trkpt>
      <trkpt lat="23.557820320129395" lon="120.3906512260437">
        <ele>15.27</ele>
      </trkpt>
      <trkpt lat="23.557847142219543" lon="120.39094660431147">
        <ele>15.29</ele>
      </trkpt>
      <trkpt lat="23.557874048128724" lon="120.39124206639826">
        <ele>15.3</ele>
      </trkpt>
      <trkpt lat="23.557900954037905" lon="120.39153744466603">
        <ele>15.32</ele>
      </trkpt>
      <trkpt lat="23.557927692309022" lon="120.39183139801025">
        <ele>15.36</ele>
      </trkpt>
      <trkpt lat="23.55794914998114" lon="120.39208201691508">
        <ele>15.41</ele>
      </trkpt>
      <trkpt lat="23.55797060765326" lon="120.39233271963894">
        <ele>15.49</ele>
      </trkpt>
      <trkpt lat="23.55799206532538" lon="120.39258241653442">
        <ele>15.56</ele>
      </trkpt>
      <trkpt lat="23.558020647615194" lon="120.39287603460252">
        <ele>15.64</ele>
      </trkpt>
      <trkpt lat="23.55804931372404" lon="120.39316965267062">
        <ele>15.75</ele>
      </trkpt>
      <trkpt lat="23.558077896013856" lon="120.39346218109131">
        <ele>15.83</ele>
      </trkpt>
      <trkpt lat="23.558104718104005" lon="120.39374146610498">
        <ele>15.88</ele>
      </trkpt>
      <trkpt lat="23.558131540194154" lon="120.39402075111866">
        <ele>15.93</ele>
      </trkpt>
      <trkpt lat="23.558158446103334" lon="120.39430011995137">
        <ele>16.0</ele>
      </trkpt>
      <trkpt lat="23.55818518437445" lon="120.3945779800415">
        <ele>16.08</ele>
      </trkpt>
      <trkpt lat="23.55821737088263" lon="120.39488408714533">
        <ele>16.19</ele>
      </trkpt>
      <trkpt lat="23.55824964120984" lon="120.39519027806818">
        <ele>16.27</ele>
      </trkpt>
      <trkpt lat="23.55828182771802" lon="120.39549646899104">
        <ele>16.33</ele>
      </trkpt>
      <trkpt lat="23.558313930407166" lon="120.3958010673523">
        <ele>16.37</ele>
      </trkpt>
      <trkpt lat="23.558335388079286" lon="120.3960371017456">
        <ele>16.46</ele>
      </trkpt>
      <trkpt lat="23.558356845751405" lon="120.39631638675928">
        <ele>16.53</ele>
      </trkpt>
      <trkpt lat="23.558378303423524" lon="120.3965950012207">
        <ele>16.56</ele>
      </trkpt>
      <trkpt lat="23.558399761095643" lon="120.39687428623438">
        <ele>16.61</ele>
      </trkpt>
      <trkpt lat="23.558421218767762" lon="120.39715357124805">
        <ele>16.69</ele>
      </trkpt>
      <trkpt lat="23.55844267643988" lon="120.39743185043335">
        <ele>16.8</ele>
      </trkpt>
      <trkpt lat="23.55845876969397" lon="120.39774877019227">
        <ele>16.84</ele>
      </trkpt>
      <trkpt lat="23.55847486294806" lon="120.39806568995118">
        <ele>16.88</ele>
      </trkpt>
      <trkpt lat="23.55849095620215" lon="120.3983826097101">
        <ele>16.93</ele>
      </trkpt>
      <trkpt lat="23.55850704945624" lon="120.39869785308838">
        <ele>16.98</ele>
      </trkpt>
      <trkpt lat="23.5585177782923" lon="120.39891268126667">
        <ele>17.03</ele>
      </trkpt>
      <trkpt lat="23.558528507128358" lon="120.39912700653076">
        <ele>17.09</ele>
      </trkpt>
      <trkpt lat="23.558539235964417" lon="120.39939556270838">
        <ele>17.11</ele>
      </trkpt>
      <trkpt lat="23.558549964800477" lon="120.399664118886">
        <ele>17.16</ele>
      </trkpt>
      <trkpt lat="23.558560693636537" lon="120.39993275888264">
        <ele>17.23</ele>
      </trkpt>
      <trkpt lat="23.558571422472596" lon="120.40019989013672">
        <ele>17.28</ele>
      </trkpt>
      <trkpt lat="23.558585671707988" lon="120.4004791751504">
        <ele>17.34</ele>
      </trkpt>
      <trkpt lat="23.55860000476241" lon="120.4007585439831">
        <ele>17.36</ele>
      </trkpt>
      <trkpt lat="23.558614337816834" lon="120.40103673934937">
        <ele>17.46</ele>
      </trkpt>
      <trkpt lat="23.558619702234864" lon="120.40129456669092">
        <ele>17.57</ele>
      </trkpt>
      <trkpt lat="23.558625066652894" lon="120.40155239403248">
        <ele>17.66</ele>
      </trkpt>
      <trkpt lat="23.558630431070924" lon="120.40181022137403">
        <ele>17.71</ele>
      </trkpt>
      <trkpt lat="23.558635795488954" lon="120.40206670761108">
        <ele>17.7</ele>
      </trkpt>
      <trkpt lat="23.558650044724345" lon="120.40238899178803">
        <ele>17.67</ele>
      </trkpt>
      <trkpt lat="23.55866437777877" lon="120.40271127596498">
        <ele>17.65</ele>
      </trkpt>
      <trkpt lat="23.558678710833192" lon="120.40303356014192">
        <ele>17.7</ele>
      </trkpt>
      <trkpt lat="23.558693043887615" lon="120.40335584431887">
        <ele>17.79</ele>
      </trkpt>
      <trkpt lat="23.55870737694204" lon="120.40367821231484">
        <ele>17.92</ele>
      </trkpt>
      <trkpt lat="23.55872162617743" lon="120.4039978981018">
        <ele>18.02</ele>
      </trkpt>
      <trkpt lat="23.5587215423584" lon="120.4039978981018">
        <ele>18.08</ele>
      </trkpt>
      <trkpt lat="23.558734450489283" lon="120.40430299937725">
        <ele>18.24</ele>
      </trkpt>
      <trkpt lat="23.558747358620167" lon="120.4046081006527">
        <ele>18.3</ele>
      </trkpt>
      <trkpt lat="23.55876026675105" lon="120.40491320192814">
        <ele>18.37</ele>
      </trkpt>
      <trkpt lat="23.558773174881935" lon="120.40521830320358">
        <ele>18.5</ele>
      </trkpt>
      <trkpt lat="23.558785999193788" lon="120.40552139282227">
        <ele>18.53</ele>
      </trkpt>
      <trkpt lat="23.558796728029847" lon="120.40577922016382">
        <ele>18.55</ele>
      </trkpt>
      <trkpt lat="23.558807456865907" lon="120.40603704750538">
        <ele>18.58</ele>
      </trkpt>
      <trkpt lat="23.558818185701966" lon="120.40629487484694">
        <ele>18.65</ele>
      </trkpt>
      <trkpt lat="23.558828914538026" lon="120.40655136108398">
        <ele>18.7</ele>
      </trkpt>
      <trkpt lat="23.558845007792115" lon="120.40688437409699">
        <ele>18.8</ele>
      </trkpt>
      <trkpt lat="23.558861101046205" lon="120.40721738711">
        <ele>18.9</ele>
      </trkpt>
      <trkpt lat="23.558877194300294" lon="120.40755048394203">
        <ele>18.98</ele>
      </trkpt>
      <trkpt lat="23.55889320373535" lon="120.40788173675537">
        <ele>19.07</ele>
      </trkpt>
      <trkpt lat="23.55891466140747" lon="120.4080319404602">
        <ele>19.16</ele>
      </trkpt>
      <trkpt lat="23.55895757675171" lon="120.40809631347656">
        <ele>19.24</ele>
      </trkpt>
      <trkpt lat="23.55896830558777" lon="120.40831114165485">
        <ele>19.31</ele>
      </trkpt>
      <trkpt lat="23.558979034423828" lon="120.40852546691895">
        <ele>19.37</ele>
      </trkpt>
      <trkpt lat="23.558979034423828" lon="120.40865421295166">
        <ele>19.47</ele>
      </trkpt>
      <trkpt lat="23.55900057591498" lon="120.40897607803345">
        <ele>19.55</ele>
      </trkpt>
      <trkpt lat="23.559000492095947" lon="120.40916944853961">
        <ele>19.67</ele>
      </trkpt>
      <trkpt lat="23.559000492095947" lon="120.40936231613159">
        <ele>19.76</ele>
      </trkpt>
      <trkpt lat="23.558979034423828" lon="120.40953414514661">
        <ele>19.9</ele>
      </trkpt>
      <trkpt lat="23.55895766057074" lon="120.4097056388855">
        <ele>20.08</ele>
      </trkpt>
      <trkpt lat="23.55893611907959" lon="120.40988819673657">
        <ele>20.29</ele>
      </trkpt>
      <trkpt lat="23.55891466140747" lon="120.41007041931152">
        <ele>20.48</ele>
      </trkpt>
      <trkpt lat="23.55891466140747" lon="120.41019916534424">
        <ele>20.63</ele>
      </trkpt>
      <trkpt lat="23.558871829882264" lon="120.41052103042603">
        <ele>20.73</ele>
      </trkpt>
      <trkpt lat="23.558818101882935" lon="120.41082177311182">
        <ele>20.81</ele>
      </trkpt>
      <trkpt lat="23.55876454152167" lon="120.41112184524536">
        <ele>20.86</ele>
      </trkpt>
      <trkpt lat="23.5587215423584" lon="120.41133658960462">
        <ele>20.92</ele>
      </trkpt>
      <trkpt lat="23.558678710833192" lon="120.41155099868774">
        <ele>20.98</ele>
      </trkpt>
      <trkpt lat="23.558628503233194" lon="120.41185886599123">
        <ele>21.07</ele>
      </trkpt>
      <trkpt lat="23.55857837945223" lon="120.41216681711376">
        <ele>21.22</ele>
      </trkpt>
      <trkpt lat="23.558528507128358" lon="120.41247367858887">
        <ele>21.31</ele>
      </trkpt>
      <trkpt lat="23.55846405029297" lon="120.4127311706543">
        <ele>21.4</ele>
      </trkpt>
      <trkpt lat="23.558464134112" lon="120.4127311706543">
        <ele>21.49</ele>
      </trkpt>
      <trkpt lat="23.55842113494873" lon="120.41303903795779">
        <ele>21.59</ele>
      </trkpt>
      <trkpt lat="23.55837813578546" lon="120.41334698908031">
        <ele>21.73</ele>
      </trkpt>
      <trkpt lat="23.558335388079286" lon="120.41365385055542">
        <ele>21.88</ele>
      </trkpt>
      <trkpt lat="23.558313930407166" lon="120.41382551193237">
        <ele>21.96</ele>
      </trkpt>
      <trkpt lat="23.558292388916016" lon="120.41401879861951">
        <ele>22.02</ele>
      </trkpt>
      <trkpt lat="23.558271015062928" lon="120.41421175003052">
        <ele>22.06</ele>
      </trkpt>
      <trkpt lat="23.558249473571777" lon="120.41451970115304">
        <ele>22.08</ele>
      </trkpt>
      <trkpt lat="23.558228015899658" lon="120.41482765227556">
        <ele>22.14</ele>
      </trkpt>
      <trkpt lat="23.558206474408507" lon="120.41513560339808">
        <ele>22.28</ele>
      </trkpt>
      <trkpt lat="23.558185016736388" lon="120.41544363833964">
        <ele>22.39</ele>
      </trkpt>
      <trkpt lat="23.558163475245237" lon="120.41575158946216">
        <ele>22.46</ele>
      </trkpt>
      <trkpt lat="23.558142017573118" lon="120.41605954058468">
        <ele>22.5</ele>
      </trkpt>
      <trkpt lat="23.558120559901" lon="120.4163674917072">
        <ele>22.56</ele>
      </trkpt>
      <trkpt lat="23.558099018409848" lon="120.41667552664876">
        <ele>22.63</ele>
      </trkpt>
      <trkpt lat="23.558077812194824" lon="120.41697978973389">
        <ele>22.71</ele>
      </trkpt>
      <trkpt lat="23.558056270703673" lon="120.41727340780199">
        <ele>22.78</ele>
      </trkpt>
      <trkpt lat="23.558034813031554" lon="120.41756702587008">
        <ele>22.85</ele>
      </trkpt>
      <trkpt lat="23.558013439178467" lon="120.41785955429077">
        <ele>22.88</ele>
      </trkpt>
      <trkpt lat="23.55799550190568" lon="120.41818535886705">
        <ele>22.94</ele>
      </trkpt>
      <trkpt lat="23.557977648451924" lon="120.41851124726236">
        <ele>23.04</ele>
      </trkpt>
      <trkpt lat="23.557959711179137" lon="120.41883713565767">
        <ele>23.16</ele>
      </trkpt>
      <trkpt lat="23.557941857725382" lon="120.41916302405298">
        <ele>23.29</ele>
      </trkpt>
      <trkpt lat="23.557923920452595" lon="120.41948891244829">
        <ele>23.37</ele>
      </trkpt>
      <trkpt lat="23.557906234636903" lon="120.41981220245361">
        <ele>23.45</ele>
      </trkpt>
      <trkpt lat="23.557884776964784" lon="120.41991949081421">
        <ele>23.54</ele>
      </trkpt>
      <trkpt lat="23.557863235473633" lon="120.42018804699183">
        <ele>23.67</ele>
      </trkpt>
      <trkpt lat="23.557841777801514" lon="120.42045593261719">
        <ele>23.83</ele>
      </trkpt>
      <trkpt lat="23.557841861620545" lon="120.42045593261719">
        <ele>23.95</ele>
      </trkpt>
      <trkpt lat="23.5578131955117" lon="120.42072800919414">
        <ele>24.08</ele>
      </trkpt>
      <trkpt lat="23.557784529402852" lon="120.42100016959012">
        <ele>24.19</ele>
      </trkpt>
      <trkpt lat="23.55775603093207" lon="120.42127132415771">
        <ele>24.3</ele>
      </trkpt>
      <trkpt lat="23.557734489440918" lon="120.421486152336">
        <ele>24.42</ele>
      </trkpt>
      <trkpt lat="23.55771311558783" lon="120.4217004776001">
        <ele>24.54</ele>
      </trkpt>
      <trkpt lat="23.557670200243592" lon="120.42191505432129">
        <ele>24.68</ele>
      </trkpt>
      <trkpt lat="23.557637929916382" lon="120.42223189026117">
        <ele>24.85</ele>
      </trkpt>
      <trkpt lat="23.557605743408203" lon="120.42254881002009">
        <ele>25.06</ele>
      </trkpt>
      <trkpt lat="23.557573473080993" lon="120.422865729779">
        <ele>25.23</ele>
      </trkpt>
      <trkpt lat="23.557541454210877" lon="120.42318105697632">
        <ele>25.38</ele>
      </trkpt>
      <trkpt lat="23.557509183883667" lon="120.42348179966211">
        <ele>25.55</ele>
      </trkpt>
      <trkpt lat="23.55747699737549" lon="120.42378187179565">
        <ele>25.69</ele>
      </trkpt>
      <trkpt lat="23.55747708119452" lon="120.42378187179565">
        <ele>25.83</ele>
      </trkpt>
      <trkpt lat="23.55745553970337" lon="120.42393207550049">
        <ele>25.98</ele>
      </trkpt>
      <trkpt lat="23.55742335319519" lon="120.42425435967743">
        <ele>26.1</ele>
      </trkpt>
      <trkpt lat="23.557391250506043" lon="120.42457580566406">
        <ele>26.21</ele>
      </trkpt>
      <trkpt lat="23.557369709014893" lon="120.42477990500629">
        <ele>26.33</ele>
      </trkpt>
      <trkpt lat="23.557348335161805" lon="120.42498350143433">
        <ele>26.46</ele>
      </trkpt>
      <trkpt lat="23.557326793670654" lon="120.42521978728473">
        <ele>26.59</ele>
      </trkpt>
      <trkpt lat="23.557305335998535" lon="120.42545557022095">
        <ele>26.71</ele>
      </trkpt>
      <trkpt lat="23.557283794507384" lon="120.42564885690808">
        <ele>26.85</ele>
      </trkpt>
      <trkpt lat="23.557262420654297" lon="120.42584180831909">
        <ele>27.01</ele>
      </trkpt>
      <trkpt lat="23.55721958912909" lon="120.4259705543518">
        <ele>27.16</ele>
      </trkpt>
      <trkpt lat="23.557090843096375" lon="120.42617783881724">
        <ele>27.31</ele>
      </trkpt>
      <trkpt lat="23.556962180882692" lon="120.4263852071017">
        <ele>27.4</ele>
      </trkpt>
      <trkpt lat="23.556833351030946" lon="120.42659282684326">
        <ele>27.47</ele>
      </trkpt>
      <trkpt lat="23.55676897801459" lon="120.42670011520386">
        <ele>27.53</ele>
      </trkpt>
      <trkpt lat="23.556629419326782" lon="120.42700052261353">
        <ele>27.6</ele>
      </trkpt>
      <trkpt lat="23.55649002827704" lon="120.4273009300232">
        <ele>27.71</ele>
      </trkpt>
      <trkpt lat="23.556371927261353" lon="120.42754769325256">
        <ele>27.8</ele>
      </trkpt>
      <trkpt lat="23.55625399388373" lon="120.42779445648193">
        <ele>27.89</ele>
      </trkpt>
      <trkpt lat="23.556125164031982" lon="120.42807340621948">
        <ele>27.97</ele>
      </trkpt>
      <trkpt lat="23.556060791015625" lon="120.4282021522522">
        <ele>28.03</ele>
      </trkpt>
      <trkpt lat="23.55588954873383" lon="120.42831983417273">
        <ele>28.1</ele>
      </trkpt>
      <trkpt lat="23.55571746826172" lon="120.42843818664551">
        <ele>28.16</ele>
      </trkpt>
      <trkpt lat="23.555653179064393" lon="120.42852401733398">
        <ele>28.23</ele>
      </trkpt>
      <trkpt lat="23.555610263720155" lon="120.42871713638306">
        <ele>28.29</ele>
      </trkpt>
      <trkpt lat="23.555567264556885" lon="120.42893188074231">
        <ele>28.34</ele>
      </trkpt>
      <trkpt lat="23.555524433031678" lon="120.42914628982544">
        <ele>28.39</ele>
      </trkpt>
      <trkpt lat="23.555492162704468" lon="120.42933957651258">
        <ele>28.43</ele>
      </trkpt>
      <trkpt lat="23.55546006001532" lon="120.42953252792358">
        <ele>28.43</ele>
      </trkpt>
      <trkpt lat="23.55545997619629" lon="120.42953252792358">
        <ele>28.45</ele>
      </trkpt>
      <trkpt lat="23.5553955193609" lon="120.42981172911823">
        <ele>28.47</ele>
      </trkpt>
      <trkpt lat="23.555331313982606" lon="120.43009042739868">
        <ele>28.52</ele>
      </trkpt>
      <trkpt lat="23.555277585983276" lon="120.43033744208515">
        <ele>28.52</ele>
      </trkpt>
      <trkpt lat="23.55522402562201" lon="120.43058395385742">
        <ele>28.49</ele>
      </trkpt>
      <trkpt lat="23.55518094263971" lon="120.43078796938062">
        <ele>28.47</ele>
      </trkpt>
      <trkpt lat="23.555138111114502" lon="120.43099164962769">
        <ele>28.44</ele>
      </trkpt>
      <trkpt lat="23.555138111114502" lon="120.43107748031616">
        <ele>28.43</ele>
      </trkpt>
      <trkpt lat="23.55518102645874" lon="120.43118476867676">
        <ele>28.41</ele>
      </trkpt>
      <trkpt lat="23.555288314819336" lon="120.43127059936523">
        <ele>28.39</ele>
      </trkpt>
      <trkpt lat="23.555448660627007" lon="120.4313347209245">
        <ele>28.36</ele>
      </trkpt>
      <trkpt lat="23.555610263720155" lon="120.43139934539795">
        <ele>28.34</ele>
      </trkpt>
      <trkpt lat="23.555831126868725" lon="120.43149909004569">
        <ele>28.32</ele>
      </trkpt>
      <trkpt lat="23.556052073836327" lon="120.43159891851246">
        <ele>28.31</ele>
      </trkpt>
      <trkpt lat="23.556275367736816" lon="120.43169975280762">
        <ele>28.31</ele>
      </trkpt>
      <trkpt lat="23.55651148594916" lon="120.43180704116821">
        <ele>28.31</ele>
      </trkpt>
      <trkpt lat="23.556789346039295" lon="120.43189781717956">
        <ele>28.35</ele>
      </trkpt>
      <trkpt lat="23.55706720612943" lon="120.43198867700994">
        <ele>28.39</ele>
      </trkpt>
      <trkpt lat="23.55734506621957" lon="120.43207953684032">
        <ele>28.45</ele>
      </trkpt>
      <trkpt lat="23.557627201080322" lon="120.43217182159424">
        <ele>28.49</ele>
      </trkpt>
      <trkpt lat="23.557541454210877" lon="120.43238639831543">
        <ele>28.51</ele>
      </trkpt>
      <trkpt lat="23.55747699737549" lon="120.43262243270874">
        <ele>28.57</ele>
      </trkpt>
      <trkpt lat="23.5574125405401" lon="120.43291596695781">
        <ele>28.64</ele>
      </trkpt>
      <trkpt lat="23.55734808370471" lon="120.43320950120687">
        <ele>28.64</ele>
      </trkpt>
      <trkpt lat="23.557283878326416" lon="120.43350219726562">
        <ele>28.68</ele>
      </trkpt>
      <trkpt lat="23.55726250447333" lon="120.43365240097046">
        <ele>28.73</ele>
      </trkpt>
      <trkpt lat="23.557569701224566" lon="120.4337191209197">
        <ele>28.72</ele>
      </trkpt>
      <trkpt lat="23.557876897975802" lon="120.43378592468798">
        <ele>28.78</ele>
      </trkpt>
      <trkpt lat="23.55818409472704" lon="120.43385272845626">
        <ele>28.84</ele>
      </trkpt>
      <trkpt lat="23.558491291478276" lon="120.4339194484055">
        <ele>28.87</ele>
      </trkpt>
      <trkpt lat="23.558798488229513" lon="120.43398625217378">
        <ele>28.88</ele>
      </trkpt>
      <trkpt lat="23.55910568498075" lon="120.43405305594206">
        <ele>28.9</ele>
      </trkpt>
      <trkpt lat="23.559412881731987" lon="120.43411985971034">
        <ele>28.97</ele>
      </trkpt>
      <trkpt lat="23.55973013676703" lon="120.43418884277344">
        <ele>29.05</ele>
      </trkpt>
      <trkpt lat="23.559933062642813" lon="120.43423150666058">
        <ele>29.09</ele>
      </trkpt>
      <trkpt lat="23.56013774871826" lon="120.43427467346191">
        <ele>29.11</ele>
      </trkpt>
      <trkpt lat="23.560432624071836" lon="120.43433443643153">
        <ele>29.11</ele>
      </trkpt>
      <trkpt lat="23.560727583244443" lon="120.43439428322017">
        <ele>29.13</ele>
      </trkpt>
      <trkpt lat="23.561022458598018" lon="120.43445413000882">
        <ele>29.2</ele>
      </trkpt>
      <trkpt lat="23.561317417770624" lon="120.43451397679746">
        <ele>29.25</ele>
      </trkpt>
      <trkpt lat="23.561618411913514" lon="120.43457508087158">
        <ele>29.29</ele>
      </trkpt>
      <trkpt lat="23.561832066625357" lon="120.43461774475873">
        <ele>29.35</ele>
      </trkpt>
      <trkpt lat="23.5620457213372" lon="120.4346604924649">
        <ele>29.41</ele>
      </trkpt>
      <trkpt lat="23.562262058258057" lon="120.4347038269043">
        <ele>29.48</ele>
      </trkpt>
      <trkpt lat="23.562498092651367" lon="120.43474674224854">
        <ele>29.52</ele>
      </trkpt>
      <trkpt lat="23.562722392380238" lon="120.43475738726556">
        <ele>29.55</ele>
      </trkpt>
      <trkpt lat="23.56294870376587" lon="120.43476819992065">
        <ele>29.58</ele>
      </trkpt>
      <trkpt lat="23.56319798156619" lon="120.43476811610162">
        <ele>29.6</ele>
      </trkpt>
      <trkpt lat="23.563447259366512" lon="120.43476811610162">
        <ele>29.63</ele>
      </trkpt>
      <trkpt lat="23.56369980610907" lon="120.43476819992065">
        <ele>29.7</ele>
      </trkpt>
      <trkpt lat="23.563961489126086" lon="120.43477348051965">
        <ele>29.76</ele>
      </trkpt>
      <trkpt lat="23.5642231721431" lon="120.43477884493768">
        <ele>29.81</ele>
      </trkpt>
      <trkpt lat="23.56448493897915" lon="120.43478420935571">
        <ele>29.8</ele>
      </trkpt>
      <trkpt lat="23.564751148223877" lon="120.43478965759277">
        <ele>29.84</ele>
      </trkpt>
      <trkpt lat="23.564971927553415" lon="120.43478965759277">
        <ele>29.9</ele>
      </trkpt>
      <trkpt lat="23.565192706882954" lon="120.43478965759277">
        <ele>29.93</ele>
      </trkpt>
      <trkpt lat="23.56541633605957" lon="120.43478965759277">
        <ele>29.9</ele>
      </trkpt>
      <trkpt lat="23.565597888082266" lon="120.43481094762683">
        <ele>29.84</ele>
      </trkpt>
      <trkpt lat="23.565781116485596" lon="120.43483257293701">
        <ele>29.77</ele>
      </trkpt>
      <trkpt lat="23.5659743193537" lon="120.43487548828125">
        <ele>29.73</ele>
      </trkpt>
      <trkpt lat="23.566155955195427" lon="120.4349181521684">
        <ele>29.69</ele>
      </trkpt>
      <trkpt lat="23.566339099779725" lon="120.43496131896973">
        <ele>29.67</ele>
      </trkpt>
      <trkpt lat="23.566520735621452" lon="120.43501471169293">
        <ele>29.63</ele>
      </trkpt>
      <trkpt lat="23.56670388020575" lon="120.43506860733032">
        <ele>29.57</ele>
      </trkpt>
      <trkpt lat="23.566885516047478" lon="120.43512200005352">
        <ele>29.5</ele>
      </trkpt>
      <trkpt lat="23.567068660631776" lon="120.43517589569092">
        <ele>29.43</ele>
      </trkpt>
      <trkpt lat="23.567283237352967" lon="120.43524026870728">
        <ele>29.35</ele>
      </trkpt>
      <trkpt lat="23.567571826279163" lon="120.43534713797271">
        <ele>29.23</ele>
      </trkpt>
      <trkpt lat="23.567862594500184" lon="120.43545484542847">
        <ele>29.1</ele>
      </trkpt>
      <trkpt lat="23.568034255877137" lon="120.43551921844482">
        <ele>28.96</ele>
      </trkpt>
      <trkpt lat="23.568291747942567" lon="120.4356050491333">
        <ele>28.82</ele>
      </trkpt>
      <trkpt lat="23.568452009931207" lon="120.43566917069256">
        <ele>28.68</ele>
      </trkpt>
      <trkpt lat="23.568613529205322" lon="120.43573379516602">
        <ele>28.55</ele>
      </trkpt>
      <trkpt lat="23.56887001544237" lon="120.4358299355954">
        <ele>28.46</ele>
      </trkpt>
      <trkpt lat="23.569126585498452" lon="120.4359261598438">
        <ele>28.37</ele>
      </trkpt>
      <trkpt lat="23.569383155554533" lon="120.43602238409221">
        <ele>28.26</ele>
      </trkpt>
      <trkpt lat="23.569643581286073" lon="120.43612003326416">
        <ele>28.13</ele>
      </trkpt>
      <trkpt lat="23.56993854045868" lon="120.43623327277601">
        <ele>28.01</ele>
      </trkpt>
      <trkpt lat="23.570233583450317" lon="120.43634659610689">
        <ele>27.89</ele>
      </trkpt>
      <trkpt lat="23.570528626441956" lon="120.43645991943777">
        <ele>27.75</ele>
      </trkpt>
      <trkpt lat="23.570823669433594" lon="120.43657324276865">
        <ele>27.62</ele>
      </trkpt>
      <trkpt lat="23.571118712425232" lon="120.43668656609952">
        <ele>27.47</ele>
      </trkpt>
      <trkpt lat="23.57141375541687" lon="120.4367998894304">
        <ele>27.28</ele>
      </trkpt>
      <trkpt lat="23.57170879840851" lon="120.43691312894225">
        <ele>27.1</ele>
      </trkpt>
      <trkpt lat="23.572003841400146" lon="120.43702645227313">
        <ele>27.0</ele>
      </trkpt>
      <trkpt lat="23.572298884391785" lon="120.43713977560401">
        <ele>26.94</ele>
      </trkpt>
      <trkpt lat="23.572604740038514" lon="120.43725728988647">
        <ele>26.98</ele>
      </trkpt>
      <trkpt lat="23.572604656219482" lon="120.43725728988647">
        <ele>26.9</ele>
      </trkpt>
      <trkpt lat="23.572890562936664" lon="120.43736684136093">
        <ele>26.85</ele>
      </trkpt>
      <trkpt lat="23.573176553472877" lon="120.43747639283538">
        <ele>26.78</ele>
      </trkpt>
      <trkpt lat="23.573462460190058" lon="120.43758594430983">
        <ele>26.73</ele>
      </trkpt>
      <trkpt lat="23.57374845072627" lon="120.43769549578428">
        <ele>26.68</ele>
      </trkpt>
      <trkpt lat="23.574034441262484" lon="120.43780513107777">
        <ele>26.61</ele>
      </trkpt>
      <trkpt lat="23.574320347979665" lon="120.43791468255222">
        <ele>26.53</ele>
      </trkpt>
      <trkpt lat="23.574606338515878" lon="120.43802423402667">
        <ele>26.47</ele>
      </trkpt>
      <trkpt lat="23.574900710955262" lon="120.43813705444336">
        <ele>26.44</ele>
      </trkpt>
      <trkpt lat="23.57518929988146" lon="120.43824928812683">
        <ele>26.43</ele>
      </trkpt>
      <trkpt lat="23.575477888807654" lon="120.4383615218103">
        <ele>26.43</ele>
      </trkpt>
      <trkpt lat="23.575766561552882" lon="120.43847375549376">
        <ele>26.46</ele>
      </trkpt>
      <trkpt lat="23.576059425249696" lon="120.43858766555786">
        <ele>26.48</ele>
      </trkpt>
      <trkpt lat="23.576305266469717" lon="120.43868380598724">
        <ele>26.51</ele>
      </trkpt>
      <trkpt lat="23.576552951708436" lon="120.43878078460693">
        <ele>26.54</ele>
      </trkpt>
      <trkpt lat="23.576552867889404" lon="120.43878078460693">
        <ele>26.55</ele>
      </trkpt>
      <trkpt lat="23.5768414568156" lon="120.43888765387237">
        <ele>26.59</ele>
      </trkpt>
      <trkpt lat="23.577132308855653" lon="120.43899536132812">
        <ele>26.58</ele>
      </trkpt>
      <trkpt lat="23.577346047386527" lon="120.43908085674047">
        <ele>26.58</ele>
      </trkpt>
      <trkpt lat="23.577559869736433" lon="120.43916635215282">
        <ele>26.58</ele>
      </trkpt>
      <trkpt lat="23.577776039019227" lon="120.43925285339355">
        <ele>26.6</ele>
      </trkpt>
      <trkpt lat="23.577982652932405" lon="120.43933122418821">
        <ele>26.61</ele>
      </trkpt>
      <trkpt lat="23.578189350664616" lon="120.43940959498286">
        <ele>26.62</ele>
      </trkpt>
      <trkpt lat="23.578398311510682" lon="120.43948888778687">
        <ele>26.67</ele>
      </trkpt>
      <trkpt lat="23.578619761392474" lon="120.43957337737083">
        <ele>26.73</ele>
      </trkpt>
      <trkpt lat="23.57890055514872" lon="120.43968049809337">
        <ele>26.78</ele>
      </trkpt>
      <trkpt lat="23.579181432724" lon="120.43978770263493">
        <ele>26.82</ele>
      </trkpt>
      <trkpt lat="23.579462226480246" lon="120.43989482335746">
        <ele>26.83</ele>
      </trkpt>
      <trkpt lat="23.579743104055524" lon="120.44000202789903">
        <ele>26.88</ele>
      </trkpt>
      <trkpt lat="23.580029094591737" lon="120.44011116027832">
        <ele>26.9</ele>
      </trkpt>
      <trkpt lat="23.580050552263856" lon="120.4399824142456">
        <ele>26.94</ele>
      </trkpt>
      <trkpt lat="23.580050468444824" lon="120.4399824142456">
        <ele>26.97</ele>
      </trkpt>
      <trkpt lat="23.579783169552684" lon="120.43988258577883">
        <ele>27.02</ele>
      </trkpt>
      <trkpt lat="23.579515954479575" lon="120.43978284113109">
        <ele>27.03</ele>
      </trkpt>
      <trkpt lat="23.579248739406466" lon="120.43968309648335">
        <ele>27.06</ele>
      </trkpt>
      <trkpt lat="23.578981440514326" lon="120.43958326801658">
        <ele>27.07</ele>
      </trkpt>
      <trkpt lat="23.578714225441217" lon="120.43948352336884">
        <ele>27.09</ele>
      </trkpt>
      <trkpt lat="23.57844114303589" lon="120.43938159942627">
        <ele>27.08</ele>
      </trkpt>
      <trkpt lat="23.578398311510682" lon="120.43948888778687">
        <ele>26.67</ele>
      </trkpt>
      <trkpt lat="23.578619761392474" lon="120.43957337737083">
        <ele>26.73</ele>
      </trkpt>
      <trkpt lat="23.578842971473932" lon="120.43965862132609">
        <ele>27.2</ele>
      </trkpt>
      <trkpt lat="23.579138349741697" lon="120.43977127410471">
        <ele>27.23</ele>
      </trkpt>
      <trkpt lat="23.579433811828494" lon="120.43988401070237">
        <ele>27.23</ele>
      </trkpt>
      <trkpt lat="23.57972927391529" lon="120.43999674730003">
        <ele>27.26</ele>
      </trkpt>
      <trkpt lat="23.580029094591737" lon="120.44011116027832">
        <ele>26.9</ele>
      </trkpt>
      <trkpt lat="23.580050552263856" lon="120.4399824142456">
        <ele>26.94</ele>
      </trkpt>
      <trkpt lat="23.580050468444824" lon="120.4399824142456">
        <ele>26.97</ele>
      </trkpt>
      <trkpt lat="23.579783169552684" lon="120.43988258577883">
        <ele>27.02</ele>
      </trkpt>
      <trkpt lat="23.579515954479575" lon="120.43978284113109">
        <ele>27.03</ele>
      </trkpt>
      <trkpt lat="23.579248739406466" lon="120.43968309648335">
        <ele>27.06</ele>
      </trkpt>
      <trkpt lat="23.578981440514326" lon="120.43958326801658">
        <ele>27.07</ele>
      </trkpt>
      <trkpt lat="23.578714225441217" lon="120.43948352336884">
        <ele>27.09</ele>
      </trkpt>
      <trkpt lat="23.57844114303589" lon="120.43938159942627">
        <ele>27.08</ele>
      </trkpt>
      <trkpt lat="23.578398311510682" lon="120.43948888778687">
        <ele>26.67</ele>
      </trkpt>
      <trkpt lat="23.578842971473932" lon="120.43965862132609">
        <ele>27.2</ele>
      </trkpt>
      <trkpt lat="23.579138349741697" lon="120.43977127410471">
        <ele>27.23</ele>
      </trkpt>
      <trkpt lat="23.579433811828494" lon="120.43988401070237">
        <ele>27.23</ele>
      </trkpt>
      <trkpt lat="23.57972927391529" lon="120.43999674730003">
        <ele>27.26</ele>
      </trkpt>
      <trkpt lat="23.580029094591737" lon="120.44011116027832">
        <ele>26.9</ele>
      </trkpt>
      <trkpt lat="23.580050552263856" lon="120.4399824142456">
        <ele>26.94</ele>
      </trkpt>
      <trkpt lat="23.580050468444824" lon="120.4399824142456">
        <ele>26.97</ele>
      </trkpt>
      <trkpt lat="23.579783169552684" lon="120.43988258577883">
        <ele>27.02</ele>
      </trkpt>
      <trkpt lat="23.579515954479575" lon="120.43978284113109">
        <ele>27.03</ele>
      </trkpt>
      <trkpt lat="23.579248739406466" lon="120.43968309648335">
        <ele>27.06</ele>
      </trkpt>
      <trkpt lat="23.578981440514326" lon="120.43958326801658">
        <ele>27.07</ele>
      </trkpt>
      <trkpt lat="23.578714225441217" lon="120.43948352336884">
        <ele>27.09</ele>
      </trkpt>
      <trkpt lat="23.57844114303589" lon="120.43938159942627">
        <ele>27.08</ele>
      </trkpt>
      <trkpt lat="23.578398311510682" lon="120.43948888778687">
        <ele>26.67</ele>
      </trkpt>
      <trkpt lat="23.578845066949725" lon="120.43965937569737">
        <ele>27.65</ele>
      </trkpt>
      <trkpt lat="23.5791399423033" lon="120.43977186083794">
        <ele>27.69</ele>
      </trkpt>
      <trkpt lat="23.579434901475906" lon="120.43988442979753">
        <ele>27.7</ele>
      </trkpt>
      <trkpt lat="23.57972977682948" lon="120.43999691493809">
        <ele>27.75</ele>
      </trkpt>
      <trkpt lat="23.580029094591737" lon="120.44011116027832">
        <ele>26.9</ele>
      </trkpt>
      <trkpt lat="23.580029010772705" lon="120.44011116027832">
        <ele>27.82</ele>
      </trkpt>
      <trkpt lat="23.58031609095633" lon="120.4402210470289">
        <ele>27.82</ele>
      </trkpt>
      <trkpt lat="23.580603171139956" lon="120.44033101759851">
        <ele>27.83</ele>
      </trkpt>
      <trkpt lat="23.580890335142612" lon="120.44044098816812">
        <ele>27.88</ele>
      </trkpt>
      <trkpt lat="23.581177415326238" lon="120.44055095873773">
        <ele>27.97</ele>
      </trkpt>
      <trkpt lat="23.581464495509863" lon="120.44066084548831">
        <ele>28.06</ele>
      </trkpt>
      <trkpt lat="23.58175165951252" lon="120.44077081605792">
        <ele>28.15</ele>
      </trkpt>
      <trkpt lat="23.582046115770936" lon="120.44088363647461">
        <ele>28.21</ele>
      </trkpt>
      <trkpt lat="23.58215340413153" lon="120.44092655181885">
        <ele>28.26</ele>
      </trkpt>
      <trkpt lat="23.5821533203125" lon="120.44092655181885">
        <ele>28.32</ele>
      </trkpt>
      <trkpt lat="23.58244459144771" lon="120.44103878550231">
        <ele>28.34</ele>
      </trkpt>
      <trkpt lat="23.582735862582922" lon="120.44115101918578">
        <ele>28.4</ele>
      </trkpt>
      <trkpt lat="23.583027217537165" lon="120.44126325286925">
        <ele>28.5</ele>
      </trkpt>
      <trkpt lat="23.583318488672376" lon="120.44137548655272">
        <ele>28.58</ele>
      </trkpt>
      <trkpt lat="23.58360984362662" lon="120.44148772023618">
        <ele>28.64</ele>
      </trkpt>
      <trkpt lat="23.58390111476183" lon="120.44159995391965">
        <ele>28.69</ele>
      </trkpt>
      <trkpt lat="23.584192469716072" lon="120.44171218760312">
        <ele>28.74</ele>
      </trkpt>
      <trkpt lat="23.584492290392518" lon="120.44182777404785">
        <ele>28.77</ele>
      </trkpt>
      <trkpt lat="23.584695383906364" lon="120.44192399829626">
        <ele>28.83</ele>
      </trkpt>
      <trkpt lat="23.58489990234375" lon="120.44202089309692">
        <ele>28.9</ele>
      </trkpt>
      <trkpt lat="23.58508170582354" lon="120.44210638850927">
        <ele>28.97</ele>
      </trkpt>
      <trkpt lat="23.585264766588807" lon="120.44219255447388">
        <ele>29.05</ele>
      </trkpt>
      <trkpt lat="23.585264682769775" lon="120.44219255447388">
        <ele>29.09</ele>
      </trkpt>
      <trkpt lat="23.585492754355073" lon="120.44230654835701">
        <ele>29.09</ele>
      </trkpt>
      <trkpt lat="23.585720909759402" lon="120.44242062605917">
        <ele>29.08</ele>
      </trkpt>
      <trkpt lat="23.585951328277588" lon="120.44253587722778">
        <ele>29.09</ele>
      </trkpt>
      <trkpt lat="23.586132964119315" lon="120.44259999878705">
        <ele>29.12</ele>
      </trkpt>
      <trkpt lat="23.586316108703613" lon="120.4426646232605">
        <ele>29.16</ele>
      </trkpt>
      <trkpt lat="23.586612241342664" lon="120.44273477979004">
        <ele>29.12</ele>
      </trkpt>
      <trkpt lat="23.586908373981714" lon="120.44280502013862">
        <ele>29.08</ele>
      </trkpt>
      <trkpt lat="23.587204506620765" lon="120.4428752604872">
        <ele>29.11</ele>
      </trkpt>
      <trkpt lat="23.587500639259815" lon="120.44294550083578">
        <ele>29.05</ele>
      </trkpt>
      <trkpt lat="23.587796855717897" lon="120.44301565736532">
        <ele>28.91</ele>
      </trkpt>
      <trkpt lat="23.588092988356948" lon="120.4430858977139">
        <ele>28.91</ele>
      </trkpt>
      <trkpt lat="23.58839750289917" lon="120.44315814971924">
        <ele>28.91</ele>
      </trkpt>
      <trkpt lat="23.58855776488781" lon="120.44321154244244">
        <ele>28.8</ele>
      </trkpt>
      <trkpt lat="23.588719367980957" lon="120.44326543807983">
        <ele>28.65</ele>
      </trkpt>
      <trkpt lat="23.588890358805656" lon="120.4433295596391">
        <ele>28.48</ele>
      </trkpt>
      <trkpt lat="23.589062690734863" lon="120.44339418411255">
        <ele>28.33</ele>
      </trkpt>
      <trkpt lat="23.589297886937857" lon="120.44350960291922">
        <ele>28.18</ele>
      </trkpt>
      <trkpt lat="23.589533166959882" lon="120.44362510554492">
        <ele>28.02</ele>
      </trkpt>
      <trkpt lat="23.589768446981907" lon="120.44374060817063">
        <ele>27.88</ele>
      </trkpt>
      <trkpt lat="23.590003727003932" lon="120.44385611079633">
        <ele>27.74</ele>
      </trkpt>
      <trkpt lat="23.590242946520448" lon="120.44397354125977">
        <ele>27.59</ele>
      </trkpt>
      <trkpt lat="23.590242862701416" lon="120.44397354125977">
        <ele>27.43</ele>
      </trkpt>
      <trkpt lat="23.59048878774047" lon="120.44409113936126">
        <ele>27.25</ele>
      </trkpt>
      <trkpt lat="23.590736389160156" lon="120.44420957565308">
        <ele>27.08</ele>
      </trkpt>
      <trkpt lat="23.59102489426732" lon="120.44430571608245">
        <ele>26.92</ele>
      </trkpt>
      <trkpt lat="23.591315746307373" lon="120.44440269470215">
        <ele>26.78</ele>
      </trkpt>
      <trkpt lat="23.59152236022055" lon="120.4444810654968">
        <ele>26.61</ele>
      </trkpt>
      <trkpt lat="23.59172905795276" lon="120.44455943629146">
        <ele>26.43</ele>
      </trkpt>
      <trkpt lat="23.59193810261786" lon="120.44463872909546">
        <ele>26.25</ele>
      </trkpt>
      <trkpt lat="23.59217413701117" lon="120.44470310211182">
        <ele>26.09</ele>
      </trkpt>
      <trkpt lat="23.59241017140448" lon="120.4447889328003">
        <ele>25.94</ele>
      </trkpt>
      <trkpt lat="23.592591723427176" lon="120.44483159668744">
        <ele>25.8</ele>
      </trkpt>
      <trkpt lat="23.592774868011475" lon="120.44487476348877">
        <ele>25.64</ele>
      </trkpt>
      <trkpt lat="23.592999251559377" lon="120.44490678235888">
        <ele>25.49</ele>
      </trkpt>
      <trkpt lat="23.59322556294501" lon="120.44493913650513">
        <ele>25.3</ele>
      </trkpt>
      <trkpt lat="23.593471236526966" lon="120.44496042653918">
        <ele>25.11</ele>
      </trkpt>
      <trkpt lat="23.593719005584717" lon="120.44498205184937">
        <ele>24.92</ele>
      </trkpt>
      <trkpt lat="23.593939784914255" lon="120.44500334188342">
        <ele>24.71</ele>
      </trkpt>
      <trkpt lat="23.594160648062825" lon="120.44502471573651">
        <ele>24.49</ele>
      </trkpt>
      <trkpt lat="23.594384277239442" lon="120.44504642486572">
        <ele>24.41</ele>
      </trkpt>
      <trkpt lat="23.59438419342041" lon="120.44504642486572">
        <ele>24.3</ele>
      </trkpt>
      <trkpt lat="23.59461922198534" lon="120.44506771489978">
        <ele>24.3</ele>
      </trkpt>
      <trkpt lat="23.59485425055027" lon="120.44508908875287">
        <ele>24.29</ele>
      </trkpt>
      <trkpt lat="23.595092296600342" lon="120.44511079788208">
        <ele>24.24</ele>
      </trkpt>
      <trkpt lat="23.59534869901836" lon="120.44513208791614">
        <ele>24.18</ele>
      </trkpt>
      <trkpt lat="23.595605101436377" lon="120.44515346176922">
        <ele>24.15</ele>
      </trkpt>
      <trkpt lat="23.595864856615663" lon="120.44517517089844">
        <ele>24.15</ele>
      </trkpt>
      <trkpt lat="23.59615210443735" lon="120.4452012386173">
        <ele>24.08</ele>
      </trkpt>
      <trkpt lat="23.59643935225904" lon="120.4452273901552">
        <ele>23.99</ele>
      </trkpt>
      <trkpt lat="23.59672660008073" lon="120.44525345787406">
        <ele>23.91</ele>
      </trkpt>
      <trkpt lat="23.597013847902417" lon="120.44527960941195">
        <ele>23.87</ele>
      </trkpt>
      <trkpt lat="23.597301179543138" lon="120.44530567713082">
        <ele>23.83</ele>
      </trkpt>
      <trkpt lat="23.597588427364826" lon="120.44533182866871">
        <ele>23.79</ele>
      </trkpt>
      <trkpt lat="23.597875675186515" lon="120.44535789638758">
        <ele>23.72</ele>
      </trkpt>
      <trkpt lat="23.598162923008204" lon="120.44538404792547">
        <ele>23.74</ele>
      </trkpt>
      <trkpt lat="23.59846123494208" lon="120.44541120529175">
        <ele>23.76</ele>
      </trkpt>
      <trkpt lat="23.598461151123047" lon="120.44541120529175">
        <ele>23.76</ele>
      </trkpt>
      <trkpt lat="23.59873892739415" lon="120.44543677009642">
        <ele>23.76</ele>
      </trkpt>
      <trkpt lat="23.599016703665257" lon="120.44546241872013">
        <ele>23.75</ele>
      </trkpt>
      <trkpt lat="23.59929447993636" lon="120.44548806734383">
        <ele>23.77</ele>
      </trkpt>
      <trkpt lat="23.599572256207466" lon="120.44551371596754">
        <ele>23.81</ele>
      </trkpt>
      <trkpt lat="23.599855983629823" lon="120.44553995132446">
        <ele>23.89</ele>
      </trkpt>
      <trkpt lat="23.59985589981079" lon="120.44553995132446">
        <ele>23.94</ele>
      </trkpt>
      <trkpt lat="23.600128311663866" lon="120.44556660577655">
        <ele>24.01</ele>
      </trkpt>
      <trkpt lat="23.60040072351694" lon="120.44559334404767">
        <ele>24.02</ele>
      </trkpt>
      <trkpt lat="23.600673135370016" lon="120.44561999849975">
        <ele>24.06</ele>
      </trkpt>
      <trkpt lat="23.600950241088867" lon="120.44564723968506">
        <ele>24.16</ele>
      </trkpt>
      <trkpt lat="23.601186275482178" lon="120.44571161270142">
        <ele>24.22</ele>
      </trkpt>
      <trkpt lat="23.601357266306877" lon="120.44575427658856">
        <ele>24.32</ele>
      </trkpt>
      <trkpt lat="23.601529682055116" lon="120.44579744338989">
        <ele>24.44</ele>
      </trkpt>
      <trkpt lat="23.601744174957275" lon="120.44588327407837">
        <ele>24.59</ele>
      </trkpt>
      <trkpt lat="23.60195791348815" lon="120.44596876949072">
        <ele>24.71</ele>
      </trkpt>
      <trkpt lat="23.602173328399658" lon="120.44605493545532">
        <ele>24.8</ele>
      </trkpt>
      <trkpt lat="23.602408608421683" lon="120.44618326239288">
        <ele>24.88</ele>
      </trkpt>
      <trkpt lat="23.60264539718628" lon="120.44631242752075">
        <ele>24.97</ele>
      </trkpt>
      <trkpt lat="23.60287011601031" lon="120.44647294096649">
        <ele>25.11</ele>
      </trkpt>
      <trkpt lat="23.60309600830078" lon="120.44663429260254">
        <ele>25.3</ele>
      </trkpt>
      <trkpt lat="23.603277979418635" lon="120.4467948898673">
        <ele>25.51</ele>
      </trkpt>
      <trkpt lat="23.603460788726807" lon="120.44695615768433">
        <ele>25.74</ele>
      </trkpt>
      <trkpt lat="23.603600012138486" lon="120.447095381096">
        <ele>25.97</ele>
      </trkpt>
      <trkpt lat="23.603739822283387" lon="120.44723510742188">
        <ele>26.2</ele>
      </trkpt>
      <trkpt lat="23.60391139984131" lon="120.44740676879883">
        <ele>26.45</ele>
      </trkpt>
      <trkpt lat="23.603954315185547" lon="120.44747114181519">
        <ele>26.69</ele>
      </trkpt>
      <trkpt lat="23.60411139205098" lon="120.44763534329832">
        <ele>26.93</ele>
      </trkpt>
      <trkpt lat="23.604268468916416" lon="120.44779962860048">
        <ele>27.2</ele>
      </trkpt>
      <trkpt lat="23.604426383972168" lon="120.44796466827393">
        <ele>27.49</ele>
      </trkpt>
      <trkpt lat="23.60457642003894" lon="120.44816826470196">
        <ele>27.76</ele>
      </trkpt>
      <trkpt lat="23.604726791381836" lon="120.44837236404419">
        <ele>28.04</ele>
      </trkpt>
      <trkpt lat="23.60485553741455" lon="120.44862985610962">
        <ele>28.29</ele>
      </trkpt>
      <trkpt lat="23.604984283447266" lon="120.44886589050293">
        <ele>28.57</ele>
      </trkpt>
      <trkpt lat="23.60511302947998" lon="120.44912338256836">
        <ele>28.86</ele>
      </trkpt>
      <trkpt lat="23.60519894398749" lon="120.44937022961676">
        <ele>29.19</ele>
      </trkpt>
      <trkpt lat="23.605284774675965" lon="120.4496169090271">
        <ele>29.51</ele>
      </trkpt>
      <trkpt lat="23.60534906387329" lon="120.44983148574829">
        <ele>29.81</ele>
      </trkpt>
      <trkpt lat="23.60539206303656" lon="120.45011043548584">
        <ele>30.12</ele>
      </trkpt>
      <trkpt lat="23.60544034279883" lon="120.4504058137536">
        <ele>30.54</ele>
      </trkpt>
      <trkpt lat="23.60548870638013" lon="120.45070119202137">
        <ele>30.95</ele>
      </trkpt>
      <trkpt lat="23.60553706996143" lon="120.45099657028913">
        <ele>31.32</ele>
      </trkpt>
      <trkpt lat="23.605585182085633" lon="120.45129060745239">
        <ele>31.63</ele>
      </trkpt>
      <trkpt lat="23.6055850982666" lon="120.45129060745239">
        <ele>31.92</ele>
      </trkpt>
      <trkpt lat="23.605631617829204" lon="120.45162001624703">
        <ele>32.2</ele>
      </trkpt>
      <trkpt lat="23.605678137391806" lon="120.45194942504168">
        <ele>32.48</ele>
      </trkpt>
      <trkpt lat="23.60572474077344" lon="120.45227883383632">
        <ele>32.71</ele>
      </trkpt>
      <trkpt lat="23.60577126033604" lon="120.45260824263096">
        <ele>32.93</ele>
      </trkpt>
      <trkpt lat="23.605817779898643" lon="120.45293773524463">
        <ele>33.13</ele>
      </trkpt>
      <trkpt lat="23.60586404800415" lon="120.45326471328735">
        <ele>33.35</ele>
      </trkpt>
      <trkpt lat="23.605914171785116" lon="120.45358691364527">
        <ele>33.56</ele>
      </trkpt>
      <trkpt lat="23.605964295566082" lon="120.45390919782221">
        <ele>33.82</ele>
      </trkpt>
      <trkpt lat="23.606014335528016" lon="120.45423030853271">
        <ele>33.95</ele>
      </trkpt>
      <trkpt lat="23.606051886454225" lon="120.45449341647327">
        <ele>34.04</ele>
      </trkpt>
      <trkpt lat="23.606089437380433" lon="120.45475660823286">
        <ele>34.13</ele>
      </trkpt>
      <trkpt lat="23.60612698830664" lon="120.45501979999244">
        <ele>34.26</ele>
      </trkpt>
      <trkpt lat="23.60616445541382" lon="120.45528173446655">
        <ele>34.39</ele>
      </trkpt>
      <trkpt lat="23.60620024614036" lon="120.45551081188023">
        <ele>34.5</ele>
      </trkpt>
      <trkpt lat="23.606236120685935" lon="120.45573997311294">
        <ele>34.58</ele>
      </trkpt>
      <trkpt lat="23.606271827593446" lon="120.45596837997437">
        <ele>34.63</ele>
      </trkpt>
      <trkpt lat="23.606325471773744" lon="120.45624758116901">
        <ele>34.68</ele>
      </trkpt>
      <trkpt lat="23.60637911595404" lon="120.45652627944946">
        <ele>34.71</ele>
      </trkpt>
      <trkpt lat="23.60637903213501" lon="120.45652627944946">
        <ele>34.72</ele>
      </trkpt>
      <trkpt lat="23.6064434889704" lon="120.45685920864344">
        <ele>34.72</ele>
      </trkpt>
      <trkpt lat="23.606507861986756" lon="120.45719146728516">
        <ele>34.7</ele>
      </trkpt>
      <trkpt lat="23.606507778167725" lon="120.45719146728516">
        <ele>34.67</ele>
      </trkpt>
      <trkpt lat="23.606556057929993" lon="120.45745457522571">
        <ele>34.64</ele>
      </trkpt>
      <trkpt lat="23.606604421511292" lon="120.4577177669853">
        <ele>34.56</ele>
      </trkpt>
      <trkpt lat="23.606652785092592" lon="120.45798087492585">
        <ele>34.46</ele>
      </trkpt>
      <trkpt lat="23.606700897216797" lon="120.458242893219">
        <ele>34.37</ele>
      </trkpt>
      <trkpt lat="23.606765270233154" lon="120.4584789276123">
        <ele>34.3</ele>
      </trkpt>
      <trkpt lat="23.60687264241278" lon="120.4586935043335">
        <ele>34.23</ele>
      </trkpt>
      <trkpt lat="23.60687255859375" lon="120.4586935043335">
        <ele>34.13</ele>
      </trkpt>
      <trkpt lat="23.607022762298584" lon="120.45895099639893">
        <ele>34.0</ele>
      </trkpt>
      <trkpt lat="23.607194423675537" lon="120.45918703079224">
        <ele>33.83</ele>
      </trkpt>
      <trkpt lat="23.607323169708252" lon="120.45931577682495">
        <ele>33.69</ele>
      </trkpt>
      <trkpt lat="23.607564819976687" lon="120.45952373184264">
        <ele>33.55</ele>
      </trkpt>
      <trkpt lat="23.607806470245123" lon="120.45973177067935">
        <ele>33.43</ele>
      </trkpt>
      <trkpt lat="23.60804812051356" lon="120.45993972569704">
        <ele>33.34</ele>
      </trkpt>
      <trkpt lat="23.608289770781994" lon="120.46014776453376">
        <ele>33.29</ele>
      </trkpt>
      <trkpt lat="23.60853150486946" lon="120.46035580337048">
        <ele>33.19</ele>
      </trkpt>
      <trkpt lat="23.608773155137897" lon="120.46056375838816">
        <ele>33.06</ele>
      </trkpt>
      <trkpt lat="23.609018409624696" lon="120.46077489852905">
        <ele>32.91</ele>
      </trkpt>
      <trkpt lat="23.609018325805664" lon="120.46077489852905">
        <ele>32.79</ele>
      </trkpt>
      <trkpt lat="23.609196692705154" lon="120.46093189157546">
        <ele>32.65</ele>
      </trkpt>
      <trkpt lat="23.609375143423676" lon="120.46108896844089">
        <ele>32.52</ele>
      </trkpt>
      <trkpt lat="23.609554767608643" lon="120.46124696731567">
        <ele>32.41</ele>
      </trkpt>
      <trkpt lat="23.609812259674072" lon="120.46141862869263">
        <ele>32.34</ele>
      </trkpt>
      <trkpt lat="23.610091293230653" lon="120.46156883239746">
        <ele>32.26</ele>
      </trkpt>
      <trkpt lat="23.61009120941162" lon="120.46156883239746">
        <ele>32.17</ele>
      </trkpt>
      <trkpt lat="23.610355826094747" lon="120.46170243993402">
        <ele>32.08</ele>
      </trkpt>
      <trkpt lat="23.610620526596904" lon="120.4618361312896">
        <ele>31.99</ele>
      </trkpt>
      <trkpt lat="23.61088522709906" lon="120.46196982264519">
        <ele>31.91</ele>
      </trkpt>
      <trkpt lat="23.611149927601218" lon="120.46210351400077">
        <ele>31.81</ele>
      </trkpt>
      <trkpt lat="23.611414544284344" lon="120.46223712153733">
        <ele>31.73</ele>
      </trkpt>
      <trkpt lat="23.6116792447865" lon="120.46237081289291">
        <ele>31.63</ele>
      </trkpt>
      <trkpt lat="23.611943945288658" lon="120.4625045042485">
        <ele>31.57</ele>
      </trkpt>
      <trkpt lat="23.612215602770448" lon="120.46264171600342">
        <ele>31.53</ele>
      </trkpt>
      <trkpt lat="23.612215518951416" lon="120.46264171600342">
        <ele>31.49</ele>
      </trkpt>
      <trkpt lat="23.612484158948064" lon="120.46277532353997">
        <ele>31.41</ele>
      </trkpt>
      <trkpt lat="23.61275279894471" lon="120.46290901489556">
        <ele>31.35</ele>
      </trkpt>
      <trkpt lat="23.61302152276039" lon="120.46304270625114">
        <ele>31.41</ele>
      </trkpt>
      <trkpt lat="23.61329016275704" lon="120.4631763137877">
        <ele>31.48</ele>
      </trkpt>
      <trkpt lat="23.61355888657272" lon="120.46331000514328">
        <ele>31.48</ele>
      </trkpt>
      <trkpt lat="23.613827526569366" lon="120.46344369649887">
        <ele>31.45</ele>
      </trkpt>
      <trkpt lat="23.614096250385046" lon="120.46357730403543">
        <ele>31.43</ele>
      </trkpt>
      <trkpt lat="23.614364890381694" lon="120.46371099539101">
        <ele>31.47</ele>
      </trkpt>
      <trkpt lat="23.614633614197373" lon="120.4638446867466">
        <ele>31.5</ele>
      </trkpt>
      <trkpt lat="23.61490225419402" lon="120.46397837810218">
        <ele>31.54</ele>
      </trkpt>
      <trkpt lat="23.6151709780097" lon="120.46411198563874">
        <ele>31.63</ele>
      </trkpt>
      <trkpt lat="23.61543961800635" lon="120.46424567699432">
        <ele>31.75</ele>
      </trkpt>
      <trkpt lat="23.615708341822028" lon="120.46437936834991">
        <ele>31.85</ele>
      </trkpt>
      <trkpt lat="23.615976981818676" lon="120.46451297588646">
        <ele>31.92</ele>
      </trkpt>
      <trkpt lat="23.616245705634356" lon="120.46464666724205">
        <ele>32.0</ele>
      </trkpt>
      <trkpt lat="23.616528594866395" lon="120.46478748321533">
        <ele>32.07</ele>
      </trkpt>
      <trkpt lat="23.616528511047363" lon="120.46478748321533">
        <ele>32.15</ele>
      </trkpt>
      <trkpt lat="23.616769071668386" lon="120.46491044573486">
        <ele>32.24</ele>
      </trkpt>
      <trkpt lat="23.61700971610844" lon="120.46503340825438">
        <ele>32.34</ele>
      </trkpt>
      <trkpt lat="23.617250360548496" lon="120.46515637077391">
        <ele>32.43</ele>
      </trkpt>
      <trkpt lat="23.617494190111756" lon="120.46528100967407">
        <ele>32.53</ele>
      </trkpt>
      <trkpt lat="23.61777431331575" lon="120.46542216092348">
        <ele>32.65</ele>
      </trkpt>
      <trkpt lat="23.618054520338774" lon="120.46556331217289">
        <ele>32.78</ele>
      </trkpt>
      <trkpt lat="23.618334643542767" lon="120.4657044634223">
        <ele>32.86</ele>
      </trkpt>
      <trkpt lat="23.61861485056579" lon="120.46584561467171">
        <ele>32.91</ele>
      </trkpt>
      <trkpt lat="23.618895057588816" lon="120.46598676592112">
        <ele>32.96</ele>
      </trkpt>
      <trkpt lat="23.61917518079281" lon="120.46612791717052">
        <ele>33.02</ele>
      </trkpt>
      <trkpt lat="23.619455387815833" lon="120.46626906841993">
        <ele>33.12</ele>
      </trkpt>
      <trkpt lat="23.619735594838858" lon="120.46641021966934">
        <ele>33.26</ele>
      </trkpt>
      <trkpt lat="23.62001571804285" lon="120.46655137091875">
        <ele>33.37</ele>
      </trkpt>
      <trkpt lat="23.620305145159364" lon="120.46669721603394">
        <ele>33.52</ele>
      </trkpt>
      <trkpt lat="23.620476135984063" lon="120.46677198261023">
        <ele>33.6</ele>
      </trkpt>
      <trkpt lat="23.62064838409424" lon="120.46684741973877">
        <ele>33.65</ele>
      </trkpt>
      <trkpt lat="23.62090495415032" lon="120.4669756628573">
        <ele>33.67</ele>
      </trkpt>
      <trkpt lat="23.62116160802543" lon="120.46710398979485">
        <ele>33.75</ele>
      </trkpt>
      <trkpt lat="23.621420860290527" lon="120.46723365783691">
        <ele>33.85</ele>
      </trkpt>
      <trkpt lat="23.62165605649352" lon="120.46733516268432">
        <ele>33.88</ele>
      </trkpt>
      <trkpt lat="23.621891252696514" lon="120.46743675135076">
        <ele>33.89</ele>
      </trkpt>
      <trkpt lat="23.622126448899508" lon="120.4675383400172">
        <ele>33.92</ele>
      </trkpt>
      <trkpt lat="23.62236499786377" lon="120.46764135360718">
        <ele>33.98</ele>
      </trkpt>
      <trkpt lat="23.62260103225708" lon="120.46772718429565">
        <ele>34.05</ele>
      </trkpt>
      <trkpt lat="23.622857434675097" lon="120.46779122203588">
        <ele>34.06</ele>
      </trkpt>
      <trkpt lat="23.62311601638794" lon="120.46785593032837">
        <ele>34.05</ele>
      </trkpt>
      <trkpt lat="23.623404437676072" lon="120.46789859421551">
        <ele>34.04</ele>
      </trkpt>
      <trkpt lat="23.623692942783237" lon="120.46794134192169">
        <ele>34.04</ele>
      </trkpt>
      <trkpt lat="23.6239814478904" lon="120.46798408962786">
        <ele>34.05</ele>
      </trkpt>
      <trkpt lat="23.624269952997565" lon="120.46802683733404">
        <ele>34.06</ele>
      </trkpt>
      <trkpt lat="23.62455845810473" lon="120.46806958504021">
        <ele>34.05</ele>
      </trkpt>
      <trkpt lat="23.62485417164862" lon="120.4681134223938">
        <ele>34.02</ele>
      </trkpt>
      <trkpt lat="23.62509984523058" lon="120.46815080568194">
        <ele>34.02</ele>
      </trkpt>
      <trkpt lat="23.62534560263157" lon="120.46818818897009">
        <ele>33.99</ele>
      </trkpt>
      <trkpt lat="23.62559136003256" lon="120.46822557225823">
        <ele>33.99</ele>
      </trkpt>
      <trkpt lat="23.625841224566102" lon="120.46826362609863">
        <ele>33.99</ele>
      </trkpt>
      <trkpt lat="23.626135010272264" lon="120.46830628998578">
        <ele>33.98</ele>
      </trkpt>
      <trkpt lat="23.626428795978427" lon="120.46834903769195">
        <ele>33.97</ele>
      </trkpt>
      <trkpt lat="23.62672258168459" lon="120.46839178539813">
        <ele>33.97</ele>
      </trkpt>
      <trkpt lat="23.627021312713623" lon="120.46843528747559">
        <ele>34.0</ele>
      </trkpt>
      <trkpt lat="23.627257430925965" lon="120.46847820281982">
        <ele>34.02</ele>
      </trkpt>
      <trkpt lat="23.62752447836101" lon="120.46851558610797">
        <ele>34.05</ele>
      </trkpt>
      <trkpt lat="23.627791525796056" lon="120.46855296939611">
        <ele>34.01</ele>
      </trkpt>
      <trkpt lat="23.628058657050133" lon="120.46859035268426">
        <ele>33.94</ele>
      </trkpt>
      <trkpt lat="23.62833023071289" lon="120.46862840652466">
        <ele>33.9</ele>
      </trkpt>
      <trkpt lat="23.62858772277832" lon="120.46864986419678">
        <ele>33.88</ele>
      </trkpt>
      <trkpt lat="23.62881202250719" lon="120.4686605092138">
        <ele>33.88</ele>
      </trkpt>
      <trkpt lat="23.629038333892822" lon="120.4686713218689">
        <ele>33.88</ele>
      </trkpt>
      <trkpt lat="23.629241259768605" lon="120.46864994801581">
        <ele>33.88</ele>
      </trkpt>
      <trkpt lat="23.629446029663086" lon="120.46862840652466">
        <ele>33.88</ele>
      </trkpt>
      <trkpt lat="23.62973981536925" lon="120.46858029440045">
        <ele>33.88</ele>
      </trkpt>
      <trkpt lat="23.63003360107541" lon="120.46853218227625">
        <ele>33.83</ele>
      </trkpt>
      <trkpt lat="23.630327470600605" lon="120.46848415397108">
        <ele>33.7</ele>
      </trkpt>
      <trkpt lat="23.630621256306767" lon="120.46843604184687">
        <ele>33.67</ele>
      </trkpt>
      <trkpt lat="23.63091512583196" lon="120.46838792972267">
        <ele>33.69</ele>
      </trkpt>
      <trkpt lat="23.631208911538124" lon="120.4683399014175">
        <ele>33.78</ele>
      </trkpt>
      <trkpt lat="23.63150278106332" lon="120.46829178929329">
        <ele>33.89</ele>
      </trkpt>
      <trkpt lat="23.63180637359619" lon="120.46824216842651">
        <ele>33.94</ele>
      </trkpt>
      <trkpt lat="23.632009383291006" lon="120.46821006573737">
        <ele>33.99</ele>
      </trkpt>
      <trkpt lat="23.632214153185487" lon="120.46817779541016">
        <ele>34.05</ele>
      </trkpt>
      <trkpt lat="23.632374331355095" lon="120.46815642155707">
        <ele>34.08</ele>
      </trkpt>
      <trkpt lat="23.632535934448242" lon="120.46813488006592">
        <ele>34.13</ele>
      </trkpt>
      <trkpt lat="23.632771968841553" lon="120.46813488006592">
        <ele>34.14</ele>
      </trkpt>
      <trkpt lat="23.6330509185791" lon="120.46815633773804">
        <ele>34.16</ele>
      </trkpt>
      <trkpt lat="23.63321118056774" lon="120.46817762777209">
        <ele>34.21</ele>
      </trkpt>
      <trkpt lat="23.63337286747992" lon="120.46819925308228">
        <ele>34.26</ele>
      </trkpt>
      <trkpt lat="23.63337278366089" lon="120.46819925308228">
        <ele>34.28</ele>
      </trkpt>
      <trkpt lat="23.633614936843514" lon="120.46824904158711">
        <ele>34.29</ele>
      </trkpt>
      <trkpt lat="23.633857173845172" lon="120.46829891391098">
        <ele>34.31</ele>
      </trkpt>
      <trkpt lat="23.63410242833197" lon="120.46834945678711">
        <ele>34.31</ele>
      </trkpt>
      <trkpt lat="23.63440233282745" lon="120.46841349452734">
        <ele>34.32</ele>
      </trkpt>
      <trkpt lat="23.63470232114196" lon="120.4684776160866">
        <ele>34.36</ele>
      </trkpt>
      <trkpt lat="23.635002309456468" lon="120.46854173764586">
        <ele>34.33</ele>
      </trkpt>
      <trkpt lat="23.635302297770977" lon="120.46860585920513">
        <ele>34.26</ele>
      </trkpt>
      <trkpt lat="23.635602286085486" lon="120.46866998076439">
        <ele>34.23</ele>
      </trkpt>
      <trkpt lat="23.635902274399996" lon="120.46873410232365">
        <ele>34.25</ele>
      </trkpt>
      <trkpt lat="23.636202262714505" lon="120.46879814006388">
        <ele>34.24</ele>
      </trkpt>
      <trkpt lat="23.636502251029015" lon="120.46886226162314">
        <ele>34.26</ele>
      </trkpt>
      <trkpt lat="23.636802239343524" lon="120.4689263831824">
        <ele>34.23</ele>
      </trkpt>
      <trkpt lat="23.637102227658033" lon="120.46899050474167">
        <ele>34.2</ele>
      </trkpt>
      <trkpt lat="23.637402215972543" lon="120.46905462630093">
        <ele>34.17</ele>
      </trkpt>
      <trkpt lat="23.637702204287052" lon="120.4691187478602">
        <ele>34.22</ele>
      </trkpt>
      <trkpt lat="23.63800219260156" lon="120.46918286941946">
        <ele>34.27</ele>
      </trkpt>
      <trkpt lat="23.63830218091607" lon="120.46924690715969">
        <ele>34.25</ele>
      </trkpt>
      <trkpt lat="23.63860216923058" lon="120.46931102871895">
        <ele>34.14</ele>
      </trkpt>
      <trkpt lat="23.63890215754509" lon="120.46937515027821">
        <ele>34.0</ele>
      </trkpt>
      <trkpt lat="23.639202062040567" lon="120.46943927183747">
        <ele>33.94</ele>
      </trkpt>
      <trkpt lat="23.639502050355077" lon="120.46950339339674">
        <ele>33.9</ele>
      </trkpt>
      <trkpt lat="23.639802038669586" lon="120.469567514956">
        <ele>33.86</ele>
      </trkpt>
      <trkpt lat="23.640102026984096" lon="120.46963163651526">
        <ele>33.86</ele>
      </trkpt>
      <trkpt lat="23.640402015298605" lon="120.46969575807452">
        <ele>33.87</ele>
      </trkpt>
      <trkpt lat="23.640702003613114" lon="120.46975987963378">
        <ele>33.83</ele>
      </trkpt>
      <trkpt lat="23.641001991927624" lon="120.46982391737401">
        <ele>33.71</ele>
      </trkpt>
      <trkpt lat="23.641301980242133" lon="120.46988803893328">
        <ele>33.58</ele>
      </trkpt>
      <trkpt lat="23.641601968556643" lon="120.46995216049254">
        <ele>33.48</ele>
      </trkpt>
      <trkpt lat="23.641901956871152" lon="120.4700162820518">
        <ele>33.43</ele>
      </trkpt>
      <trkpt lat="23.642234886065125" lon="120.47008752822876">
        <ele>33.39</ele>
      </trkpt>
      <trkpt lat="23.642491288483143" lon="120.4701444413513">
        <ele>33.34</ele>
      </trkpt>
      <trkpt lat="23.642747774720192" lon="120.47020143829286">
        <ele>33.25</ele>
      </trkpt>
      <trkpt lat="23.643007362261415" lon="120.47025918960571">
        <ele>33.18</ele>
      </trkpt>
      <trkpt lat="23.64328513853252" lon="120.47031853348017">
        <ele>33.11</ele>
      </trkpt>
      <trkpt lat="23.643562998622656" lon="120.47037787735462">
        <ele>33.03</ele>
      </trkpt>
      <trkpt lat="23.64384077489376" lon="120.47043722122908">
        <ele>32.95</ele>
      </trkpt>
      <trkpt lat="23.644118634983897" lon="120.47049656510353">
        <ele>32.91</ele>
      </trkpt>
      <trkpt lat="23.644396411255002" lon="120.47055599279702">
        <ele>32.88</ele>
      </trkpt>
      <trkpt lat="23.64467427134514" lon="120.47061533667147">
        <ele>32.84</ele>
      </trkpt>
      <trkpt lat="23.644952047616243" lon="120.47067468054593">
        <ele>32.76</ele>
      </trkpt>
      <trkpt lat="23.64522990770638" lon="120.47073402442038">
        <ele>32.67</ele>
      </trkpt>
      <trkpt lat="23.645517909899354" lon="120.47079563140869">
        <ele>32.59</ele>
      </trkpt>
      <trkpt lat="23.64581437781453" lon="120.47085707075894">
        <ele>32.51</ele>
      </trkpt>
      <trkpt lat="23.64611092954874" lon="120.47091851010919">
        <ele>32.4</ele>
      </trkpt>
      <trkpt lat="23.646407397463918" lon="120.47097994945943">
        <ele>32.28</ele>
      </trkpt>
      <trkpt lat="23.646703949198127" lon="120.47104138880968">
        <ele>32.2</ele>
      </trkpt>
      <trkpt lat="23.647000417113304" lon="120.47110282815993">
        <ele>32.11</ele>
      </trkpt>
      <trkpt lat="23.647296968847513" lon="120.47116426751018">
        <ele>32.03</ele>
      </trkpt>
      <trkpt lat="23.647593520581722" lon="120.47122570686042">
        <ele>31.92</ele>
      </trkpt>
      <trkpt lat="23.64789971150458" lon="120.47128915786743">
        <ele>31.84</ele>
      </trkpt>
      <trkpt lat="23.647899627685547" lon="120.47128915786743">
        <ele>31.76</ele>
      </trkpt>
      <trkpt lat="23.648178661242127" lon="120.47135353088379">
        <ele>31.69</ele>
      </trkpt>
      <trkpt lat="23.648470686748624" lon="120.47141756862402">
        <ele>31.65</ele>
      </trkpt>
      <trkpt lat="23.648762796074152" lon="120.47148169018328">
        <ele>31.58</ele>
      </trkpt>
      <trkpt lat="23.649058425799012" lon="120.47154664993286">
        <ele>31.52</ele>
      </trkpt>
      <trkpt lat="23.649340476840734" lon="120.47160641290247">
        <ele>31.45</ele>
      </trkpt>
      <trkpt lat="23.64962261170149" lon="120.47166625969112">
        <ele>31.33</ele>
      </trkpt>
      <trkpt lat="23.64990466274321" lon="120.47172610647976">
        <ele>31.21</ele>
      </trkpt>
      <trkpt lat="23.650186797603965" lon="120.47178595326841">
        <ele>31.17</ele>
      </trkpt>
      <trkpt lat="23.650474632158875" lon="120.47184705734253">
        <ele>31.14</ele>
      </trkpt>
      <trkpt lat="23.650756683200598" lon="120.47190682031214">
        <ele>31.08</ele>
      </trkpt>
      <trkpt lat="23.65103881806135" lon="120.47196666710079">
        <ele>31.01</ele>
      </trkpt>
      <trkpt lat="23.651320869103074" lon="120.47202651388943">
        <ele>30.95</ele>
      </trkpt>
      <trkpt lat="23.651603003963828" lon="120.47208636067808">
        <ele>30.9</ele>
      </trkpt>
      <trkpt lat="23.65189083851874" lon="120.4721474647522">
        <ele>30.85</ele>
      </trkpt>
      <trkpt lat="23.65216006524861" lon="120.47220295295119">
        <ele>30.84</ele>
      </trkpt>
      <trkpt lat="23.65242937579751" lon="120.47225852496922">
        <ele>30.86</ele>
      </trkpt>
      <trkpt lat="23.65269860252738" lon="120.47231409698725">
        <ele>30.86</ele>
      </trkpt>
      <trkpt lat="23.65296791307628" lon="120.47236966900527">
        <ele>30.83</ele>
      </trkpt>
      <trkpt lat="23.653242671862245" lon="120.47242641448975">
        <ele>30.79</ele>
      </trkpt>
      <trkpt lat="23.653467055410147" lon="120.47247980721295">
        <ele>30.74</ele>
      </trkpt>
      <trkpt lat="23.653693282976747" lon="120.47253370285034">
        <ele>30.69</ele>
      </trkpt>
      <trkpt lat="23.6538855638355" lon="120.47256572172046">
        <ele>30.64</ele>
      </trkpt>
      <trkpt lat="23.65407952107489" lon="120.4725980758667">
        <ele>30.61</ele>
      </trkpt>
      <trkpt lat="23.654357297345996" lon="120.47266211360693">
        <ele>30.6</ele>
      </trkpt>
      <trkpt lat="23.654635157436132" lon="120.47272623516619">
        <ele>30.6</ele>
      </trkpt>
      <trkpt lat="23.654916370287538" lon="120.47279119491577">
        <ele>30.56</ele>
      </trkpt>
      <trkpt lat="23.65521552041173" lon="120.472855232656">
        <ele>30.54</ele>
      </trkpt>
      <trkpt lat="23.655517185106874" lon="120.47291994094849">
        <ele>30.56</ele>
      </trkpt>
      <trkpt lat="23.65562447346747" lon="120.4729413986206">
        <ele>30.57</ele>
      </trkpt>
      <trkpt lat="23.655906105414033" lon="120.47299965284765">
        <ele>30.56</ele>
      </trkpt>
      <trkpt lat="23.65618782117963" lon="120.47305790707469">
        <ele>30.52</ele>
      </trkpt>
      <trkpt lat="23.656469536945224" lon="120.47311624512076">
        <ele>30.5</ele>
      </trkpt>
      <trkpt lat="23.65675125271082" lon="120.4731744993478">
        <ele>30.56</ele>
      </trkpt>
      <trkpt lat="23.657032968476415" lon="120.47323275357485">
        <ele>30.62</ele>
      </trkpt>
      <trkpt lat="23.65731468424201" lon="120.47329109162092">
        <ele>30.65</ele>
      </trkpt>
      <trkpt lat="23.657596316188574" lon="120.47334934584796">
        <ele>30.68</ele>
      </trkpt>
      <trkpt lat="23.65787803195417" lon="120.473407600075">
        <ele>30.78</ele>
      </trkpt>
      <trkpt lat="23.658159747719765" lon="120.47346593812108">
        <ele>30.84</ele>
      </trkpt>
      <trkpt lat="23.65844146348536" lon="120.47352419234812">
        <ele>30.86</ele>
      </trkpt>
      <trkpt lat="23.658735835924745" lon="120.47358512878418">
        <ele>30.89</ele>
      </trkpt>
      <trkpt lat="23.65882166661322" lon="120.4736065864563">
        <ele>30.94</ele>
      </trkpt>
      <trkpt lat="23.659124337136745" lon="120.47367062419653">
        <ele>30.95</ele>
      </trkpt>
      <trkpt lat="23.6594270914793" lon="120.47373474575579">
        <ele>31.01</ele>
      </trkpt>
      <trkpt lat="23.659729845821857" lon="120.47379886731505">
        <ele>31.11</ele>
      </trkpt>
      <trkpt lat="23.660032600164413" lon="120.47386298887432">
        <ele>31.18</ele>
      </trkpt>
      <trkpt lat="23.66033535450697" lon="120.47392711043358">
        <ele>31.23</ele>
      </trkpt>
      <trkpt lat="23.660645568743348" lon="120.47399282455444">
        <ele>31.28</ele>
      </trkpt>
      <trkpt lat="23.66086014546454" lon="120.47403573989868">
        <ele>31.34</ele>
      </trkpt>
      <trkpt lat="23.661102298647165" lon="120.47409265302122">
        <ele>31.45</ele>
      </trkpt>
      <trkpt lat="23.66134445182979" lon="120.47414964996278">
        <ele>31.54</ele>
      </trkpt>
      <trkpt lat="23.66158962249756" lon="120.47420740127563">
        <ele>31.6</ele>
      </trkpt>
      <trkpt lat="23.661890029907227" lon="120.47425031661987">
        <ele>31.67</ele>
      </trkpt>
      <trkpt lat="23.662125058472157" lon="120.47430370934308">
        <ele>31.71</ele>
      </trkpt>
      <trkpt lat="23.662360170856118" lon="120.47435710206628">
        <ele>31.75</ele>
      </trkpt>
      <trkpt lat="23.66259528324008" lon="120.47441057860851">
        <ele>31.8</ele>
      </trkpt>
      <trkpt lat="23.66283416748047" lon="120.47446489334106">
        <ele>31.86</ele>
      </trkpt>
      <trkpt lat="23.66313331760466" lon="120.4745289310813">
        <ele>31.91</ele>
      </trkpt>
      <trkpt lat="23.663432551547885" lon="120.47459305264056">
        <ele>32.0</ele>
      </trkpt>
      <trkpt lat="23.66373178549111" lon="120.47465717419982">
        <ele>32.1</ele>
      </trkpt>
      <trkpt lat="23.664035880938172" lon="120.4747223854065">
        <ele>32.19</ele>
      </trkpt>
      <trkpt lat="23.664302928373218" lon="120.4747757781297">
        <ele>32.27</ele>
      </trkpt>
      <trkpt lat="23.66457232274115" lon="120.47482967376709">
        <ele>32.39</ele>
      </trkpt>
      <trkpt lat="23.664679611101747" lon="120.47485113143921">
        <ele>32.51</ele>
      </trkpt>
      <trkpt lat="23.664951268583536" lon="120.47490913420916">
        <ele>32.62</ele>
      </trkpt>
      <trkpt lat="23.665223009884357" lon="120.4749671369791">
        <ele>32.75</ele>
      </trkpt>
      <trkpt lat="23.66549475118518" lon="120.47502513974905">
        <ele>32.91</ele>
      </trkpt>
      <trkpt lat="23.66576640866697" lon="120.475083142519">
        <ele>33.07</ele>
      </trkpt>
      <trkpt lat="23.66603814996779" lon="120.47514114528894">
        <ele>33.23</ele>
      </trkpt>
      <trkpt lat="23.66630989126861" lon="120.47519914805889">
        <ele>33.34</ele>
      </trkpt>
      <trkpt lat="23.66658934392035" lon="120.47525882720947">
        <ele>33.46</ele>
      </trkpt>
      <trkpt lat="23.66685999557376" lon="120.47531574033201">
        <ele>33.61</ele>
      </trkpt>
      <trkpt lat="23.6671307310462" lon="120.47537273727357">
        <ele>33.78</ele>
      </trkpt>
      <trkpt lat="23.667404735460877" lon="120.47543048858643">
        <ele>33.99</ele>
      </trkpt>
      <trkpt lat="23.667675387114286" lon="120.47548740170896">
        <ele>34.17</ele>
      </trkpt>
      <trkpt lat="23.667946038767695" lon="120.47554439865053">
        <ele>34.35</ele>
      </trkpt>
      <trkpt lat="23.668220043182373" lon="120.47560214996338">
        <ele>34.53</ele>
      </trkpt>
      <trkpt lat="23.668455071747303" lon="120.47563768923283">
        <ele>34.7</ele>
      </trkpt>
      <trkpt lat="23.668690184131265" lon="120.4756733123213">
        <ele>34.91</ele>
      </trkpt>
      <trkpt lat="23.668928230181336" lon="120.47570943832397">
        <ele>35.15</ele>
      </trkpt>
      <trkpt lat="23.668928146362305" lon="120.47570943832397">
        <ele>35.29</ele>
      </trkpt>
      <trkpt lat="23.669141801074147" lon="120.47574145719409">
        <ele>35.43</ele>
      </trkpt>
      <trkpt lat="23.66935738362372" lon="120.47577381134033">
        <ele>35.51</ele>
      </trkpt>
      <trkpt lat="23.669635159894824" lon="120.47580583021045">
        <ele>35.54</ele>
      </trkpt>
      <trkpt lat="23.669915283098817" lon="120.47583818435669">
        <ele>35.65</ele>
      </trkpt>
      <trkpt lat="23.670022571459413" lon="120.47585964202881">
        <ele>35.79</ele>
      </trkpt>
      <trkpt lat="23.67012985982001" lon="120.47585964202881">
        <ele>35.92</ele>
      </trkpt>
      <trkpt lat="23.670407636091113" lon="120.47589518129826">
        <ele>36.06</ele>
      </trkpt>
      <trkpt lat="23.670685412362218" lon="120.47593080438673">
        <ele>36.2</ele>
      </trkpt>
      <trkpt lat="23.670966709032655" lon="120.4759669303894">
        <ele>36.33</ele>
      </trkpt>
      <trkpt lat="23.671272983774543" lon="120.47600959427655">
        <ele>36.47</ele>
      </trkpt>
      <trkpt lat="23.67157925851643" lon="120.47605234198272">
        <ele>36.55</ele>
      </trkpt>
      <trkpt lat="23.671889388933778" lon="120.47609567642212">
        <ele>36.6</ele>
      </trkpt>
      <trkpt lat="23.671889305114746" lon="120.47609567642212">
        <ele>36.69</ele>
      </trkpt>
      <trkpt lat="23.672145707532763" lon="120.47612769529223">
        <ele>36.75</ele>
      </trkpt>
      <trkpt lat="23.672404373064637" lon="120.47616004943848">
        <ele>36.81</ele>
      </trkpt>
      <trkpt lat="23.672714168205857" lon="120.47620271332562">
        <ele>36.85</ele>
      </trkpt>
      <trkpt lat="23.673026645556092" lon="120.47624588012695">
        <ele>36.87</ele>
      </trkpt>
      <trkpt lat="23.67302656173706" lon="120.47624588012695">
        <ele>36.93</ele>
      </trkpt>
      <trkpt lat="23.673282964155078" lon="120.47627789899707">
        <ele>36.99</ele>
      </trkpt>
      <trkpt lat="23.67354162968695" lon="120.47631025314331">
        <ele>37.06</ele>
      </trkpt>
      <trkpt lat="23.673744555562735" lon="120.47632089816034">
        <ele>37.15</ele>
      </trkpt>
      <trkpt lat="23.673949325457215" lon="120.47633171081543">
        <ele>37.22</ele>
      </trkpt>
      <trkpt lat="23.673949241638184" lon="120.47633171081543">
        <ele>37.27</ele>
      </trkpt>
      <trkpt lat="23.674162896350026" lon="120.4763316269964">
        <ele>37.33</ele>
      </trkpt>
      <trkpt lat="23.67437655106187" lon="120.4763316269964">
        <ele>37.37</ele>
      </trkpt>
      <trkpt lat="23.67459305562079" lon="120.47633171081543">
        <ele>37.42</ele>
      </trkpt>
      <trkpt lat="23.674881476908922" lon="120.47632098197937">
        <ele>37.48</ele>
      </trkpt>
      <trkpt lat="23.675172412768006" lon="120.47631025314331">
        <ele>37.51</ele>
      </trkpt>
      <trkpt lat="23.675418086349964" lon="120.47629952430725">
        <ele>37.52</ele>
      </trkpt>
      <trkpt lat="23.675663759931922" lon="120.47628887929022">
        <ele>37.49</ele>
      </trkpt>
      <trkpt lat="23.67590943351388" lon="120.47627815045416">
        <ele>37.43</ele>
      </trkpt>
      <trkpt lat="23.676159381866455" lon="120.47626733779907">
        <ele>37.43</ele>
      </trkpt>
      <trkpt lat="23.676373036578298" lon="120.47626021318138">
        <ele>37.43</ele>
      </trkpt>
      <trkpt lat="23.67658669129014" lon="120.47625308856368">
        <ele>37.45</ele>
      </trkpt>
      <trkpt lat="23.67680311203003" lon="120.47624588012695">
        <ele>37.45</ele>
      </trkpt>
      <trkpt lat="23.676963290199637" lon="120.47624588012695">
        <ele>37.45</ele>
      </trkpt>
      <trkpt lat="23.677124977111816" lon="120.47624588012695">
        <ele>37.45</ele>
      </trkpt>
      <trkpt lat="23.677210807800293" lon="120.47626733779907">
        <ele>37.42</ele>
      </trkpt>
      <trkpt lat="23.677403926849365" lon="120.47635316848755">
        <ele>37.39</ele>
      </trkpt>
      <trkpt lat="23.677489757537842" lon="120.4764175415039">
        <ele>37.35</ele>
      </trkpt>
      <trkpt lat="23.677639961242676" lon="120.47654628753662">
        <ele>37.3</ele>
      </trkpt>
      <trkpt lat="23.67779016494751" lon="120.4767394065857">
        <ele>37.23</ele>
      </trkpt>
      <trkpt lat="23.6778546217829" lon="120.47686815261841">
        <ele>37.17</ele>
      </trkpt>
      <trkpt lat="23.677897453308105" lon="120.47706127166748">
        <ele>37.11</ele>
      </trkpt>
      <trkpt lat="23.67794757708907" lon="120.47731901519">
        <ele>37.03</ele>
      </trkpt>
      <trkpt lat="23.677997700870037" lon="120.47757675871253">
        <ele>36.97</ele>
      </trkpt>
      <trkpt lat="23.67804774083197" lon="120.47783374786377">
        <ele>36.91</ele>
      </trkpt>
      <trkpt lat="23.678099289536476" lon="120.4781086742878">
        <ele>36.88</ele>
      </trkpt>
      <trkpt lat="23.67815083824098" lon="120.47838368453085">
        <ele>36.81</ele>
      </trkpt>
      <trkpt lat="23.678202386945486" lon="120.47865861095488">
        <ele>36.74</ele>
      </trkpt>
      <trkpt lat="23.67825393564999" lon="120.47893362119794">
        <ele>36.68</ele>
      </trkpt>
      <trkpt lat="23.6783052328974" lon="120.4792070388794">
        <ele>36.61</ele>
      </trkpt>
      <trkpt lat="23.67830514907837" lon="120.4792070388794">
        <ele>36.54</ele>
      </trkpt>
      <trkpt lat="23.678358793258667" lon="120.4794969689101">
        <ele>36.44</ele>
      </trkpt>
      <trkpt lat="23.678412437438965" lon="120.47978639602661">
        <ele>36.35</ele>
      </trkpt>
      <trkpt lat="23.678476810455322" lon="120.48002243041992">
        <ele>36.24</ele>
      </trkpt>
      <trkpt lat="23.67851972579956" lon="120.48015117645264">
        <ele>36.15</ele>
      </trkpt>
      <trkpt lat="23.678627014160156" lon="120.48034429550171">
        <ele>36.05</ele>
      </trkpt>
      <trkpt lat="23.678691387176514" lon="120.4804515838623">
        <ele>35.97</ele>
      </trkpt>
      <trkpt lat="23.678777301684022" lon="120.48053741455078">
        <ele>35.88</ele>
      </trkpt>
      <trkpt lat="23.67877721786499" lon="120.48053741455078">
        <ele>35.8</ele>
      </trkpt>
      <trkpt lat="23.678970336914062" lon="120.4806661605835">
        <ele>35.71</ele>
      </trkpt>
      <trkpt lat="23.679163455963135" lon="120.48073053359985">
        <ele>35.6</ele>
      </trkpt>
      <trkpt lat="23.679419858381152" lon="120.48078032210469">
        <ele>35.5</ele>
      </trkpt>
      <trkpt lat="23.6796763446182" lon="120.48083019442856">
        <ele>35.42</ele>
      </trkpt>
      <trkpt lat="23.679936015978456" lon="120.48088073730469">
        <ele>35.39</ele>
      </trkpt>
      <trkpt lat="23.679935932159424" lon="120.48088073730469">
        <ele>35.33</ele>
      </trkpt>
      <trkpt lat="23.680245811119676" lon="120.48093413002789">
        <ele>35.29</ele>
      </trkpt>
      <trkpt lat="23.68055828846991" lon="120.48098802566528">
        <ele>35.26</ele>
      </trkpt>
      <trkpt lat="23.680846709758043" lon="120.48104141838849">
        <ele>35.2</ele>
      </trkpt>
      <trkpt lat="23.681137645617127" lon="120.48109531402588">
        <ele>35.14</ele>
      </trkpt>
      <trkpt lat="23.68136202916503" lon="120.48113797791302">
        <ele>35.16</ele>
      </trkpt>
      <trkpt lat="23.68158825673163" lon="120.48118114471436">
        <ele>35.17</ele>
      </trkpt>
      <trkpt lat="23.68187315762043" lon="120.4812309332192">
        <ele>35.1</ele>
      </trkpt>
      <trkpt lat="23.68215805850923" lon="120.48128080554307">
        <ele>34.92</ele>
      </trkpt>
      <trkpt lat="23.682446563616395" lon="120.48133134841919">
        <ele>34.77</ele>
      </trkpt>
      <trkpt lat="23.682734984904528" lon="120.48138474114239">
        <ele>34.72</ele>
      </trkpt>
      <trkpt lat="23.683025920763612" lon="120.48143863677979">
        <ele>34.68</ele>
      </trkpt>
      <trkpt lat="23.683326244354248" lon="120.4814600944519">
        <ele>34.63</ele>
      </trkpt>
      <trkpt lat="23.683454990386963" lon="120.48143863677979">
        <ele>34.58</ele>
      </trkpt>
      <trkpt lat="23.68363662622869" lon="120.48140653409064">
        <ele>34.51</ele>
      </trkpt>
      <trkpt lat="23.68381985463202" lon="120.48137426376343">
        <ele>34.42</ele>
      </trkpt>
      <trkpt lat="23.684026384726167" lon="120.48131726682186">
        <ele>34.33</ele>
      </trkpt>
      <trkpt lat="23.684232998639345" lon="120.4812602698803">
        <ele>34.25</ele>
      </trkpt>
      <trkpt lat="23.684442043304443" lon="120.48120260238647">
        <ele>34.15</ele>
      </trkpt>
      <trkpt lat="23.684677155688405" lon="120.4811170231551">
        <ele>34.07</ele>
      </trkpt>
      <trkpt lat="23.6849123518914" lon="120.48103152774274">
        <ele>34.05</ele>
      </trkpt>
      <trkpt lat="23.68514746427536" lon="120.4809460323304">
        <ele>34.0</ele>
      </trkpt>
      <trkpt lat="23.685386180877686" lon="120.48085927963257">
        <ele>33.93</ele>
      </trkpt>
      <trkpt lat="23.68559991940856" lon="120.48078442923725">
        <ele>33.86</ele>
      </trkpt>
      <trkpt lat="23.6858154181391" lon="120.48070907592773">
        <ele>33.83</ele>
      </trkpt>
      <trkpt lat="23.685901248827577" lon="120.48068761825562">
        <ele>33.76</ele>
      </trkpt>
      <trkpt lat="23.68613636121154" lon="120.48060203902423">
        <ele>33.69</ele>
      </trkpt>
      <trkpt lat="23.686373233795166" lon="120.48051595687866">
        <ele>33.58</ele>
      </trkpt>
      <trkpt lat="23.686609268188477" lon="120.48047304153442">
        <ele>33.45</ele>
      </trkpt>
      <trkpt lat="23.686866844072938" lon="120.4804515838623">
        <ele>33.33</ele>
      </trkpt>
      <trkpt lat="23.687167251482606" lon="120.48043012619019">
        <ele>33.23</ele>
      </trkpt>
      <trkpt lat="23.687412925064564" lon="120.48041939735413">
        <ele>33.13</ele>
      </trkpt>
      <trkpt lat="23.687660777941346" lon="120.48040866851807">
        <ele>33.06</ele>
      </trkpt>
      <trkpt lat="23.687917180359364" lon="120.48038729466498">
        <ele>32.99</ele>
      </trkpt>
      <trkpt lat="23.68817358277738" lon="120.48036592081189">
        <ele>32.94</ele>
      </trkpt>
      <trkpt lat="23.688433254137635" lon="120.48034429550171">
        <ele>32.88</ele>
      </trkpt>
      <trkpt lat="23.688718071207404" lon="120.48032292164862">
        <ele>32.8</ele>
      </trkpt>
      <trkpt lat="23.689002972096205" lon="120.48030154779553">
        <ele>32.64</ele>
      </trkpt>
      <trkpt lat="23.6892915610224" lon="120.48027992248535">
        <ele>32.51</ele>
      </trkpt>
      <trkpt lat="23.689586352556944" lon="120.48025854863226">
        <ele>32.45</ele>
      </trkpt>
      <trkpt lat="23.68988122791052" lon="120.48023717477918">
        <ele>32.37</ele>
      </trkpt>
      <trkpt lat="23.690176103264093" lon="120.48021580092609">
        <ele>32.25</ele>
      </trkpt>
      <trkpt lat="23.690470978617668" lon="120.480194427073">
        <ele>32.15</ele>
      </trkpt>
      <trkpt lat="23.69077214039862" lon="120.48017263412476">
        <ele>32.03</ele>
      </trkpt>
      <trkpt lat="23.69077205657959" lon="120.48017263412476">
        <ele>31.94</ele>
      </trkpt>
      <trkpt lat="23.691049832850695" lon="120.48015126027167">
        <ele>31.84</ele>
      </trkpt>
      <trkpt lat="23.69133003987372" lon="120.48012971878052">
        <ele>31.71</ele>
      </trkpt>
      <trkpt lat="23.691614856943488" lon="120.48010834492743">
        <ele>31.63</ele>
      </trkpt>
      <trkpt lat="23.69189975783229" lon="120.48008697107434">
        <ele>31.57</ele>
      </trkpt>
      <trkpt lat="23.692188346758485" lon="120.48006534576416">
        <ele>31.49</ele>
      </trkpt>
      <trkpt lat="23.692474588751793" lon="120.48004397191107">
        <ele>31.39</ele>
      </trkpt>
      <trkpt lat="23.692760914564133" lon="120.48002259805799">
        <ele>31.29</ele>
      </trkpt>
      <trkpt lat="23.693047240376472" lon="120.4800012242049">
        <ele>31.19</ele>
      </trkpt>
      <trkpt lat="23.69333348236978" lon="120.47997985035181">
        <ele>31.14</ele>
      </trkpt>
      <trkpt lat="23.693625926971436" lon="120.47995805740356">
        <ele>31.04</ele>
      </trkpt>
      <trkpt lat="23.69385383091867" lon="120.47994380816817">
        <ele>30.88</ele>
      </trkpt>
      <trkpt lat="23.694081734865904" lon="120.47992955893278">
        <ele>30.75</ele>
      </trkpt>
      <trkpt lat="23.69431265629828" lon="120.47991514205933">
        <ele>30.6</ele>
      </trkpt>
      <trkpt lat="23.694504853338003" lon="120.47991514205933">
        <ele>30.47</ele>
      </trkpt>
      <trkpt lat="23.694698810577393" lon="120.47991514205933">
        <ele>30.37</ele>
      </trkpt>
      <trkpt lat="23.694891929626465" lon="120.47995805740356">
        <ele>30.27</ele>
      </trkpt>
      <trkpt lat="23.695170879364014" lon="120.48006534576416">
        <ele>30.19</ele>
      </trkpt>
      <trkpt lat="23.695428371429443" lon="120.48023700714111">
        <ele>30.1</ele>
      </trkpt>
      <trkpt lat="23.695621490478516" lon="120.48038721084595">
        <ele>29.99</ele>
      </trkpt>
      <trkpt lat="23.695846209302545" lon="120.48056113533676">
        <ele>29.91</ele>
      </trkpt>
      <trkpt lat="23.696071011945605" lon="120.48073505982757">
        <ele>29.81</ele>
      </trkpt>
      <trkpt lat="23.696295814588666" lon="120.48090898431838">
        <ele>29.71</ele>
      </trkpt>
      <trkpt lat="23.696520617231727" lon="120.48108290880919">
        <ele>29.61</ele>
      </trkpt>
      <trkpt lat="23.696745336055756" lon="120.4812568333">
        <ele>29.5</ele>
      </trkpt>
      <trkpt lat="23.696970138698816" lon="120.4814307577908">
        <ele>29.41</ele>
      </trkpt>
      <trkpt lat="23.697194941341877" lon="120.48160468228161">
        <ele>29.34</ele>
      </trkpt>
      <trkpt lat="23.697424018755555" lon="120.48178195953369">
        <ele>29.24</ele>
      </trkpt>
      <trkpt lat="23.697670195251703" lon="120.48197457566857">
        <ele>29.09</ele>
      </trkpt>
      <trkpt lat="23.697917545214295" lon="120.48216819763184">
        <ele>28.97</ele>
      </trkpt>
      <trkpt lat="23.698166571557522" lon="120.48236081376672">
        <ele>28.88</ele>
      </trkpt>
      <trkpt lat="23.69841568171978" lon="120.48255351372063">
        <ele>28.82</ele>
      </trkpt>
      <trkpt lat="23.698664791882038" lon="120.48274612985551">
        <ele>28.69</ele>
      </trkpt>
      <trkpt lat="23.698913902044296" lon="120.48293882980943">
        <ele>28.57</ele>
      </trkpt>
      <trkpt lat="23.699162928387523" lon="120.48313144594431">
        <ele>28.53</ele>
      </trkpt>
      <trkpt lat="23.69941203854978" lon="120.48332414589822">
        <ele>28.51</ele>
      </trkpt>
      <trkpt lat="23.69966114871204" lon="120.4835167620331">
        <ele>28.49</ele>
      </trkpt>
      <trkpt lat="23.699910258874297" lon="120.48370946198702">
        <ele>28.46</ele>
      </trkpt>
      <trkpt lat="23.700159369036555" lon="120.4839020781219">
        <ele>28.4</ele>
      </trkpt>
      <trkpt lat="23.70040839537978" lon="120.48409477807581">
        <ele>28.28</ele>
      </trkpt>
      <trkpt lat="23.700664043426514" lon="120.48429250717163">
        <ele>28.23</ele>
      </trkpt>
      <trkpt lat="23.700878703966737" lon="120.48442125320435">
        <ele>28.24</ele>
      </trkpt>
      <trkpt lat="23.700878620147705" lon="120.48442125320435">
        <ele>28.21</ele>
      </trkpt>
      <trkpt lat="23.701050281524658" lon="120.4844856262207">
        <ele>28.19</ele>
      </trkpt>
      <trkpt lat="23.70128631591797" lon="120.48454999923706">
        <ele>28.18</ele>
      </trkpt>
      <trkpt lat="23.70152235031128" lon="120.48457145690918">
        <ele>28.18</ele>
      </trkpt>
      <trkpt lat="23.70173692703247" lon="120.48454999923706">
        <ele>28.16</ele>
      </trkpt>
      <trkpt lat="23.70203599333763" lon="120.48451789654791">
        <ele>28.17</ele>
      </trkpt>
      <trkpt lat="23.702337741851807" lon="120.4844856262207">
        <ele>28.23</ele>
      </trkpt>
      <trkpt lat="23.70261551812291" lon="120.48445888794959">
        <ele>28.25</ele>
      </trkpt>
      <trkpt lat="23.702893294394016" lon="120.48443214967847">
        <ele>28.27</ele>
      </trkpt>
      <trkpt lat="23.70317107066512" lon="120.48440549522638">
        <ele>28.26</ele>
      </trkpt>
      <trkpt lat="23.703448846936226" lon="120.48437875695527">
        <ele>28.27</ele>
      </trkpt>
      <trkpt lat="23.70372662320733" lon="120.48435201868415">
        <ele>28.3</ele>
      </trkpt>
      <trkpt lat="23.704004399478436" lon="120.48432536423206">
        <ele>28.32</ele>
      </trkpt>
      <trkpt lat="23.70428217574954" lon="120.48429862596095">
        <ele>28.21</ele>
      </trkpt>
      <trkpt lat="23.70456942357123" lon="120.48427104949951">
        <ele>28.13</ele>
      </trkpt>
      <trkpt lat="23.704698169603944" lon="120.48424959182739">
        <ele>28.13</ele>
      </trkpt>
      <trkpt lat="23.704901095479727" lon="120.4842282179743">
        <ele>28.15</ele>
      </trkpt>
      <trkpt lat="23.705105865374207" lon="120.48420667648315">
        <ele>28.16</ele>
      </trkpt>
      <trkpt lat="23.70530879124999" lon="120.48418530263007">
        <ele>28.2</ele>
      </trkpt>
      <trkpt lat="23.70551356114447" lon="120.48416376113892">
        <ele>28.18</ele>
      </trkpt>
      <trkpt lat="23.705620849505067" lon="120.4841423034668">
        <ele>28.15</ele>
      </trkpt>
      <trkpt lat="23.70572805404663" lon="120.4841423034668">
        <ele>28.12</ele>
      </trkpt>
      <trkpt lat="23.70596308261156" lon="120.48411020077765">
        <ele>28.11</ele>
      </trkpt>
      <trkpt lat="23.706200206652284" lon="120.48407793045044">
        <ele>28.12</ele>
      </trkpt>
      <trkpt lat="23.70642090216279" lon="120.48405655659735">
        <ele>28.08</ele>
      </trkpt>
      <trkpt lat="23.70664168149233" lon="120.48403518274426">
        <ele>28.03</ele>
      </trkpt>
      <trkpt lat="23.706865310668945" lon="120.48401355743408">
        <ele>28.0</ele>
      </trkpt>
      <trkpt lat="23.707147361710668" lon="120.48398363403976">
        <ele>28.0</ele>
      </trkpt>
      <trkpt lat="23.70742941275239" lon="120.48395371064544">
        <ele>27.97</ele>
      </trkpt>
      <trkpt lat="23.707711463794112" lon="120.48392378725111">
        <ele>27.95</ele>
      </trkpt>
      <trkpt lat="23.707993514835835" lon="120.48389386385679">
        <ele>27.93</ele>
      </trkpt>
      <trkpt lat="23.708275565877557" lon="120.48386394046247">
        <ele>27.96</ele>
      </trkpt>
      <trkpt lat="23.70855761691928" lon="120.48383401706815">
        <ele>28.01</ele>
      </trkpt>
      <trkpt lat="23.708839667961" lon="120.48380409367383">
        <ele>28.09</ele>
      </trkpt>
      <trkpt lat="23.709121719002724" lon="120.4837741702795">
        <ele>28.17</ele>
      </trkpt>
      <trkpt lat="23.709403770044446" lon="120.48374424688518">
        <ele>28.16</ele>
      </trkpt>
      <trkpt lat="23.709697723388672" lon="120.48371315002441">
        <ele>28.21</ele>
      </trkpt>
      <trkpt lat="23.709890842437744" lon="120.4836916923523">
        <ele>28.21</ele>
      </trkpt>
      <trkpt lat="23.710104497149587" lon="120.48370233736932">
        <ele>28.24</ele>
      </trkpt>
      <trkpt lat="23.710319995880127" lon="120.48371315002441">
        <ele>28.27</ele>
      </trkpt>
      <trkpt lat="23.710512276738882" lon="120.48373444005847">
        <ele>28.33</ele>
      </trkpt>
      <trkpt lat="23.71070623397827" lon="120.48375606536865">
        <ele>28.39</ele>
      </trkpt>
      <trkpt lat="23.71096272021532" lon="120.4838243778795">
        <ele>28.44</ele>
      </trkpt>
      <trkpt lat="23.71121920645237" lon="120.48389277420938">
        <ele>28.47</ele>
      </trkpt>
      <trkpt lat="23.71147569268942" lon="120.48396117053926">
        <ele>28.47</ele>
      </trkpt>
      <trkpt lat="23.711732178926468" lon="120.48402956686914">
        <ele>28.43</ele>
      </trkpt>
      <trkpt lat="23.71199377812445" lon="120.48409938812256">
        <ele>28.47</ele>
      </trkpt>
      <trkpt lat="23.712276918813586" lon="120.48417415469885">
        <ele>28.51</ele>
      </trkpt>
      <trkpt lat="23.712560143321753" lon="120.48424892127514">
        <ele>28.59</ele>
      </trkpt>
      <trkpt lat="23.712843284010887" lon="120.48432377167046">
        <ele>28.72</ele>
      </trkpt>
      <trkpt lat="23.713131034746766" lon="120.48439979553223">
        <ele>28.84</ele>
      </trkpt>
      <trkpt lat="23.71341953985393" lon="120.48446919769049">
        <ele>28.98</ele>
      </trkpt>
      <trkpt lat="23.713708044961095" lon="120.48453868366778">
        <ele>29.09</ele>
      </trkpt>
      <trkpt lat="23.71399655006826" lon="120.48460816964507">
        <ele>29.14</ele>
      </trkpt>
      <trkpt lat="23.7142897490412" lon="120.48467874526978">
        <ele>29.2</ele>
      </trkpt>
      <trkpt lat="23.714567525312304" lon="120.48475351184607">
        <ele>29.3</ele>
      </trkpt>
      <trkpt lat="23.71484538540244" lon="120.48482827842236">
        <ele>29.41</ele>
      </trkpt>
      <trkpt lat="23.715123245492578" lon="120.48490312881768">
        <ele>29.56</ele>
      </trkpt>
      <trkpt lat="23.715405547991395" lon="120.48497915267944">
        <ele>29.7</ele>
      </trkpt>
      <trkpt lat="23.71569405309856" lon="120.48505391925573">
        <ele>29.85</ele>
      </trkpt>
      <trkpt lat="23.715984905138612" lon="120.48512935638428">
        <ele>30.06</ele>
      </trkpt>
      <trkpt lat="23.71624130755663" lon="120.48519339412451">
        <ele>30.21</ele>
      </trkpt>
      <trkpt lat="23.71649779379368" lon="120.48525751568377">
        <ele>30.3</ele>
      </trkpt>
      <trkpt lat="23.7167573813349" lon="120.48532247543335">
        <ele>30.36</ele>
      </trkpt>
      <trkpt lat="23.717035157606006" lon="120.48539724200964">
        <ele>30.42</ele>
      </trkpt>
      <trkpt lat="23.71731528081" lon="120.48547267913818">
        <ele>30.52</ele>
      </trkpt>
      <trkpt lat="23.717593057081103" lon="120.48554317094386">
        <ele>30.66</ele>
      </trkpt>
      <trkpt lat="23.71787091717124" lon="120.48561366274953">
        <ele>30.87</ele>
      </trkpt>
      <trkpt lat="23.718148777261376" lon="120.48568423837423">
        <ele>31.0</ele>
      </trkpt>
      <trkpt lat="23.718426637351513" lon="120.4857547301799">
        <ele>31.1</ele>
      </trkpt>
      <trkpt lat="23.71870449744165" lon="120.48582530580461">
        <ele>31.21</ele>
      </trkpt>
      <trkpt lat="23.718982357531786" lon="120.48589579761028">
        <ele>31.4</ele>
      </trkpt>
      <trkpt lat="23.71926013380289" lon="120.48596637323499">
        <ele>31.56</ele>
      </trkpt>
      <trkpt lat="23.719537993893027" lon="120.48603686504066">
        <ele>31.71</ele>
      </trkpt>
      <trkpt lat="23.719815853983164" lon="120.48610744066536">
        <ele>31.81</ele>
      </trkpt>
      <trkpt lat="23.720104778185487" lon="120.48618078231812">
        <ele>31.91</ele>
      </trkpt>
      <trkpt lat="23.720361180603504" lon="120.48623953945935">
        <ele>32.01</ele>
      </trkpt>
      <trkpt lat="23.720617666840553" lon="120.48629829660058">
        <ele>32.15</ele>
      </trkpt>
      <trkpt lat="23.720874153077602" lon="120.48635705374181">
        <ele>32.29</ele>
      </trkpt>
      <trkpt lat="23.721134746447206" lon="120.48641681671143">
        <ele>32.43</ele>
      </trkpt>
      <trkpt lat="23.72137689962983" lon="120.48647372983396">
        <ele>32.59</ele>
      </trkpt>
      <trkpt lat="23.721619052812457" lon="120.48653072677553">
        <ele>32.75</ele>
      </trkpt>
      <trkpt lat="23.721864223480225" lon="120.48658847808838">
        <ele>32.91</ele>
      </trkpt>
      <trkpt lat="23.722120709717274" lon="120.48666324466467">
        <ele>33.07</ele>
      </trkpt>
      <trkpt lat="23.722379207611084" lon="120.48673868179321">
        <ele>33.19</ele>
      </trkpt>
      <trkpt lat="23.72252949513495" lon="120.48680305480957">
        <ele>33.3</ele>
      </trkpt>
      <trkpt lat="23.72274407185614" lon="120.48686742782593">
        <ele>33.45</ele>
      </trkpt>
      <trkpt lat="23.723000641912222" lon="120.48697429709136">
        <ele>33.61</ele>
      </trkpt>
      <trkpt lat="23.723257211968303" lon="120.4870811663568">
        <ele>33.76</ele>
      </trkpt>
      <trkpt lat="23.72351654805243" lon="120.48718929290771">
        <ele>33.87</ele>
      </trkpt>
      <trkpt lat="23.72377303428948" lon="120.48728543333709">
        <ele>33.98</ele>
      </trkpt>
      <trkpt lat="23.72403153218329" lon="120.48738241195679">
        <ele>34.11</ele>
      </trkpt>
      <trkpt lat="23.724234541878104" lon="120.48745717853308">
        <ele>34.23</ele>
      </trkpt>
      <trkpt lat="23.72443914413452" lon="120.48753261566162">
        <ele>34.3</ele>
      </trkpt>
      <trkpt lat="23.724695714190602" lon="120.48763236030936">
        <ele>34.35</ele>
      </trkpt>
      <trkpt lat="23.724952284246683" lon="120.4877321049571">
        <ele>34.39</ele>
      </trkpt>
      <trkpt lat="23.725208854302764" lon="120.48783193342388">
        <ele>34.44</ele>
      </trkpt>
      <trkpt lat="23.725465424358845" lon="120.48793167807162">
        <ele>34.53</ele>
      </trkpt>
      <trkpt lat="23.725721994414926" lon="120.48803142271936">
        <ele>34.6</ele>
      </trkpt>
      <trkpt lat="23.72598418034613" lon="120.48813343048096">
        <ele>34.67</ele>
      </trkpt>
      <trkpt lat="23.72626313008368" lon="120.48821926116943">
        <ele>34.79</ele>
      </trkpt>
      <trkpt lat="23.726546354591846" lon="120.4883314948529">
        <ele>34.87</ele>
      </trkpt>
      <trkpt lat="23.726829662919044" lon="120.48844372853637">
        <ele>34.92</ele>
      </trkpt>
      <trkpt lat="23.727112971246243" lon="120.48855596221983">
        <ele>34.93</ele>
      </trkpt>
      <trkpt lat="23.727400386705995" lon="120.48866987228394">
        <ele>34.92</ele>
      </trkpt>
      <trkpt lat="23.727649748325348" lon="120.48876249231398">
        <ele>34.95</ele>
      </trkpt>
      <trkpt lat="23.727899193763733" lon="120.48885511234403">
        <ele>35.0</ele>
      </trkpt>
      <trkpt lat="23.728151405230165" lon="120.48894882202148">
        <ele>35.01</ele>
      </trkpt>
      <trkpt lat="23.728151321411133" lon="120.48894882202148">
        <ele>35.0</ele>
      </trkpt>
      <trkpt lat="23.72843161225319" lon="120.48905569128692">
        <ele>35.0</ele>
      </trkpt>
      <trkpt lat="23.728711903095245" lon="120.48916256055236">
        <ele>34.98</ele>
      </trkpt>
      <trkpt lat="23.728992277756333" lon="120.4892694298178">
        <ele>34.89</ele>
      </trkpt>
      <trkpt lat="23.72927256859839" lon="120.48937638290226">
        <ele>34.79</ele>
      </trkpt>
      <trkpt lat="23.729552859440446" lon="120.4894832521677">
        <ele>34.75</ele>
      </trkpt>
      <trkpt lat="23.729833234101534" lon="120.48959020525217">
        <ele>34.71</ele>
      </trkpt>
      <trkpt lat="23.73011352494359" lon="120.48969707451761">
        <ele>34.67</ele>
      </trkpt>
      <trkpt lat="23.730393815785646" lon="120.48980394378304">
        <ele>34.63</ele>
      </trkpt>
      <trkpt lat="23.730683410540223" lon="120.48991441726685">
        <ele>34.55</ele>
      </trkpt>
      <trkpt lat="23.730897149071097" lon="120.4899999126792">
        <ele>34.43</ele>
      </trkpt>
      <trkpt lat="23.731110971421003" lon="120.49008540809155">
        <ele>34.38</ele>
      </trkpt>
      <trkpt lat="23.731327140703797" lon="120.49017190933228">
        <ele>34.35</ele>
      </trkpt>
      <trkpt lat="23.731327056884766" lon="120.49017190933228">
        <ele>34.29</ele>
      </trkpt>
      <trkpt lat="23.73154079541564" lon="120.49025028012693">
        <ele>34.25</ele>
      </trkpt>
      <trkpt lat="23.731754617765546" lon="120.49032865092158">
        <ele>34.17</ele>
      </trkpt>
      <trkpt lat="23.73197078704834" lon="120.49040794372559">
        <ele>34.09</ele>
      </trkpt>
      <trkpt lat="23.732056617736816" lon="120.49045085906982">
        <ele>34.03</ele>
      </trkpt>
      <trkpt lat="23.732348810881376" lon="120.49056485295296">
        <ele>33.97</ele>
      </trkpt>
      <trkpt lat="23.732641004025936" lon="120.49067884683609">
        <ele>33.95</ele>
      </trkpt>
      <trkpt lat="23.732936466112733" lon="120.49079418182373">
        <ele>33.95</ele>
      </trkpt>
      <trkpt lat="23.7329363822937" lon="120.49079418182373">
        <ele>33.9</ele>
      </trkpt>
      <trkpt lat="23.733150120824575" lon="120.49087255261838">
        <ele>33.89</ele>
      </trkpt>
      <trkpt lat="23.73336394317448" lon="120.49095092341304">
        <ele>33.85</ele>
      </trkpt>
      <trkpt lat="23.733580196276307" lon="120.49103021621704">
        <ele>33.78</ele>
      </trkpt>
      <trkpt lat="23.733580112457275" lon="120.49103021621704">
        <ele>33.74</ele>
      </trkpt>
      <trkpt lat="23.733816230669618" lon="120.49113750457764">
        <ele>33.68</ele>
      </trkpt>
      <trkpt lat="23.733816146850586" lon="120.49113750457764">
        <ele>33.65</ele>
      </trkpt>
      <trkpt lat="23.73408797197044" lon="120.4912412725389">
        <ele>33.6</ele>
      </trkpt>
      <trkpt lat="23.734359797090292" lon="120.4913451243192">
        <ele>33.57</ele>
      </trkpt>
      <trkpt lat="23.734631622210145" lon="120.49144897609949">
        <ele>33.55</ele>
      </trkpt>
      <trkpt lat="23.734903447329998" lon="120.49155282787979">
        <ele>33.52</ele>
      </trkpt>
      <trkpt lat="23.73517527244985" lon="120.49165667966008">
        <ele>33.49</ele>
      </trkpt>
      <trkpt lat="23.735447181388736" lon="120.49176053144038">
        <ele>33.51</ele>
      </trkpt>
      <trkpt lat="23.73572596348822" lon="120.49186706542969">
        <ele>33.54</ele>
      </trkpt>
      <trkpt lat="23.73572587966919" lon="120.49186706542969">
        <ele>33.54</ele>
      </trkpt>
      <trkpt lat="23.73598236590624" lon="120.49196320585907">
        <ele>33.54</ele>
      </trkpt>
      <trkpt lat="23.73623893596232" lon="120.49205943010747">
        <ele>33.53</ele>
      </trkpt>
      <trkpt lat="23.7364955060184" lon="120.49215565435588">
        <ele>33.52</ele>
      </trkpt>
      <trkpt lat="23.73675207607448" lon="120.49225187860429">
        <ele>33.48</ele>
      </trkpt>
      <trkpt lat="23.73700856231153" lon="120.49234801903367">
        <ele>33.51</ele>
      </trkpt>
      <trkpt lat="23.737270832061768" lon="120.4924464225769">
        <ele>33.6</ele>
      </trkpt>
      <trkpt lat="23.737538130953908" lon="120.49255329184234">
        <ele>33.64</ele>
      </trkpt>
      <trkpt lat="23.737807357683778" lon="120.4926609992981">
        <ele>33.69</ele>
      </trkpt>
      <trkpt lat="23.73809234239161" lon="120.49276786856353">
        <ele>33.72</ele>
      </trkpt>
      <trkpt lat="23.738377410918474" lon="120.49287473782897">
        <ele>33.72</ele>
      </trkpt>
      <trkpt lat="23.738665664568543" lon="120.49298286437988">
        <ele>33.74</ele>
      </trkpt>
      <trkpt lat="23.738815281540155" lon="120.49303625710309">
        <ele>33.77</ele>
      </trkpt>
      <trkpt lat="23.73896607197821" lon="120.49309015274048">
        <ele>33.81</ele>
      </trkpt>
      <trkpt lat="23.739225240424275" lon="120.49319165758789">
        <ele>33.86</ele>
      </trkpt>
      <trkpt lat="23.73948449268937" lon="120.49329324625432">
        <ele>33.93</ele>
      </trkpt>
      <trkpt lat="23.739743744954467" lon="120.49339475110173">
        <ele>33.98</ele>
      </trkpt>
      <trkpt lat="23.740002997219563" lon="120.49349633976817">
        <ele>34.0</ele>
      </trkpt>
      <trkpt lat="23.74026224948466" lon="120.49359792843461">
        <ele>34.06</ele>
      </trkpt>
      <trkpt lat="23.740521417930722" lon="120.49369943328202">
        <ele>34.12</ele>
      </trkpt>
      <trkpt lat="23.740780670195818" lon="120.49380102194846">
        <ele>34.14</ele>
      </trkpt>
      <trkpt lat="23.741047466173768" lon="120.493905544281">
        <ele>34.14</ele>
      </trkpt>
      <trkpt lat="23.741268329322338" lon="120.49399103969336">
        <ele>34.15</ele>
      </trkpt>
      <trkpt lat="23.74148927628994" lon="120.4940765351057">
        <ele>34.16</ele>
      </trkpt>
      <trkpt lat="23.74171265400946" lon="120.49416303634644">
        <ele>34.17</ele>
      </trkpt>
      <trkpt lat="23.742001159116626" lon="120.49426990561187">
        <ele>34.15</ele>
      </trkpt>
      <trkpt lat="23.742291927337646" lon="120.49437761306763">
        <ele>34.18</ele>
      </trkpt>
      <trkpt lat="23.742564423009753" lon="120.49445774406195">
        <ele>34.19</ele>
      </trkpt>
      <trkpt lat="23.74283700250089" lon="120.49453787505627">
        <ele>34.23</ele>
      </trkpt>
      <trkpt lat="23.743109498173" lon="120.49461800605059">
        <ele>34.29</ele>
      </trkpt>
      <trkpt lat="23.743386352434754" lon="120.49469947814941">
        <ele>34.35</ele>
      </trkpt>
      <trkpt lat="23.7436499632895" lon="120.49477784894407">
        <ele>34.37</ele>
      </trkpt>
      <trkpt lat="23.743913574144244" lon="120.49485621973872">
        <ele>34.41</ele>
      </trkpt>
      <trkpt lat="23.74417718499899" lon="120.49493459053338">
        <ele>34.45</ele>
      </trkpt>
      <trkpt lat="23.744440795853734" lon="120.49501296132803">
        <ele>34.46</ele>
      </trkpt>
      <trkpt lat="23.74470440670848" lon="120.49509133212268">
        <ele>34.49</ele>
      </trkpt>
      <trkpt lat="23.74497422017157" lon="120.49517154693604">
        <ele>34.56</ele>
      </trkpt>
      <trkpt lat="23.74497413635254" lon="120.49517154693604">
        <ele>34.61</ele>
      </trkpt>
      <trkpt lat="23.745223497971892" lon="120.49524991773069">
        <ele>34.69</ele>
      </trkpt>
      <trkpt lat="23.745472859591246" lon="120.49532828852534">
        <ele>34.74</ele>
      </trkpt>
      <trkpt lat="23.74572515487671" lon="120.49540758132935">
        <ele>34.77</ele>
      </trkpt>
      <trkpt lat="23.74602966941893" lon="120.4954930767417">
        <ele>34.88</ele>
      </trkpt>
      <trkpt lat="23.746334267780185" lon="120.49557857215405">
        <ele>34.99</ele>
      </trkpt>
      <trkpt lat="23.74663886614144" lon="120.4956640675664">
        <ele>35.09</ele>
      </trkpt>
      <trkpt lat="23.7469482421875" lon="120.49575090408325">
        <ele>35.18</ele>
      </trkpt>
      <trkpt lat="23.747161980718374" lon="120.49582215026021">
        <ele>35.27</ele>
      </trkpt>
      <trkpt lat="23.74737580306828" lon="120.49589339643717">
        <ele>35.35</ele>
      </trkpt>
      <trkpt lat="23.747592056170106" lon="120.49596548080444">
        <ele>35.45</ele>
      </trkpt>
      <trkpt lat="23.747827084735036" lon="120.49604024738073">
        <ele>35.56</ele>
      </trkpt>
      <trkpt lat="23.748064041137695" lon="120.49611568450928">
        <ele>35.69</ele>
      </trkpt>
      <trkpt lat="23.7482778634876" lon="120.49620117992163">
        <ele>35.78</ele>
      </trkpt>
      <trkpt lat="23.74849327839911" lon="120.49628734588623">
        <ele>35.83</ele>
      </trkpt>
      <trkpt lat="23.748493194580078" lon="120.49628734588623">
        <ele>35.92</ele>
      </trkpt>
      <trkpt lat="23.74872839078307" lon="120.49638709053397">
        <ele>35.94</ele>
      </trkpt>
      <trkpt lat="23.748963586986065" lon="120.49648683518171">
        <ele>36.01</ele>
      </trkpt>
      <trkpt lat="23.74920138157904" lon="120.4965877532959">
        <ele>36.12</ele>
      </trkpt>
      <trkpt lat="23.749429369345307" lon="120.49667324870825">
        <ele>36.24</ele>
      </trkpt>
      <trkpt lat="23.749657357111573" lon="120.4967587441206">
        <ele>36.32</ele>
      </trkpt>
      <trkpt lat="23.749887943267822" lon="120.49684524536133">
        <ele>36.4</ele>
      </trkpt>
      <trkpt lat="23.750081062316895" lon="120.49690961837769">
        <ele>36.5</ele>
      </trkpt>
      <trkpt lat="23.750295639038086" lon="120.4969310760498">
        <ele>36.61</ele>
      </trkpt>
      <trkpt lat="23.750482304021716" lon="120.49693996086717">
        <ele>36.73</ele>
      </trkpt>
      <trkpt lat="23.750668382272124" lon="120.4969487618655">
        <ele>36.83</ele>
      </trkpt>
      <trkpt lat="23.75067064538598" lon="120.49694892950356">
        <ele>36.93</ele>
      </trkpt>
      <trkpt lat="23.750746250152588" lon="120.49695253372192">
        <ele>37.01</ele>
      </trkpt>
      <trkpt lat="23.75104540027678" lon="120.49694540910423">
        <ele>37.07</ele>
      </trkpt>
      <trkpt lat="23.751344550400972" lon="120.49693828448653">
        <ele>37.13</ele>
      </trkpt>
      <trkpt lat="23.751647556200624" lon="120.4969310760498">
        <ele>37.2</ele>
      </trkpt>
      <trkpt lat="23.751647472381592" lon="120.4969310760498">
        <ele>37.3</ele>
      </trkpt>
      <trkpt lat="23.75188250094652" lon="120.49691682681441">
        <ele>37.43</ele>
      </trkpt>
      <trkpt lat="23.75211752951145" lon="120.49690257757902">
        <ele>37.58</ele>
      </trkpt>
      <trkpt lat="23.752355659380555" lon="120.49688816070557">
        <ele>37.74</ele>
      </trkpt>
      <trkpt lat="23.752579959109426" lon="120.49688816070557">
        <ele>37.87</ele>
      </trkpt>
      <trkpt lat="23.752806186676025" lon="120.49688816070557">
        <ele>37.97</ele>
      </trkpt>
      <trkpt lat="23.75308924354613" lon="120.4968774318695">
        <ele>38.08</ele>
      </trkpt>
      <trkpt lat="23.753372384235263" lon="120.49686678685248">
        <ele>38.16</ele>
      </trkpt>
      <trkpt lat="23.753655524924397" lon="120.49685605801642">
        <ele>38.26</ele>
      </trkpt>
      <trkpt lat="23.75394352711737" lon="120.49684524536133">
        <ele>38.36</ele>
      </trkpt>
      <trkpt lat="23.754234043881297" lon="120.4968366958201">
        <ele>38.46</ele>
      </trkpt>
      <trkpt lat="23.754524644464254" lon="120.49682814627886">
        <ele>38.59</ele>
      </trkpt>
      <trkpt lat="23.75481524504721" lon="120.49681959673762">
        <ele>38.66</ele>
      </trkpt>
      <trkpt lat="23.75510584563017" lon="120.49681104719639">
        <ele>38.69</ele>
      </trkpt>
      <trkpt lat="23.755402648821473" lon="120.49680233001709">
        <ele>38.77</ele>
      </trkpt>
      <trkpt lat="23.75565896742046" lon="120.4967952053994">
        <ele>38.9</ele>
      </trkpt>
      <trkpt lat="23.755915369838476" lon="120.4967880807817">
        <ele>39.07</ele>
      </trkpt>
      <trkpt lat="23.756175125017762" lon="120.49678087234497">
        <ele>39.16</ele>
      </trkpt>
      <trkpt lat="23.756474191322923" lon="120.49677232280374">
        <ele>39.24</ele>
      </trkpt>
      <trkpt lat="23.756773341447115" lon="120.4967637732625">
        <ele>39.32</ele>
      </trkpt>
      <trkpt lat="23.757072407752275" lon="120.49675522372127">
        <ele>39.44</ele>
      </trkpt>
      <trkpt lat="23.757371557876468" lon="120.49674667418003">
        <ele>39.52</ele>
      </trkpt>
      <trkpt lat="23.75767707824707" lon="120.49673795700073">
        <ele>39.51</ele>
      </trkpt>
      <trkpt lat="23.757922751829028" lon="120.49672722816467">
        <ele>39.49</ele>
      </trkpt>
      <trkpt lat="23.758168509230018" lon="120.49671658314764">
        <ele>39.49</ele>
      </trkpt>
      <trkpt lat="23.758414266631007" lon="120.49670585431159">
        <ele>39.51</ele>
      </trkpt>
      <trkpt lat="23.758664214983582" lon="120.4966950416565">
        <ele>39.49</ele>
      </trkpt>
      <trkpt lat="23.758888514712453" lon="120.49668431282043">
        <ele>39.49</ele>
      </trkpt>
      <trkpt lat="23.759114826098084" lon="120.49667358398438">
        <ele>39.47</ele>
      </trkpt>
      <trkpt lat="23.75929637812078" lon="120.49667358398438">
        <ele>39.44</ele>
      </trkpt>
      <trkpt lat="23.759479522705078" lon="120.49667358398438">
        <ele>39.41</ele>
      </trkpt>
      <trkpt lat="23.75969409942627" lon="120.49665212631226">
        <ele>39.41</ele>
      </trkpt>
      <trkpt lat="23.759875735267997" lon="120.49660937860608">
        <ele>39.43</ele>
      </trkpt>
      <trkpt lat="23.760058963671327" lon="120.49656629562378">
        <ele>39.45</ele>
      </trkpt>
      <trkpt lat="23.76020908355713" lon="120.49650192260742">
        <ele>39.46</ele>
      </trkpt>
      <trkpt lat="23.7603694293648" lon="120.4964270722121">
        <ele>39.36</ele>
      </trkpt>
      <trkpt lat="23.760530948638916" lon="120.49635171890259">
        <ele>39.29</ele>
      </trkpt>
      <trkpt lat="23.760788440704346" lon="120.49620151519775">
        <ele>39.17</ele>
      </trkpt>
      <trkpt lat="23.761003017425537" lon="120.4960298538208">
        <ele>39.08</ele>
      </trkpt>
      <trkpt lat="23.761110305786133" lon="120.4959225654602">
        <ele>38.99</ele>
      </trkpt>
      <trkpt lat="23.761281967163086" lon="120.49572944641113">
        <ele>38.91</ele>
      </trkpt>
      <trkpt lat="23.761389339342713" lon="120.4955792427063">
        <ele>38.87</ele>
      </trkpt>
      <trkpt lat="23.761539459228516" lon="120.49531253054738">
        <ele>38.89</ele>
      </trkpt>
      <trkpt lat="23.76168966293335" lon="120.4950459022075">
        <ele>38.85</ele>
      </trkpt>
      <trkpt lat="23.761839782819152" lon="120.49477927386761">
        <ele>38.76</ele>
      </trkpt>
      <trkpt lat="23.761989986523986" lon="120.49451264552772">
        <ele>38.67</ele>
      </trkpt>
      <trkpt lat="23.762140106409788" lon="120.49424601718783">
        <ele>38.58</ele>
      </trkpt>
      <trkpt lat="23.762290310114622" lon="120.49397930502892">
        <ele>38.51</ele>
      </trkpt>
      <trkpt lat="23.76244068145752" lon="120.49371242523193">
        <ele>38.4</ele>
      </trkpt>
      <trkpt lat="23.7625764682889" lon="120.49347639083862">
        <ele>38.36</ele>
      </trkpt>
      <trkpt lat="23.76271233893931" lon="120.49324044026434">
        <ele>38.3</ele>
      </trkpt>
      <trkpt lat="23.762848377227783" lon="120.493004322052">
        <ele>38.2</ele>
      </trkpt>
      <trkpt lat="23.762955581769347" lon="120.49280047416687">
        <ele>38.1</ele>
      </trkpt>
      <trkpt lat="23.763062953948975" lon="120.49259662628174">
        <ele>37.96</ele>
      </trkpt>
      <trkpt lat="23.763191616162658" lon="120.49239286221564">
        <ele>37.84</ele>
      </trkpt>
      <trkpt lat="23.763320446014404" lon="120.49218893051147">
        <ele>37.79</ele>
      </trkpt>
      <trkpt lat="23.763449108228087" lon="120.49199589528143">
        <ele>37.69</ele>
      </trkpt>
      <trkpt lat="23.76357777044177" lon="120.4918028600514">
        <ele>37.58</ele>
      </trkpt>
      <trkpt lat="23.76370668411255" lon="120.49160957336426">
        <ele>37.44</ele>
      </trkpt>
      <trkpt lat="23.763899635523558" lon="120.49135224893689">
        <ele>37.36</ele>
      </trkpt>
      <trkpt lat="23.764092586934566" lon="120.49109500832856">
        <ele>37.24</ele>
      </trkpt>
      <trkpt lat="23.764285538345575" lon="120.49083776772022">
        <ele>37.11</ele>
      </trkpt>
      <trkpt lat="23.764478489756584" lon="120.49058044329286">
        <ele>37.01</ele>
      </trkpt>
      <trkpt lat="23.764671441167593" lon="120.49032320268452">
        <ele>36.89</ele>
      </trkpt>
      <trkpt lat="23.764864392578602" lon="120.49006596207619">
        <ele>36.82</ele>
      </trkpt>
      <trkpt lat="23.76505734398961" lon="120.48980872146785">
        <ele>36.73</ele>
      </trkpt>
      <trkpt lat="23.76525029540062" lon="120.48955139704049">
        <ele>36.62</ele>
      </trkpt>
      <trkpt lat="23.7654447555542" lon="120.48929214477539">
        <ele>36.48</ele>
      </trkpt>
      <trkpt lat="23.765594959259033" lon="120.48909902572632">
        <ele>36.29</ele>
      </trkpt>
      <trkpt lat="23.765787910670042" lon="120.48883809708059">
        <ele>36.13</ele>
      </trkpt>
      <trkpt lat="23.76598086208105" lon="120.48857725225389">
        <ele>36.03</ele>
      </trkpt>
      <trkpt lat="23.76617381349206" lon="120.48831640742719">
        <ele>35.99</ele>
      </trkpt>
      <trkpt lat="23.76636676490307" lon="120.4880555626005">
        <ele>35.9</ele>
      </trkpt>
      <trkpt lat="23.76655980013311" lon="120.4877947177738">
        <ele>35.78</ele>
      </trkpt>
      <trkpt lat="23.7667537573725" lon="120.48753261566162">
        <ele>35.66</ele>
      </trkpt>
      <trkpt lat="23.766932375729084" lon="120.48729674890637">
        <ele>35.54</ele>
      </trkpt>
      <trkpt lat="23.76711099408567" lon="120.48706096597016">
        <ele>35.46</ele>
      </trkpt>
      <trkpt lat="23.767289696261287" lon="120.48682509921491">
        <ele>35.42</ele>
      </trkpt>
      <trkpt lat="23.767468314617872" lon="120.4865893162787">
        <ele>35.37</ele>
      </trkpt>
      <trkpt lat="23.76764701679349" lon="120.48635344952345">
        <ele>35.28</ele>
      </trkpt>
      <trkpt lat="23.767826640978456" lon="120.48611640930176">
        <ele>35.07</ele>
      </trkpt>
      <trkpt lat="23.767998134717345" lon="120.48588054254651">
        <ele>34.98</ele>
      </trkpt>
      <trkpt lat="23.768169963732362" lon="120.48564434051514">
        <ele>34.96</ele>
      </trkpt>
      <trkpt lat="23.76816987991333" lon="120.48564434051514">
        <ele>34.88</ele>
      </trkpt>
      <trkpt lat="23.76833600923419" lon="120.48542456701398">
        <ele>34.9</ele>
      </trkpt>
      <trkpt lat="23.76850213855505" lon="120.48520479351282">
        <ele>34.88</ele>
      </trkpt>
      <trkpt lat="23.76866835169494" lon="120.4849851038307">
        <ele>34.8</ele>
      </trkpt>
      <trkpt lat="23.768835151568055" lon="120.48476457595825">
        <ele>34.66</ele>
      </trkpt>
      <trkpt lat="23.768974458798766" lon="120.4845823533833">
        <ele>34.56</ele>
      </trkpt>
      <trkpt lat="23.769114101305604" lon="120.48439979553223">
        <ele>34.51</ele>
      </trkpt>
      <trkpt lat="23.76930696889758" lon="120.48414448276162">
        <ele>34.45</ele>
      </trkpt>
      <trkpt lat="23.76949992030859" lon="120.48388916999102">
        <ele>34.4</ele>
      </trkpt>
      <trkpt lat="23.7696928717196" lon="120.48363385722041">
        <ele>34.28</ele>
      </trkpt>
      <trkpt lat="23.769885823130608" lon="120.4833785444498">
        <ele>34.21</ele>
      </trkpt>
      <trkpt lat="23.770078774541616" lon="120.4831232316792">
        <ele>34.21</ele>
      </trkpt>
      <trkpt lat="23.770271725952625" lon="120.4828679189086">
        <ele>34.25</ele>
      </trkpt>
      <trkpt lat="23.770464677363634" lon="120.48261260613799">
        <ele>34.24</ele>
      </trkpt>
      <trkpt lat="23.77065754495561" lon="120.48235729336739">
        <ele>34.24</ele>
      </trkpt>
      <trkpt lat="23.77085049636662" lon="120.48210198059678">
        <ele>34.19</ele>
      </trkpt>
      <trkpt lat="23.77104344777763" lon="120.48184666782618">
        <ele>34.15</ele>
      </trkpt>
      <trkpt lat="23.771238327026367" lon="120.48158884048462">
        <ele>34.17</ele>
      </trkpt>
      <trkpt lat="23.771420465782285" lon="120.48138524405658">
        <ele>34.2</ele>
      </trkpt>
      <trkpt lat="23.771603107452393" lon="120.48118114471436">
        <ele>34.22</ele>
      </trkpt>
      <trkpt lat="23.771806620061398" lon="120.48098836094141">
        <ele>34.22</ele>
      </trkpt>
      <trkpt lat="23.772010887041688" lon="120.48079490661621">
        <ele>34.2</ele>
      </trkpt>
      <trkpt lat="23.77220392227173" lon="120.48064470291138">
        <ele>34.18</ele>
      </trkpt>
      <trkpt lat="23.772439286112785" lon="120.48047346062958">
        <ele>34.15</ele>
      </trkpt>
      <trkpt lat="23.77267599105835" lon="120.48030138015747">
        <ele>34.12</ele>
      </trkpt>
      <trkpt lat="23.772911354899406" lon="120.4801515955478">
        <ele>34.13</ele>
      </trkpt>
      <trkpt lat="23.77314805984497" lon="120.4800009727478">
        <ele>34.14</ele>
      </trkpt>
      <trkpt lat="23.77342709340155" lon="120.47985076904297">
        <ele>34.23</ele>
      </trkpt>
      <trkpt lat="23.773587439209223" lon="120.47976518981159">
        <ele>34.26</ele>
      </trkpt>
      <trkpt lat="23.773748874664307" lon="120.47967910766602">
        <ele>34.27</ele>
      </trkpt>
      <trkpt lat="23.773977030068636" lon="120.47955782152712">
        <ele>34.26</ele>
      </trkpt>
      <trkpt lat="23.774205185472965" lon="120.47943661920726">
        <ele>34.21</ele>
      </trkpt>
      <trkpt lat="23.77443560399115" lon="120.47931432723999">
        <ele>34.17</ele>
      </trkpt>
      <trkpt lat="23.77464951016009" lon="120.47919664531946">
        <ele>34.17</ele>
      </trkpt>
      <trkpt lat="23.774863416329026" lon="120.47907896339893">
        <ele>34.19</ele>
      </trkpt>
      <trkpt lat="23.775077322497964" lon="120.47896136529744">
        <ele>34.15</ele>
      </trkpt>
      <trkpt lat="23.775293910875916" lon="120.47884225845337">
        <ele>34.12</ele>
      </trkpt>
      <trkpt lat="23.775518462061882" lon="120.47871384769678">
        <ele>34.1</ele>
      </trkpt>
      <trkpt lat="23.77574452199042" lon="120.47858476638794">
        <ele>34.08</ele>
      </trkpt>
      <trkpt lat="23.77599815838039" lon="120.47844411805272">
        <ele>34.03</ele>
      </trkpt>
      <trkpt lat="23.77625179477036" lon="120.47830355353653">
        <ele>33.98</ele>
      </trkpt>
      <trkpt lat="23.77650543116033" lon="120.47816298902035">
        <ele>33.95</ele>
      </trkpt>
      <trkpt lat="23.7767590675503" lon="120.47802242450416">
        <ele>33.96</ele>
      </trkpt>
      <trkpt lat="23.777012703940272" lon="120.47788185998797">
        <ele>33.93</ele>
      </trkpt>
      <trkpt lat="23.777266340330243" lon="120.47774129547179">
        <ele>33.9</ele>
      </trkpt>
      <trkpt lat="23.777525508776307" lon="120.47759771347046">
        <ele>33.93</ele>
      </trkpt>
      <trkpt lat="23.777760788798332" lon="120.47746217809618">
        <ele>33.91</ele>
      </trkpt>
      <trkpt lat="23.77799615263939" lon="120.47732672654092">
        <ele>33.85</ele>
      </trkpt>
      <trkpt lat="23.77823361195624" lon="120.4771900177002">
        <ele>33.79</ele>
      </trkpt>
      <trkpt lat="23.77847953699529" lon="120.47705632634461">
        <ele>33.7</ele>
      </trkpt>
      <trkpt lat="23.778725545853376" lon="120.47692263498902">
        <ele>33.61</ele>
      </trkpt>
      <trkpt lat="23.77897155471146" lon="120.4767888598144">
        <ele>33.55</ele>
      </trkpt>
      <trkpt lat="23.77922066487372" lon="120.47665357589722">
        <ele>33.48</ele>
      </trkpt>
      <trkpt lat="23.779220581054688" lon="120.47665357589722">
        <ele>33.43</ele>
      </trkpt>
      <trkpt lat="23.779413113370538" lon="120.47654653899372">
        <ele>33.36</ele>
      </trkpt>
      <trkpt lat="23.779605645686388" lon="120.47643958590925">
        <ele>33.34</ele>
      </trkpt>
      <trkpt lat="23.779800022020936" lon="120.47633171081543">
        <ele>33.36</ele>
      </trkpt>
      <trkpt lat="23.780042426660657" lon="120.47619977965951">
        <ele>33.34</ele>
      </trkpt>
      <trkpt lat="23.780284831300378" lon="120.47606784850359">
        <ele>33.28</ele>
      </trkpt>
      <trkpt lat="23.7805272359401" lon="120.47593591734767">
        <ele>33.19</ele>
      </trkpt>
      <trkpt lat="23.78076972439885" lon="120.47580407001078">
        <ele>33.12</ele>
      </trkpt>
      <trkpt lat="23.781012129038572" lon="120.47567213885486">
        <ele>33.08</ele>
      </trkpt>
      <trkpt lat="23.781259143725038" lon="120.47553777694702">
        <ele>33.04</ele>
      </trkpt>
      <trkpt lat="23.781537171453238" lon="120.47538799233735">
        <ele>32.96</ele>
      </trkpt>
      <trkpt lat="23.781817043200135" lon="120.47523736953735">
        <ele>32.92</ele>
      </trkpt>
      <trkpt lat="23.7820415943861" lon="120.47510895878077">
        <ele>32.86</ele>
      </trkpt>
      <trkpt lat="23.782267654314637" lon="120.47497987747192">
        <ele>32.81</ele>
      </trkpt>
      <trkpt lat="23.78243872895837" lon="120.47488356940448">
        <ele>32.8</ele>
      </trkpt>
      <trkpt lat="23.78261089324951" lon="120.47478675842285">
        <ele>32.78</ele>
      </trkpt>
      <trkpt lat="23.78269672393799" lon="120.47474384307861">
        <ele>32.75</ele>
      </trkpt>
      <trkpt lat="23.782899985089898" lon="120.47462616115808">
        <ele>32.74</ele>
      </trkpt>
      <trkpt lat="23.783104503527284" lon="120.4745078086853">
        <ele>32.75</ele>
      </trkpt>
      <trkpt lat="23.783332658931613" lon="120.47438652254641">
        <ele>32.73</ele>
      </trkpt>
      <trkpt lat="23.783560814335942" lon="120.47426532022655">
        <ele>32.67</ele>
      </trkpt>
      <trkpt lat="23.783791149035096" lon="120.47414302825928">
        <ele>32.61</ele>
      </trkpt>
      <trkpt lat="23.78406004048884" lon="120.4739932436496">
        <ele>32.59</ele>
      </trkpt>
      <trkpt lat="23.784328931942582" lon="120.47384354285896">
        <ele>32.58</ele>
      </trkpt>
      <trkpt lat="23.784597907215357" lon="120.47369375824928">
        <ele>32.59</ele>
      </trkpt>
      <trkpt lat="23.7848667986691" lon="120.47354405745864">
        <ele>32.55</ele>
      </trkpt>
      <trkpt lat="23.785135690122843" lon="120.47339427284896">
        <ele>32.5</ele>
      </trkpt>
      <trkpt lat="23.785404665395617" lon="120.47324457205832">
        <ele>32.49</ele>
      </trkpt>
      <trkpt lat="23.78567942418158" lon="120.47309160232544">
        <ele>32.47</ele>
      </trkpt>
      <trkpt lat="23.785914704203606" lon="120.47295782715082">
        <ele>32.45</ele>
      </trkpt>
      <trkpt lat="23.78614998422563" lon="120.47282413579524">
        <ele>32.43</ele>
      </trkpt>
      <trkpt lat="23.786385348066688" lon="120.47269044443965">
        <ele>32.42</ele>
      </trkpt>
      <trkpt lat="23.786623561754823" lon="120.47255516052246">
        <ele>32.44</ele>
      </trkpt>
      <trkpt lat="23.78662347793579" lon="120.47255516052246">
        <ele>32.42</ele>
      </trkpt>
      <trkpt lat="23.786869486793876" lon="120.47242674976587">
        <ele>32.42</ele>
      </trkpt>
      <trkpt lat="23.787117088213563" lon="120.47229766845703">
        <ele>32.39</ele>
      </trkpt>
      <trkpt lat="23.7873309943825" lon="120.47216925770044">
        <ele>32.38</ele>
      </trkpt>
      <trkpt lat="23.787546241655946" lon="120.4720401763916">
        <ele>32.36</ele>
      </trkpt>
      <trkpt lat="23.787738690152764" lon="120.47194386832416">
        <ele>32.32</ele>
      </trkpt>
      <trkpt lat="23.78793247975409" lon="120.47184705734253">
        <ele>32.28</ele>
      </trkpt>
      <trkpt lat="23.78813565708697" lon="120.471729375422">
        <ele>32.24</ele>
      </trkpt>
      <trkpt lat="23.788340091705322" lon="120.47161102294922">
        <ele>32.21</ele>
      </trkpt>
      <trkpt lat="23.788576126098633" lon="120.4714822769165">
        <ele>32.18</ele>
      </trkpt>
      <trkpt lat="23.78879003226757" lon="120.47136459499598">
        <ele>32.13</ele>
      </trkpt>
      <trkpt lat="23.789005363360047" lon="120.4712462425232">
        <ele>32.09</ele>
      </trkpt>
      <trkpt lat="23.789261933416128" lon="120.47111255116761">
        <ele>32.08</ele>
      </trkpt>
      <trkpt lat="23.78951858729124" lon="120.47097885981202">
        <ele>32.03</ele>
      </trkpt>
      <trkpt lat="23.789775241166353" lon="120.47084516845644">
        <ele>31.98</ele>
      </trkpt>
      <trkpt lat="23.790035247802734" lon="120.47070980072021">
        <ele>31.96</ele>
      </trkpt>
      <trkpt lat="23.790206909179688" lon="120.47064542770386">
        <ele>31.91</ele>
      </trkpt>
      <trkpt lat="23.790357196703553" lon="120.47060251235962">
        <ele>31.84</ele>
      </trkpt>
      <trkpt lat="23.7906242441386" lon="120.47058113850653">
        <ele>31.78</ele>
      </trkpt>
      <trkpt lat="23.7908935546875" lon="120.47055959701538">
        <ele>31.75</ele>
      </trkpt>
      <trkpt lat="23.791075106710196" lon="120.47057024203241">
        <ele>31.74</ele>
      </trkpt>
      <trkpt lat="23.791258335113525" lon="120.4705810546875">
        <ele>31.72</ele>
      </trkpt>
      <trkpt lat="23.791558742523193" lon="120.47066688537598">
        <ele>31.64</ele>
      </trkpt>
      <trkpt lat="23.79182587377727" lon="120.47074165195227">
        <ele>31.61</ele>
      </trkpt>
      <trkpt lat="23.792095184326172" lon="120.47081708908081">
        <ele>31.62</ele>
      </trkpt>
      <trkpt lat="23.792365919798613" lon="120.47090258449316">
        <ele>31.6</ele>
      </trkpt>
      <trkpt lat="23.792636655271053" lon="120.47098807990551">
        <ele>31.59</ele>
      </trkpt>
      <trkpt lat="23.792907474562526" lon="120.47107357531786">
        <ele>31.56</ele>
      </trkpt>
      <trkpt lat="23.793178210034966" lon="120.47115907073021">
        <ele>31.5</ele>
      </trkpt>
      <trkpt lat="23.79344902932644" lon="120.47124456614256">
        <ele>31.51</ele>
      </trkpt>
      <trkpt lat="23.79371976479888" lon="120.47133006155491">
        <ele>31.56</ele>
      </trkpt>
      <trkpt lat="23.793990584090352" lon="120.47141555696726">
        <ele>31.58</ele>
      </trkpt>
      <trkpt lat="23.794261319562793" lon="120.47150105237961">
        <ele>31.56</ele>
      </trkpt>
      <trkpt lat="23.794541442766786" lon="120.4715895652771">
        <ele>31.56</ele>
      </trkpt>
      <trkpt lat="23.794826343655586" lon="120.47167506068945">
        <ele>31.56</ele>
      </trkpt>
      <trkpt lat="23.79511132836342" lon="120.4717605561018">
        <ele>31.48</ele>
      </trkpt>
      <trkpt lat="23.79539966583252" lon="120.47184705734253">
        <ele>31.43</ele>
      </trkpt>
      <trkpt lat="23.795677442103624" lon="120.47192182391882">
        <ele>31.39</ele>
      </trkpt>
      <trkpt lat="23.795957565307617" lon="120.47199726104736">
        <ele>31.39</ele>
      </trkpt>
      <trkpt lat="23.796236515045166" lon="120.47201871871948">
        <ele>31.33</ele>
      </trkpt>
      <trkpt lat="23.796482272446156" lon="120.47201863490045">
        <ele>31.27</ele>
      </trkpt>
      <trkpt lat="23.796730125322938" lon="120.47201871871948">
        <ele>31.25</ele>
      </trkpt>
      <trkpt lat="23.796966075897217" lon="120.47199726104736">
        <ele>31.25</ele>
      </trkpt>
      <trkpt lat="23.797256844118237" lon="120.4718689341098">
        <ele>31.25</ele>
      </trkpt>
      <trkpt lat="23.79754769615829" lon="120.47174060717225">
        <ele>31.15</ele>
      </trkpt>
      <trkpt lat="23.79783846437931" lon="120.4716122802347">
        <ele>31.06</ele>
      </trkpt>
      <trkpt lat="23.798129316419363" lon="120.47148403711617">
        <ele>31.02</ele>
      </trkpt>
      <trkpt lat="23.79842519760132" lon="120.47135353088379">
        <ele>30.92</ele>
      </trkpt>
      <trkpt lat="23.798532485961914" lon="120.47131061553955">
        <ele>30.82</ele>
      </trkpt>
      <trkpt lat="23.798811435699463" lon="120.47122478485107">
        <ele>30.72</ele>
      </trkpt>
      <trkpt lat="23.799076387658715" lon="120.47118631191552">
        <ele>30.64</ele>
      </trkpt>
      <trkpt lat="23.799341339617968" lon="120.47114783897996">
        <ele>30.51</ele>
      </trkpt>
      <trkpt lat="23.79960629157722" lon="120.4711093660444">
        <ele>30.4</ele>
      </trkpt>
      <trkpt lat="23.799871327355504" lon="120.47107089310884">
        <ele>30.29</ele>
      </trkpt>
      <trkpt lat="23.80014181137085" lon="120.471031665802">
        <ele>30.15</ele>
      </trkpt>
      <trkpt lat="23.800435597077012" lon="120.47098087146878">
        <ele>30.04</ele>
      </trkpt>
      <trkpt lat="23.800729466602206" lon="120.4709301609546">
        <ele>29.94</ele>
      </trkpt>
      <trkpt lat="23.80102325230837" lon="120.47087936662138">
        <ele>29.75</ele>
      </trkpt>
      <trkpt lat="23.801317121833563" lon="120.47082857228816">
        <ele>29.54</ele>
      </trkpt>
      <trkpt lat="23.801610907539725" lon="120.47077786177397">
        <ele>29.32</ele>
      </trkpt>
      <trkpt lat="23.80190477706492" lon="120.47072706744075">
        <ele>29.15</ele>
      </trkpt>
      <trkpt lat="23.802198646590114" lon="120.47067635692656">
        <ele>29.05</ele>
      </trkpt>
      <trkpt lat="23.802502155303955" lon="120.47062397003174">
        <ele>28.87</ele>
      </trkpt>
      <trkpt lat="23.80281211808324" lon="120.47057225368917">
        <ele>28.65</ele>
      </trkpt>
      <trkpt lat="23.803122164681554" lon="120.4705205373466">
        <ele>28.48</ele>
      </trkpt>
      <trkpt lat="23.803432127460837" lon="120.47046882100403">
        <ele>28.29</ele>
      </trkpt>
      <trkpt lat="23.803742174059153" lon="120.47041710466146">
        <ele>28.11</ele>
      </trkpt>
      <trkpt lat="23.804052220657468" lon="120.4703653883189">
        <ele>27.91</ele>
      </trkpt>
      <trkpt lat="23.80436218343675" lon="120.47031367197633">
        <ele>27.65</ele>
      </trkpt>
      <trkpt lat="23.804672230035067" lon="120.47026195563376">
        <ele>27.38</ele>
      </trkpt>
      <trkpt lat="23.80498219281435" lon="120.47021023929119">
        <ele>27.17</ele>
      </trkpt>
      <trkpt lat="23.805292239412665" lon="120.47015852294862">
        <ele>27.03</ele>
      </trkpt>
      <trkpt lat="23.80560228601098" lon="120.47010680660605">
        <ele>26.84</ele>
      </trkpt>
      <trkpt lat="23.805912248790264" lon="120.47005509026349">
        <ele>26.56</ele>
      </trkpt>
      <trkpt lat="23.80622229538858" lon="120.47000337392092">
        <ele>26.27</ele>
      </trkpt>
      <trkpt lat="23.806532341986895" lon="120.46995165757835">
        <ele>26.01</ele>
      </trkpt>
      <trkpt lat="23.806842304766178" lon="120.46989994123578">
        <ele>25.77</ele>
      </trkpt>
      <trkpt lat="23.807152351364493" lon="120.46984822489321">
        <ele>25.59</ele>
      </trkpt>
      <trkpt lat="23.807462314143777" lon="120.46979650855064">
        <ele>25.44</ele>
      </trkpt>
      <trkpt lat="23.807772360742092" lon="120.46974479220808">
        <ele>25.38</ele>
      </trkpt>
      <trkpt lat="23.808082407340407" lon="120.46969307586551">
        <ele>25.26</ele>
      </trkpt>
      <trkpt lat="23.80839237011969" lon="120.46964135952294">
        <ele>25.08</ele>
      </trkpt>
      <trkpt lat="23.808702416718006" lon="120.46958964318037">
        <ele>24.85</ele>
      </trkpt>
      <trkpt lat="23.80901237949729" lon="120.4695379268378">
        <ele>24.62</ele>
      </trkpt>
      <trkpt lat="23.809322426095605" lon="120.46948621049523">
        <ele>24.48</ele>
      </trkpt>
      <trkpt lat="23.80963247269392" lon="120.46943449415267">
        <ele>24.39</ele>
      </trkpt>
      <trkpt lat="23.809942435473204" lon="120.4693827778101">
        <ele>24.34</ele>
      </trkpt>
      <trkpt lat="23.81025248207152" lon="120.46933106146753">
        <ele>24.2</ele>
      </trkpt>
      <trkpt lat="23.810562528669834" lon="120.46927934512496">
        <ele>24.1</ele>
      </trkpt>
      <trkpt lat="23.810872491449118" lon="120.46922762878239">
        <ele>23.98</ele>
      </trkpt>
      <trkpt lat="23.811182538047433" lon="120.46917591243982">
        <ele>23.83</ele>
      </trkpt>
      <trkpt lat="23.811492500826716" lon="120.46912419609725">
        <ele>23.82</ele>
      </trkpt>
      <trkpt lat="23.81180254742503" lon="120.46907247975469">
        <ele>23.83</ele>
      </trkpt>
      <trkpt lat="23.812112594023347" lon="120.46902076341212">
        <ele>23.79</ele>
      </trkpt>
      <trkpt lat="23.81242255680263" lon="120.46896904706955">
        <ele>23.8</ele>
      </trkpt>
      <trkpt lat="23.812732603400946" lon="120.46891733072698">
        <ele>23.82</ele>
      </trkpt>
      <trkpt lat="23.81304256618023" lon="120.46886561438441">
        <ele>23.82</ele>
      </trkpt>
      <trkpt lat="23.813352612778544" lon="120.46881389804184">
        <ele>23.85</ele>
      </trkpt>
      <trkpt lat="23.81366265937686" lon="120.46876218169928">
        <ele>23.93</ele>
      </trkpt>
      <trkpt lat="23.813972622156143" lon="120.46871046535671">
        <ele>24.13</ele>
      </trkpt>
      <trkpt lat="23.81428266875446" lon="120.46865874901414">
        <ele>24.28</ele>
      </trkpt>
      <trkpt lat="23.814592715352774" lon="120.46860703267157">
        <ele>24.33</ele>
      </trkpt>
      <trkpt lat="23.814902678132057" lon="120.468555316329">
        <ele>24.37</ele>
      </trkpt>
      <trkpt lat="23.815212724730372" lon="120.46850359998643">
        <ele>24.46</ele>
      </trkpt>
      <trkpt lat="23.815522687509656" lon="120.46845188364387">
        <ele>24.67</ele>
      </trkpt>
      <trkpt lat="23.81583273410797" lon="120.4684001673013">
        <ele>24.89</ele>
      </trkpt>
      <trkpt lat="23.816142780706286" lon="120.46834845095873">
        <ele>25.1</ele>
      </trkpt>
      <trkpt lat="23.81645274348557" lon="120.46829673461616">
        <ele>25.26</ele>
      </trkpt>
      <trkpt lat="23.816762790083885" lon="120.46824501827359">
        <ele>25.38</ele>
      </trkpt>
      <trkpt lat="23.81707275286317" lon="120.46819330193102">
        <ele>25.54</ele>
      </trkpt>
      <trkpt lat="23.817382799461484" lon="120.46814158558846">
        <ele>25.74</ele>
      </trkpt>
      <trkpt lat="23.8176928460598" lon="120.46808986924589">
        <ele>25.92</ele>
      </trkpt>
      <trkpt lat="23.818002808839083" lon="120.46803815290332">
        <ele>26.13</ele>
      </trkpt>
      <trkpt lat="23.818312855437398" lon="120.46798643656075">
        <ele>26.36</ele>
      </trkpt>
      <trkpt lat="23.818622902035713" lon="120.46793472021818">
        <ele>26.48</ele>
      </trkpt>
      <trkpt lat="23.818932864814997" lon="120.46788300387561">
        <ele>26.67</ele>
      </trkpt>
      <trkpt lat="23.819242911413312" lon="120.46783128753304">
        <ele>26.85</ele>
      </trkpt>
      <trkpt lat="23.819552874192595" lon="120.46777957119048">
        <ele>26.96</ele>
      </trkpt>
      <trkpt lat="23.81986292079091" lon="120.46772785484791">
        <ele>27.1</ele>
      </trkpt>
      <trkpt lat="23.820172967389226" lon="120.46767613850534">
        <ele>27.26</ele>
      </trkpt>
      <trkpt lat="23.82048293016851" lon="120.46762442216277">
        <ele>27.46</ele>
      </trkpt>
      <trkpt lat="23.820792976766825" lon="120.4675727058202">
        <ele>27.69</ele>
      </trkpt>
      <trkpt lat="23.82110293954611" lon="120.46752098947763">
        <ele>27.9</ele>
      </trkpt>
      <trkpt lat="23.821412986144423" lon="120.46746927313507">
        <ele>28.08</ele>
      </trkpt>
      <trkpt lat="23.82172303274274" lon="120.4674175567925">
        <ele>28.33</ele>
      </trkpt>
      <trkpt lat="23.822032995522022" lon="120.46736584044993">
        <ele>28.54</ele>
      </trkpt>
      <trkpt lat="23.822343042120337" lon="120.46731412410736">
        <ele>28.7</ele>
      </trkpt>
      <trkpt lat="23.822653088718653" lon="120.46726240776479">
        <ele>28.87</ele>
      </trkpt>
      <trkpt lat="23.822963051497936" lon="120.46721069142222">
        <ele>29.09</ele>
      </trkpt>
      <trkpt lat="23.82327309809625" lon="120.46715897507966">
        <ele>29.23</ele>
      </trkpt>
      <trkpt lat="23.823583060875535" lon="120.46710725873709">
        <ele>29.43</ele>
      </trkpt>
      <trkpt lat="23.823981285095215" lon="120.46704053878784">
        <ele>29.59</ele>
      </trkpt>
      <trkpt lat="23.82427331060171" lon="120.46699779108167">
        <ele>29.71</ele>
      </trkpt>
      <trkpt lat="23.82456541992724" lon="120.46695504337549">
        <ele>29.9</ele>
      </trkpt>
      <trkpt lat="23.82486113347113" lon="120.46691179275513">
        <ele>30.09</ele>
      </trkpt>
      <trkpt lat="23.8248610496521" lon="120.46691179275513">
        <ele>30.23</ele>
      </trkpt>
      <trkpt lat="23.825146621093154" lon="120.46686317771673">
        <ele>30.38</ele>
      </trkpt>
      <trkpt lat="23.82543219253421" lon="120.46681464649737">
        <ele>30.47</ele>
      </trkpt>
      <trkpt lat="23.825717763975263" lon="120.46676603145897">
        <ele>30.55</ele>
      </trkpt>
      <trkpt lat="23.826003335416317" lon="120.46671750023961">
        <ele>30.67</ele>
      </trkpt>
      <trkpt lat="23.82628890685737" lon="120.46666888520122">
        <ele>30.75</ele>
      </trkpt>
      <trkpt lat="23.826574478298426" lon="120.46662035398185">
        <ele>30.89</ele>
      </trkpt>
      <trkpt lat="23.82686004973948" lon="120.46657182276249">
        <ele>31.04</ele>
      </trkpt>
      <trkpt lat="23.827145621180534" lon="120.4665232077241">
        <ele>31.16</ele>
      </trkpt>
      <trkpt lat="23.82743119262159" lon="120.46647467650473">
        <ele>31.21</ele>
      </trkpt>
      <trkpt lat="23.827716764062643" lon="120.46642606146634">
        <ele>31.24</ele>
      </trkpt>
      <trkpt lat="23.828015327453613" lon="120.46637535095215">
        <ele>31.33</ele>
      </trkpt>
      <trkpt lat="23.828228982165456" lon="120.46635397709906">
        <ele>31.42</ele>
      </trkpt>
      <trkpt lat="23.828444480895996" lon="120.46633243560791">
        <ele>31.49</ele>
      </trkpt>
      <trkpt lat="23.828690238296986" lon="120.46633235178888">
        <ele>31.58</ele>
      </trkpt>
      <trkpt lat="23.828938091173768" lon="120.46633243560791">
        <ele>31.67</ele>
      </trkpt>
      <trkpt lat="23.829119643196464" lon="120.46635372564197">
        <ele>31.75</ele>
      </trkpt>
      <trkpt lat="23.82930278778076" lon="120.46637535095215">
        <ele>31.83</ele>
      </trkpt>
      <trkpt lat="23.829537900164723" lon="120.46642874367535">
        <ele>31.94</ele>
      </trkpt>
      <trkpt lat="23.829774940386415" lon="120.46648263931274">
        <ele>31.95</ele>
      </trkpt>
      <trkpt lat="23.829774856567383" lon="120.46648263931274">
        <ele>31.96</ele>
      </trkpt>
      <trkpt lat="23.829999659210443" lon="120.46667533926666">
        <ele>31.87</ele>
      </trkpt>
      <trkpt lat="23.830225551500916" lon="120.46686887741089">
        <ele>31.76</ele>
      </trkpt>
      <trkpt lat="23.830471727997065" lon="120.46707758679986">
        <ele>31.72</ele>
      </trkpt>
      <trkpt lat="23.830717988312244" lon="120.46728638000786">
        <ele>31.74</ele>
      </trkpt>
      <trkpt lat="23.830964248627424" lon="120.46749517321587">
        <ele>31.76</ele>
      </trkpt>
      <trkpt lat="23.831212604418397" lon="120.46770572662354">
        <ele>31.72</ele>
      </trkpt>
      <trkpt lat="23.831433802843094" lon="120.46788409352303">
        <ele>31.69</ele>
      </trkpt>
      <trkpt lat="23.83165500126779" lon="120.46806254424155">
        <ele>31.65</ele>
      </trkpt>
      <trkpt lat="23.83187779225409" lon="120.46824216842651">
        <ele>31.58</ele>
      </trkpt>
      <trkpt lat="23.83205615915358" lon="120.46839203685522">
        <ele>31.51</ele>
      </trkpt>
      <trkpt lat="23.832234609872103" lon="120.46854190528393">
        <ele>31.43</ele>
      </trkpt>
      <trkpt lat="23.83241423405707" lon="120.46869277954102">
        <ele>31.38</ele>
      </trkpt>
      <trkpt lat="23.832621099427342" lon="120.46886402182281">
        <ele>31.33</ele>
      </trkpt>
      <trkpt lat="23.832828048616648" lon="120.46903534792364">
        <ele>31.29</ele>
      </trkpt>
      <trkpt lat="23.833036422729492" lon="120.46920776367188">
        <ele>31.21</ele>
      </trkpt>
      <trkpt lat="23.83328259922564" lon="120.46941110864282">
        <ele>31.1</ele>
      </trkpt>
      <trkpt lat="23.83352885954082" lon="120.46961453743279">
        <ele>31.06</ele>
      </trkpt>
      <trkpt lat="23.833775119856" lon="120.46981796622276">
        <ele>31.02</ele>
      </trkpt>
      <trkpt lat="23.834023559466004" lon="120.4700231552124">
        <ele>30.92</ele>
      </trkpt>
      <trkpt lat="23.83424375206232" lon="120.47020353376865">
        <ele>30.8</ele>
      </trkpt>
      <trkpt lat="23.834463944658637" lon="120.47038399614394">
        <ele>30.73</ele>
      </trkpt>
      <trkpt lat="23.834684221073985" lon="120.47056445851922">
        <ele>30.65</ele>
      </trkpt>
      <trkpt lat="23.8349044136703" lon="120.4707449208945">
        <ele>30.59</ele>
      </trkpt>
      <trkpt lat="23.835124606266618" lon="120.47092538326979">
        <ele>30.53</ele>
      </trkpt>
      <trkpt lat="23.835344882681966" lon="120.47110584564507">
        <ele>30.49</ele>
      </trkpt>
      <trkpt lat="23.835568511858582" lon="120.47128915786743">
        <ele>30.46</ele>
      </trkpt>
      <trkpt lat="23.83570765145123" lon="120.47140692360699">
        <ele>30.43</ele>
      </trkpt>
      <trkpt lat="23.83584746159613" lon="120.47152519226074">
        <ele>30.42</ele>
      </trkpt>
      <trkpt lat="23.83606866002083" lon="120.47171068377793">
        <ele>30.41</ele>
      </trkpt>
      <trkpt lat="23.836289942264557" lon="120.47189625911415">
        <ele>30.36</ele>
      </trkpt>
      <trkpt lat="23.836512649431825" lon="120.47208309173584">
        <ele>30.23</ele>
      </trkpt>
      <trkpt lat="23.83669814094901" lon="120.47224008478224">
        <ele>30.13</ele>
      </trkpt>
      <trkpt lat="23.83688371628523" lon="120.47239707782865">
        <ele>30.07</ele>
      </trkpt>
      <trkpt lat="23.837070548906922" lon="120.47255516052246">
        <ele>30.05</ele>
      </trkpt>
      <trkpt lat="23.8373152166605" lon="120.47276001423597">
        <ele>30.06</ele>
      </trkpt>
      <trkpt lat="23.837559884414077" lon="120.47296495176852">
        <ele>30.07</ele>
      </trkpt>
      <trkpt lat="23.837804635986686" lon="120.47316988930106">
        <ele>30.03</ele>
      </trkpt>
      <trkpt lat="23.838049303740263" lon="120.4733748268336">
        <ele>30.0</ele>
      </trkpt>
      <trkpt lat="23.838294055312872" lon="120.47357976436615">
        <ele>29.99</ele>
      </trkpt>
      <trkpt lat="23.83853872306645" lon="120.4737847018987">
        <ele>29.98</ele>
      </trkpt>
      <trkpt lat="23.838787162676454" lon="120.47399282455444">
        <ele>29.96</ele>
      </trkpt>
      <trkpt lat="23.838787078857422" lon="120.47399282455444">
        <ele>29.98</ele>
      </trkpt>
      <trkpt lat="23.839019928127527" lon="120.47418812289834">
        <ele>30.02</ele>
      </trkpt>
      <trkpt lat="23.839252777397633" lon="120.47438350506127">
        <ele>30.14</ele>
      </trkpt>
      <trkpt lat="23.839485626667738" lon="120.4745788872242">
        <ele>30.2</ele>
      </trkpt>
      <trkpt lat="23.839718475937843" lon="120.47477426938713">
        <ele>30.23</ele>
      </trkpt>
      <trkpt lat="23.83995132520795" lon="120.47496965155005">
        <ele>30.25</ele>
      </trkpt>
      <trkpt lat="23.840184174478054" lon="120.47516503371298">
        <ele>30.29</ele>
      </trkpt>
      <trkpt lat="23.84041710756719" lon="120.47536041587591">
        <ele>30.37</ele>
      </trkpt>
      <trkpt lat="23.84065398015082" lon="120.47555923461914">
        <ele>30.44</ele>
      </trkpt>
      <trkpt lat="23.840718353167176" lon="120.4756236076355">
        <ele>30.52</ele>
      </trkpt>
      <trkpt lat="23.840943155810237" lon="120.47580909915268">
        <ele>30.62</ele>
      </trkpt>
      <trkpt lat="23.841167958453298" lon="120.4759946744889">
        <ele>30.7</ele>
      </trkpt>
      <trkpt lat="23.84139276109636" lon="120.47618024982512">
        <ele>30.74</ele>
      </trkpt>
      <trkpt lat="23.84161756373942" lon="120.47636582516134">
        <ele>30.79</ele>
      </trkpt>
      <trkpt lat="23.84184236638248" lon="120.47655131667852">
        <ele>30.92</ele>
      </trkpt>
      <trkpt lat="23.842070186510682" lon="120.4767394065857">
        <ele>31.11</ele>
      </trkpt>
      <trkpt lat="23.842299515381455" lon="120.47692900523543">
        <ele>31.25</ele>
      </trkpt>
      <trkpt lat="23.84252892807126" lon="120.47711860388517">
        <ele>31.31</ele>
      </trkpt>
      <trkpt lat="23.842758340761065" lon="120.47730828635395">
        <ele>31.35</ele>
      </trkpt>
      <trkpt lat="23.84298775345087" lon="120.47749788500369">
        <ele>31.42</ele>
      </trkpt>
      <trkpt lat="23.843217166140676" lon="120.47768756747246">
        <ele>31.51</ele>
      </trkpt>
      <trkpt lat="23.84344657883048" lon="120.4778771661222">
        <ele>31.61</ele>
      </trkpt>
      <trkpt lat="23.843679511919618" lon="120.47806978225708">
        <ele>31.72</ele>
      </trkpt>
      <trkpt lat="23.843915546312928" lon="120.47828435897827">
        <ele>31.92</ele>
      </trkpt>
      <trkpt lat="23.844150993973017" lon="120.47847697511315">
        <ele>32.04</ele>
      </trkpt>
      <trkpt lat="23.844386525452137" lon="120.47866967506707">
        <ele>32.16</ele>
      </trkpt>
      <trkpt lat="23.844622056931257" lon="120.47886237502098">
        <ele>32.33</ele>
      </trkpt>
      <trkpt lat="23.84485968388617" lon="120.47905683517456">
        <ele>32.55</ele>
      </trkpt>
      <trkpt lat="23.844988429918885" lon="120.47916412353516">
        <ele>32.7</ele>
      </trkpt>
      <trkpt lat="23.84517040103674" lon="120.47931399196386">
        <ele>32.81</ele>
      </trkpt>
      <trkpt lat="23.84535321034491" lon="120.47946453094482">
        <ele>32.92</ele>
      </trkpt>
      <trkpt lat="23.845540545880795" lon="120.47962504439056">
        <ele>33.03</ele>
      </trkpt>
      <trkpt lat="23.84572788141668" lon="120.47978564165533">
        <ele>33.14</ele>
      </trkpt>
      <trkpt lat="23.845915216952562" lon="120.47994623892009">
        <ele>33.26</ele>
      </trkpt>
      <trkpt lat="23.84610422886908" lon="120.4801082611084">
        <ele>33.38</ele>
      </trkpt>
      <trkpt lat="23.84631821885705" lon="120.48027413897216">
        <ele>33.51</ele>
      </trkpt>
      <trkpt lat="23.84653229266405" lon="120.48044001683593">
        <ele>33.65</ele>
      </trkpt>
      <trkpt lat="23.846746366471052" lon="120.48060597851872">
        <ele>33.79</ele>
      </trkpt>
      <trkpt lat="23.846962535753846" lon="120.48077344894409">
        <ele>33.88</ele>
      </trkpt>
      <trkpt lat="23.847198067232966" lon="120.48098760657012">
        <ele>33.97</ele>
      </trkpt>
      <trkpt lat="23.847434604540467" lon="120.48120260238647">
        <ele>34.06</ele>
      </trkpt>
      <trkpt lat="23.847627639770508" lon="120.48137426376343">
        <ele>34.17</ele>
      </trkpt>
      <trkpt lat="23.84776694700122" lon="120.48155640251935">
        <ele>34.36</ele>
      </trkpt>
      <trkpt lat="23.84790667332709" lon="120.48173904418945">
        <ele>34.53</ele>
      </trkpt>
      <trkpt lat="23.84807833470404" lon="120.48197507858276">
        <ele>34.64</ele>
      </trkpt>
      <trkpt lat="23.84807825088501" lon="120.48197507858276">
        <ele>34.75</ele>
      </trkpt>
      <trkpt lat="23.848241278901696" lon="120.48224958591163">
        <ele>34.79</ele>
      </trkpt>
      <trkpt lat="23.848404306918383" lon="120.48252417705953">
        <ele>34.84</ele>
      </trkpt>
      <trkpt lat="23.84856733493507" lon="120.48279876820743">
        <ele>34.98</ele>
      </trkpt>
      <trkpt lat="23.848730446770787" lon="120.48307335935533">
        <ele>35.14</ele>
      </trkpt>
      <trkpt lat="23.84889372624457" lon="120.48334836959839">
        <ele>35.23</ele>
      </trkpt>
      <trkpt lat="23.849043929949403" lon="120.48360586166382">
        <ele>35.36</ele>
      </trkpt>
      <trkpt lat="23.849194049835205" lon="120.48386326991022">
        <ele>35.48</ele>
      </trkpt>
      <trkpt lat="23.84934433735907" lon="120.48412084579468">
        <ele>35.61</ele>
      </trkpt>
      <trkpt lat="23.849494541063905" lon="120.48439979553223">
        <ele>35.75</ele>
      </trkpt>
      <trkpt lat="23.849630411714315" lon="120.4846357461065">
        <ele>35.89</ele>
      </trkpt>
      <trkpt lat="23.849766282364726" lon="120.48487169668078">
        <ele>36.04</ele>
      </trkpt>
      <trkpt lat="23.84990223683417" lon="120.48510789871216">
        <ele>36.12</ele>
      </trkpt>
      <trkpt lat="23.850009525194764" lon="120.48527956008911">
        <ele>36.17</ele>
      </trkpt>
      <trkpt lat="23.850178672000766" lon="120.4855631198734">
        <ele>36.2</ele>
      </trkpt>
      <trkpt lat="23.8503479026258" lon="120.48584676347673">
        <ele>36.25</ele>
      </trkpt>
      <trkpt lat="23.850517133250833" lon="120.48613040708005">
        <ele>36.36</ele>
      </trkpt>
      <trkpt lat="23.850686363875866" lon="120.48641405068338">
        <ele>36.49</ele>
      </trkpt>
      <trkpt lat="23.8508555945009" lon="120.4866976942867">
        <ele>36.59</ele>
      </trkpt>
      <trkpt lat="23.851024825125933" lon="120.48698133789003">
        <ele>36.73</ele>
      </trkpt>
      <trkpt lat="23.851194055750966" lon="120.48726498149335">
        <ele>36.8</ele>
      </trkpt>
      <trkpt lat="23.851363286376" lon="120.48754862509668">
        <ele>36.86</ele>
      </trkpt>
      <trkpt lat="23.851533019915223" lon="120.48783302307129">
        <ele>36.92</ele>
      </trkpt>
      <trkpt lat="23.851668890565634" lon="120.48806897364557">
        <ele>37.0</ele>
      </trkpt>
      <trkpt lat="23.851804761216044" lon="120.48830492421985">
        <ele>37.07</ele>
      </trkpt>
      <trkpt lat="23.851940715685487" lon="120.48854112625122">
        <ele>37.11</ele>
      </trkpt>
      <trkpt lat="23.851940631866455" lon="120.48854112625122">
        <ele>37.16</ele>
      </trkpt>
      <trkpt lat="23.85204792022705" lon="120.4887342453003">
        <ele>37.2</ele>
      </trkpt>
      <trkpt lat="23.852198207750916" lon="120.48899173736572">
        <ele>37.26</ele>
      </trkpt>
      <trkpt lat="23.85232695378363" lon="120.48920631408691">
        <ele>37.31</ele>
      </trkpt>
      <trkpt lat="23.852494256570935" lon="120.48949372954667">
        <ele>37.38</ele>
      </trkpt>
      <trkpt lat="23.85266155935824" lon="120.48978122882545">
        <ele>37.39</ele>
      </trkpt>
      <trkpt lat="23.852828945964575" lon="120.4900686442852">
        <ele>37.41</ele>
      </trkpt>
      <trkpt lat="23.85299624875188" lon="120.49035614356399">
        <ele>37.43</ele>
      </trkpt>
      <trkpt lat="23.853163802996278" lon="120.4906439781189">
        <ele>37.42</ele>
      </trkpt>
      <trkpt lat="23.85331392288208" lon="120.4909013863653">
        <ele>37.44</ele>
      </trkpt>
      <trkpt lat="23.853464126586914" lon="120.49115896224976">
        <ele>37.46</ele>
      </trkpt>
      <trkpt lat="23.853599997237325" lon="120.49138770438731">
        <ele>37.49</ele>
      </trkpt>
      <trkpt lat="23.853735867887735" lon="120.49161653034389">
        <ele>37.53</ele>
      </trkpt>
      <trkpt lat="23.85387190617621" lon="120.49184560775757">
        <ele>37.5</ele>
      </trkpt>
      <trkpt lat="23.853936279192567" lon="120.49197435379028">
        <ele>37.47</ele>
      </trkpt>
      <trkpt lat="23.854043567553163" lon="120.49218893051147">
        <ele>37.39</ele>
      </trkpt>
      <trkpt lat="23.85415085591376" lon="120.49240350723267">
        <ele>37.32</ele>
      </trkpt>
      <trkpt lat="23.854279601946473" lon="120.49268245697021">
        <ele>37.26</ele>
      </trkpt>
      <trkpt lat="23.854408347979188" lon="120.49298286437988">
        <ele>37.2</ele>
      </trkpt>
      <trkpt lat="23.85452418588102" lon="120.49322744831443">
        <ele>37.13</ele>
      </trkpt>
      <trkpt lat="23.85464010760188" lon="120.493472116068">
        <ele>37.04</ele>
      </trkpt>
      <trkpt lat="23.854756029322743" lon="120.49371678382158">
        <ele>36.95</ele>
      </trkpt>
      <trkpt lat="23.854871867224574" lon="120.49396145157516">
        <ele>36.83</ele>
      </trkpt>
      <trkpt lat="23.854987705126405" lon="120.49420595169067">
        <ele>36.69</ele>
      </trkpt>
      <trkpt lat="23.85508426465094" lon="120.49443134106696">
        <ele>36.54</ele>
      </trkpt>
      <trkpt lat="23.855180824175477" lon="120.49465656280518">
        <ele>36.46</ele>
      </trkpt>
      <trkpt lat="23.855245197191834" lon="120.49478530883789">
        <ele>36.37</ele>
      </trkpt>
      <trkpt lat="23.85538467206061" lon="120.4950749874115">
        <ele>36.28</ele>
      </trkpt>
      <trkpt lat="23.855524146929383" lon="120.49536466598511">
        <ele>36.19</ele>
      </trkpt>
      <trkpt lat="23.85560997761786" lon="120.4955792427063">
        <ele>36.1</ele>
      </trkpt>
      <trkpt lat="23.855752972885966" lon="120.49587965011597">
        <ele>35.98</ele>
      </trkpt>
      <trkpt lat="23.855896051973104" lon="120.49618014134467">
        <ele>35.88</ele>
      </trkpt>
      <trkpt lat="23.856039131060243" lon="120.4964804649353">
        <ele>35.76</ele>
      </trkpt>
      <trkpt lat="23.85614641942084" lon="120.49675237387419">
        <ele>35.64</ele>
      </trkpt>
      <trkpt lat="23.856253707781434" lon="120.49702428281307">
        <ele>35.53</ele>
      </trkpt>
      <trkpt lat="23.856360912322998" lon="120.49729585647583">
        <ele>35.42</ele>
      </trkpt>
      <trkpt lat="23.856478929519653" lon="120.49761428497732">
        <ele>35.3</ele>
      </trkpt>
      <trkpt lat="23.85659703053534" lon="120.49793279729784">
        <ele>35.18</ele>
      </trkpt>
      <trkpt lat="23.856715131551027" lon="120.49825122579932">
        <ele>35.11</ele>
      </trkpt>
      <trkpt lat="23.856833232566714" lon="120.49856973811984">
        <ele>35.01</ele>
      </trkpt>
      <trkpt lat="23.8569513335824" lon="120.49888816662133">
        <ele>34.98</ele>
      </trkpt>
      <trkpt lat="23.85706901550293" lon="120.49920558929443">
        <ele>34.91</ele>
      </trkpt>
      <trkpt lat="23.85714420117438" lon="120.49942024983466">
        <ele>34.77</ele>
      </trkpt>
      <trkpt lat="23.857219303026795" lon="120.49963474273682">
        <ele>34.58</ele>
      </trkpt>
      <trkpt lat="23.857219219207764" lon="120.49963474273682">
        <ele>34.46</ele>
      </trkpt>
      <trkpt lat="23.857294404879212" lon="120.49990313127637">
        <ele>34.27</ele>
      </trkpt>
      <trkpt lat="23.85736950673163" lon="120.5001711845398">
        <ele>34.13</ele>
      </trkpt>
      <trkpt lat="23.857369422912598" lon="120.5001711845398">
        <ele>34.01</ele>
      </trkpt>
      <trkpt lat="23.857455253601074" lon="120.50047184340656">
        <ele>33.88</ele>
      </trkpt>
      <trkpt lat="23.857541168108582" lon="120.50077250227332">
        <ele>33.75</ele>
      </trkpt>
      <trkpt lat="23.85762708261609" lon="120.50107316114008">
        <ele>33.63</ele>
      </trkpt>
      <trkpt lat="23.8577129971236" lon="120.50137382000685">
        <ele>33.51</ele>
      </trkpt>
      <trkpt lat="23.857798911631107" lon="120.50167447887361">
        <ele>33.35</ele>
      </trkpt>
      <trkpt lat="23.857884826138616" lon="120.50197513774037">
        <ele>33.27</ele>
      </trkpt>
      <trkpt lat="23.857970740646124" lon="120.50227588042617">
        <ele>33.18</ele>
      </trkpt>
      <trkpt lat="23.858056655153632" lon="120.50257653929293">
        <ele>33.04</ele>
      </trkpt>
      <trkpt lat="23.85814256966114" lon="120.5028771981597">
        <ele>32.89</ele>
      </trkpt>
      <trkpt lat="23.858227729797363" lon="120.50317525863647">
        <ele>32.79</ele>
      </trkpt>
      <trkpt lat="23.85833501815796" lon="120.5034327507019">
        <ele>32.69</ele>
      </trkpt>
      <trkpt lat="23.858442306518555" lon="120.50369024276733">
        <ele>32.55</ele>
      </trkpt>
      <trkpt lat="23.858528221026063" lon="120.50384044647217">
        <ele>32.41</ele>
      </trkpt>
      <trkpt lat="23.858656883239746" lon="120.503990650177">
        <ele>32.3</ele>
      </trkpt>
      <trkpt lat="23.85876408778131" lon="120.50411922857165">
        <ele>32.22</ele>
      </trkpt>
      <trkpt lat="23.85887154377997" lon="120.50424814224243">
        <ele>32.17</ele>
      </trkpt>
      <trkpt lat="23.85911352932453" lon="120.50446221604943">
        <ele>32.15</ele>
      </trkpt>
      <trkpt lat="23.859355514869094" lon="120.50467637367547">
        <ele>32.07</ele>
      </trkpt>
      <trkpt lat="23.859597500413656" lon="120.5048905313015">
        <ele>31.96</ele>
      </trkpt>
      <trkpt lat="23.85983948595822" lon="120.50510468892753">
        <ele>31.87</ele>
      </trkpt>
      <trkpt lat="23.86008147150278" lon="120.50531884655356">
        <ele>31.83</ele>
      </trkpt>
      <trkpt lat="23.860323457047343" lon="120.5055330041796">
        <ele>31.78</ele>
      </trkpt>
      <trkpt lat="23.860565442591906" lon="120.5057470779866">
        <ele>31.68</ele>
      </trkpt>
      <trkpt lat="23.860807428136468" lon="120.50596123561263">
        <ele>31.58</ele>
      </trkpt>
      <trkpt lat="23.86104941368103" lon="120.50617539323866">
        <ele>31.49</ele>
      </trkpt>
      <trkpt lat="23.861296260729432" lon="120.50639390945435">
        <ele>31.47</ele>
      </trkpt>
      <trkpt lat="23.861467922106385" lon="120.50654411315918">
        <ele>31.5</ele>
      </trkpt>
      <trkpt lat="23.861708231270313" lon="120.5067606177181">
        <ele>31.57</ele>
      </trkpt>
      <trkpt lat="23.86194854043424" lon="120.50697712227702">
        <ele>31.6</ele>
      </trkpt>
      <trkpt lat="23.86218884959817" lon="120.50719371065497">
        <ele>31.62</ele>
      </trkpt>
      <trkpt lat="23.86242924258113" lon="120.5074102152139">
        <ele>31.62</ele>
      </trkpt>
      <trkpt lat="23.862669551745057" lon="120.50762671977282">
        <ele>31.6</ele>
      </trkpt>
      <trkpt lat="23.862909860908985" lon="120.50784330815077">
        <ele>31.59</ele>
      </trkpt>
      <trkpt lat="23.863150170072913" lon="120.50805981270969">
        <ele>31.61</ele>
      </trkpt>
      <trkpt lat="23.863390563055873" lon="120.50827631726861">
        <ele>31.59</ele>
      </trkpt>
      <trkpt lat="23.86363514699042" lon="120.50849676132202">
        <ele>31.61</ele>
      </trkpt>
      <trkpt lat="23.863635063171387" lon="120.50849676132202">
        <ele>31.65</ele>
      </trkpt>
      <trkpt lat="23.863870594650507" lon="120.50870547071099">
        <ele>31.72</ele>
      </trkpt>
      <trkpt lat="23.86410620994866" lon="120.508914263919">
        <ele>31.77</ele>
      </trkpt>
      <trkpt lat="23.86434174142778" lon="120.50912314094603">
        <ele>31.79</ele>
      </trkpt>
      <trkpt lat="23.86457928456366" lon="120.50933361053467">
        <ele>31.85</ele>
      </trkpt>
      <trkpt lat="23.86478983797133" lon="120.50952270627022">
        <ele>31.97</ele>
      </trkpt>
      <trkpt lat="23.865000391379" lon="120.5097118858248">
        <ele>32.08</ele>
      </trkpt>
      <trkpt lat="23.865210944786668" lon="120.50990106537938">
        <ele>32.16</ele>
      </trkpt>
      <trkpt lat="23.865421498194337" lon="120.51009024493396">
        <ele>32.24</ele>
      </trkpt>
      <trkpt lat="23.865632135421038" lon="120.51027942448854">
        <ele>32.34</ele>
      </trkpt>
      <trkpt lat="23.865845203399658" lon="120.51047086715698">
        <ele>32.41</ele>
      </trkpt>
      <trkpt lat="23.866005800664425" lon="120.51061000674963">
        <ele>32.5</ele>
      </trkpt>
      <trkpt lat="23.866167152300477" lon="120.51074981689453">
        <ele>32.63</ele>
      </trkpt>
      <trkpt lat="23.866402683779597" lon="120.51096397452056">
        <ele>32.71</ele>
      </trkpt>
      <trkpt lat="23.86663829907775" lon="120.5111781321466">
        <ele>32.79</ele>
      </trkpt>
      <trkpt lat="23.86687383055687" lon="120.51139228977263">
        <ele>32.94</ele>
      </trkpt>
      <trkpt lat="23.86711128987372" lon="120.5116081237793">
        <ele>33.09</ele>
      </trkpt>
      <trkpt lat="23.867261158302426" lon="120.51173653453588">
        <ele>33.2</ele>
      </trkpt>
      <trkpt lat="23.867411697283387" lon="120.51186561584473">
        <ele>33.31</ele>
      </trkpt>
      <trkpt lat="23.86760481633246" lon="120.5120587348938">
        <ele>33.44</ele>
      </trkpt>
      <trkpt lat="23.867754684761167" lon="120.51218714565039">
        <ele>33.59</ele>
      </trkpt>
      <trkpt lat="23.867905223742127" lon="120.51231622695923">
        <ele>33.74</ele>
      </trkpt>
      <trkpt lat="23.86808719485998" lon="120.512476824224">
        <ele>33.88</ele>
      </trkpt>
      <trkpt lat="23.868270004168153" lon="120.51263809204102">
        <ele>34.01</ele>
      </trkpt>
      <trkpt lat="23.86841987259686" lon="120.5127665027976">
        <ele>34.15</ele>
      </trkpt>
      <trkpt lat="23.86857041157782" lon="120.51289558410645">
        <ele>34.26</ele>
      </trkpt>
      <trkpt lat="23.868784485384822" lon="120.51308828406036">
        <ele>34.37</ele>
      </trkpt>
      <trkpt lat="23.868999565020204" lon="120.51328182220459">
        <ele>34.46</ele>
      </trkpt>
      <trkpt lat="23.868999481201172" lon="120.51328182220459">
        <ele>34.57</ele>
      </trkpt>
      <trkpt lat="23.86919930577278" lon="120.51346027292311">
        <ele>34.63</ele>
      </trkpt>
      <trkpt lat="23.869399214163423" lon="120.51363872364163">
        <ele>34.7</ele>
      </trkpt>
      <trkpt lat="23.869600296020508" lon="120.51381826400757">
        <ele>34.76</ele>
      </trkpt>
      <trkpt lat="23.86977874673903" lon="120.51398238167167">
        <ele>34.81</ele>
      </trkpt>
      <trkpt lat="23.869957197457552" lon="120.5141465831548">
        <ele>34.88</ele>
      </trkpt>
      <trkpt lat="23.870136737823486" lon="120.51431179046631">
        <ele>35.01</ele>
      </trkpt>
      <trkpt lat="23.870372269302607" lon="120.51451873965561">
        <ele>35.15</ele>
      </trkpt>
      <trkpt lat="23.87060788460076" lon="120.51472577266395">
        <ele>35.27</ele>
      </trkpt>
      <trkpt lat="23.87084492482245" lon="120.51493406295776">
        <ele>35.42</ele>
      </trkpt>
      <trkpt lat="23.870844841003418" lon="120.51493406295776">
        <ele>35.52</ele>
      </trkpt>
      <trkpt lat="23.871073247864842" lon="120.51514101214707">
        <ele>35.6</ele>
      </trkpt>
      <trkpt lat="23.8713017385453" lon="120.5153480451554">
        <ele>35.64</ele>
      </trkpt>
      <trkpt lat="23.871531570330262" lon="120.51555633544922">
        <ele>35.72</ele>
      </trkpt>
      <trkpt lat="23.87153148651123" lon="120.51555633544922">
        <ele>35.8</ele>
      </trkpt>
      <trkpt lat="23.87165998108685" lon="120.51567410118878">
        <ele>35.95</ele>
      </trkpt>
      <trkpt lat="23.871789062395692" lon="120.51579236984253">
        <ele>36.09</ele>
      </trkpt>
      <trkpt lat="23.871971033513546" lon="120.5159529671073">
        <ele>36.22</ele>
      </trkpt>
      <trkpt lat="23.872153842821717" lon="120.51611423492432">
        <ele>36.28</ele>
      </trkpt>
      <trkpt lat="23.872389374300838" lon="120.51632294431329">
        <ele>36.26</ele>
      </trkpt>
      <trkpt lat="23.872624905779958" lon="120.51653182134032">
        <ele>36.27</ele>
      </trkpt>
      <trkpt lat="23.87286052107811" lon="120.51674061454833">
        <ele>36.25</ele>
      </trkpt>
      <trkpt lat="23.87309798039496" lon="120.51695108413696">
        <ele>36.28</ele>
      </trkpt>
      <trkpt lat="23.873258493840694" lon="120.51709022372961">
        <ele>36.32</ele>
      </trkpt>
      <trkpt lat="23.873419761657715" lon="120.51723003387451">
        <ele>36.36</ele>
      </trkpt>
      <trkpt lat="23.873634422197938" lon="120.5174446105957">
        <ele>36.44</ele>
      </trkpt>
      <trkpt lat="23.873634338378906" lon="120.5174446105957">
        <ele>36.45</ele>
      </trkpt>
      <trkpt lat="23.873763168230653" lon="120.5175518989563">
        <ele>36.49</ele>
      </trkpt>
      <trkpt lat="23.873970117419958" lon="120.51773747429252">
        <ele>36.52</ele>
      </trkpt>
      <trkpt lat="23.874177150428295" lon="120.51792304962873">
        <ele>36.47</ele>
      </trkpt>
      <trkpt lat="23.874385440722108" lon="120.5181097984314">
        <ele>36.4</ele>
      </trkpt>
      <trkpt lat="23.87461669743061" lon="120.51831532269716">
        <ele>36.39</ele>
      </trkpt>
      <trkpt lat="23.874847954139113" lon="120.51852093078196">
        <ele>36.41</ele>
      </trkpt>
      <trkpt lat="23.875079210847616" lon="120.51872653886676">
        <ele>36.35</ele>
      </trkpt>
      <trkpt lat="23.87531055137515" lon="120.51893206313252">
        <ele>36.31</ele>
      </trkpt>
      <trkpt lat="23.87554415501654" lon="120.51913976669312">
        <ele>36.27</ele>
      </trkpt>
      <trkpt lat="23.87567264959216" lon="120.51925753243268">
        <ele>36.22</ele>
      </trkpt>
      <trkpt lat="23.87580164708197" lon="120.51937580108643">
        <ele>36.15</ele>
      </trkpt>
      <trkpt lat="23.875972973182797" lon="120.51953279413283">
        <ele>36.09</ele>
      </trkpt>
      <trkpt lat="23.876144299283624" lon="120.51968987099826">
        <ele>36.05</ele>
      </trkpt>
      <trkpt lat="23.87631663121283" lon="120.51984786987305">
        <ele>35.99</ele>
      </trkpt>
      <trkpt lat="23.876455686986446" lon="120.51994409412146">
        <ele>35.92</ele>
      </trkpt>
      <trkpt lat="23.87659558095038" lon="120.52004098892212">
        <ele>35.84</ele>
      </trkpt>
      <trkpt lat="23.876745281741023" lon="120.52012648433447">
        <ele>35.75</ele>
      </trkpt>
      <trkpt lat="23.876895904541016" lon="120.52021265029907">
        <ele>35.69</ele>
      </trkpt>
      <trkpt lat="23.87711509130895" lon="120.52030887454748">
        <ele>35.64</ele>
      </trkpt>
      <trkpt lat="23.877334278076887" lon="120.52040509879589">
        <ele>35.57</ele>
      </trkpt>
      <trkpt lat="23.877553464844823" lon="120.5205013230443">
        <ele>35.42</ele>
      </trkpt>
      <trkpt lat="23.877775752916932" lon="120.52059888839722">
        <ele>35.26</ele>
      </trkpt>
      <trkpt lat="23.878033244982362" lon="120.52072763442993">
        <ele>35.18</ele>
      </trkpt>
      <trkpt lat="23.87803316116333" lon="120.52072763442993">
        <ele>35.07</ele>
      </trkpt>
      <trkpt lat="23.878307584673166" lon="120.52084875293076">
        <ele>35.02</ele>
      </trkpt>
      <trkpt lat="23.878582008183002" lon="120.52096995525062">
        <ele>34.91</ele>
      </trkpt>
      <trkpt lat="23.87885643169284" lon="120.52109115757048">
        <ele>34.76</ele>
      </trkpt>
      <trkpt lat="23.879130855202675" lon="120.52121227607131">
        <ele>34.67</ele>
      </trkpt>
      <trkpt lat="23.879405362531543" lon="120.52133347839117">
        <ele>34.55</ele>
      </trkpt>
      <trkpt lat="23.879685485735536" lon="120.52145719528198">
        <ele>34.35</ele>
      </trkpt>
      <trkpt lat="23.879952700808644" lon="120.52157479338348">
        <ele>34.17</ele>
      </trkpt>
      <trkpt lat="23.880219999700785" lon="120.52169239148498">
        <ele>34.02</ele>
      </trkpt>
      <trkpt lat="23.880487298592925" lon="120.52180998958647">
        <ele>33.87</ele>
      </trkpt>
      <trkpt lat="23.880758369341493" lon="120.5219292640686">
        <ele>33.71</ele>
      </trkpt>
      <trkpt lat="23.880907986313105" lon="120.52199338562787">
        <ele>33.56</ele>
      </trkpt>
      <trkpt lat="23.88105877675116" lon="120.52205801010132">
        <ele>33.41</ele>
      </trkpt>
      <trkpt lat="23.88124049641192" lon="120.52214350551367">
        <ele>33.25</ele>
      </trkpt>
      <trkpt lat="23.881423557177186" lon="120.52222967147827">
        <ele>33.12</ele>
      </trkpt>
      <trkpt lat="23.8816231302917" lon="120.52231516689062">
        <ele>33.02</ele>
      </trkpt>
      <trkpt lat="23.881822703406215" lon="120.52240066230297">
        <ele>32.93</ele>
      </trkpt>
      <trkpt lat="23.882024371996522" lon="120.5224871635437">
        <ele>32.84</ele>
      </trkpt>
      <trkpt lat="23.88228186406195" lon="120.52261590957642">
        <ele>32.71</ele>
      </trkpt>
      <trkpt lat="23.88228178024292" lon="120.52261590957642">
        <ele>32.59</ele>
      </trkpt>
      <trkpt lat="23.882500967010856" lon="120.52271213382483">
        <ele>32.46</ele>
      </trkpt>
      <trkpt lat="23.88272015377879" lon="120.52280835807323">
        <ele>32.33</ele>
      </trkpt>
      <trkpt lat="23.882939340546727" lon="120.52290458232164">
        <ele>32.21</ele>
      </trkpt>
      <trkpt lat="23.883161628618836" lon="120.52300214767456">
        <ele>32.11</ele>
      </trkpt>
      <trkpt lat="23.883183002471924" lon="120.52302360534668">
        <ele>32.02</ele>
      </trkpt>
      <trkpt lat="23.883375450968742" lon="120.52310910075903">
        <ele>31.9</ele>
      </trkpt>
      <trkpt lat="23.88356924057007" lon="120.52319526672363">
        <ele>31.81</ele>
      </trkpt>
      <trkpt lat="23.88381516560912" lon="120.52330213598907">
        <ele>31.72</ele>
      </trkpt>
      <trkpt lat="23.884061090648174" lon="120.52340908907354">
        <ele>31.6</ele>
      </trkpt>
      <trkpt lat="23.884307015687227" lon="120.52351595833898">
        <ele>31.5</ele>
      </trkpt>
      <trkpt lat="23.88455637730658" lon="120.52362442016602">
        <ele>31.48</ele>
      </trkpt>
      <trkpt lat="23.88455629348755" lon="120.52362442016602">
        <ele>31.45</ele>
      </trkpt>
      <trkpt lat="23.884819988161325" lon="120.52374553866684">
        <ele>31.5</ele>
      </trkpt>
      <trkpt lat="23.885083766654134" lon="120.5238667409867">
        <ele>31.53</ele>
      </trkpt>
      <trkpt lat="23.88535031117499" lon="120.52398920059204">
        <ele>31.58</ele>
      </trkpt>
      <trkpt lat="23.88560780324042" lon="120.52409648895264">
        <ele>31.55</ele>
      </trkpt>
      <trkpt lat="23.88575742021203" lon="120.5241606105119">
        <ele>31.53</ele>
      </trkpt>
      <trkpt lat="23.885908210650086" lon="120.52422523498535">
        <ele>31.51</ele>
      </trkpt>
      <trkpt lat="23.88615765608847" lon="120.52433922886848">
        <ele>31.51</ele>
      </trkpt>
      <trkpt lat="23.886407185345888" lon="120.52445330657065">
        <ele>31.51</ele>
      </trkpt>
      <trkpt lat="23.886659229174256" lon="120.52456855773926">
        <ele>31.55</ele>
      </trkpt>
      <trkpt lat="23.886840948835015" lon="120.52464332431555">
        <ele>31.61</ele>
      </trkpt>
      <trkpt lat="23.88702400960028" lon="120.52471876144409">
        <ele>31.7</ele>
      </trkpt>
      <trkpt lat="23.88730195350945" lon="120.52484348416328">
        <ele>31.82</ele>
      </trkpt>
      <trkpt lat="23.887579897418618" lon="120.52496820688248">
        <ele>31.88</ele>
      </trkpt>
      <trkpt lat="23.887857925146818" lon="120.52509292960167">
        <ele>31.93</ele>
      </trkpt>
      <trkpt lat="23.888135869055986" lon="120.52521765232086">
        <ele>32.05</ele>
      </trkpt>
      <trkpt lat="23.888413896784186" lon="120.52534245885909">
        <ele>32.15</ele>
      </trkpt>
      <trkpt lat="23.888697624206543" lon="120.52546977996826">
        <ele>32.28</ele>
      </trkpt>
      <trkpt lat="23.888869285583496" lon="120.52555561065674">
        <ele>32.42</ele>
      </trkpt>
      <trkpt lat="23.88906240463257" lon="120.52568435668945">
        <ele>32.59</ele>
      </trkpt>
      <trkpt lat="23.88918025419116" lon="120.52580212242901">
        <ele>32.75</ele>
      </trkpt>
      <trkpt lat="23.88929852284491" lon="120.52592039108276">
        <ele>32.89</ele>
      </trkpt>
      <trkpt lat="23.889484265819192" lon="120.5261705070734">
        <ele>32.99</ele>
      </trkpt>
      <trkpt lat="23.889670092612505" lon="120.52642062306404">
        <ele>33.04</ele>
      </trkpt>
      <trkpt lat="23.88985642232001" lon="120.52667140960693">
        <ele>33.09</ele>
      </trkpt>
      <trkpt lat="23.89000645838678" lon="120.52688581869006">
        <ele>33.19</ele>
      </trkpt>
      <trkpt lat="23.890156829729676" lon="120.52710056304932">
        <ele>33.26</ele>
      </trkpt>
      <trkpt lat="23.890156745910645" lon="120.52710056304932">
        <ele>33.34</ele>
      </trkpt>
      <trkpt lat="23.890342572703958" lon="120.52735780365765">
        <ele>33.36</ele>
      </trkpt>
      <trkpt lat="23.89052839949727" lon="120.52761512808502">
        <ele>33.42</ele>
      </trkpt>
      <trkpt lat="23.890714226290584" lon="120.52787236869335">
        <ele>33.53</ele>
      </trkpt>
      <trkpt lat="23.890900053083897" lon="120.52812969312072">
        <ele>33.63</ele>
      </trkpt>
      <trkpt lat="23.89108587987721" lon="120.52838701754808">
        <ele>33.67</ele>
      </trkpt>
      <trkpt lat="23.89127262867987" lon="120.5286455154419">
        <ele>33.74</ele>
      </trkpt>
      <trkpt lat="23.89146558009088" lon="120.52890275605023">
        <ele>33.79</ele>
      </trkpt>
      <trkpt lat="23.891658866778016" lon="120.52916049957275">
        <ele>33.88</ele>
      </trkpt>
      <trkpt lat="23.891658782958984" lon="120.52916049957275">
        <ele>33.95</ele>
      </trkpt>
      <trkpt lat="23.89175525866449" lon="120.52929980680346">
        <ele>34.07</ele>
      </trkpt>
      <trkpt lat="23.89185198582709" lon="120.5294394493103">
        <ele>34.16</ele>
      </trkpt>
      <trkpt lat="23.892009146511555" lon="120.52966098301113">
        <ele>34.24</ele>
      </trkpt>
      <trkpt lat="23.892166391015053" lon="120.52988251671195">
        <ele>34.31</ele>
      </trkpt>
      <trkpt lat="23.89232405461371" lon="120.530104637146">
        <ele>34.36</ele>
      </trkpt>
      <trkpt lat="23.8924419041723" lon="120.53025467321277">
        <ele>34.41</ele>
      </trkpt>
      <trkpt lat="23.89256008900702" lon="120.53040504455566">
        <ele>34.45</ele>
      </trkpt>
      <trkpt lat="23.892739629372954" lon="120.53065155632794">
        <ele>34.45</ele>
      </trkpt>
      <trkpt lat="23.89291916973889" lon="120.53089815191925">
        <ele>34.47</ele>
      </trkpt>
      <trkpt lat="23.893098710104823" lon="120.53114466369152">
        <ele>34.57</ele>
      </trkpt>
      <trkpt lat="23.89327833428979" lon="120.53139125928283">
        <ele>34.73</ele>
      </trkpt>
      <trkpt lat="23.893457874655724" lon="120.53163785487413">
        <ele>34.79</ele>
      </trkpt>
      <trkpt lat="23.893637415021658" lon="120.53188436664641">
        <ele>34.79</ele>
      </trkpt>
      <trkpt lat="23.893817039206624" lon="120.53213096223772">
        <ele>34.79</ele>
      </trkpt>
      <trkpt lat="23.893997753039002" lon="120.53237915039062">
        <ele>34.84</ele>
      </trkpt>
      <trkpt lat="23.894104873761535" lon="120.53251845762134">
        <ele>34.92</ele>
      </trkpt>
      <trkpt lat="23.894212245941162" lon="120.53265810012817">
        <ele>34.99</ele>
      </trkpt>
      <trkpt lat="23.894362449645996" lon="120.53280830383301">
        <ele>35.05</ele>
      </trkpt>
      <trkpt lat="23.89452296309173" lon="120.5329367145896">
        <ele>35.09</ele>
      </trkpt>
      <trkpt lat="23.894684314727783" lon="120.53306579589844">
        <ele>35.12</ele>
      </trkpt>
      <trkpt lat="23.894877433776855" lon="120.53321599960327">
        <ele>35.17</ele>
      </trkpt>
      <trkpt lat="23.895105589181185" lon="120.53335145115852">
        <ele>35.19</ele>
      </trkpt>
      <trkpt lat="23.895333828404546" lon="120.53348698653281">
        <ele>35.2</ele>
      </trkpt>
      <trkpt lat="23.8955641631037" lon="120.53362369537354">
        <ele>35.22</ele>
      </trkpt>
      <trkpt lat="23.895799443125725" lon="120.53375202231109">
        <ele>35.2</ele>
      </trkpt>
      <trkpt lat="23.89603623189032" lon="120.53388118743896">
        <ele>35.15</ele>
      </trkpt>
      <trkpt lat="23.89603614807129" lon="120.53388118743896">
        <ele>35.16</ele>
      </trkpt>
      <trkpt lat="23.89630353078246" lon="120.53402015939355">
        <ele>35.17</ele>
      </trkpt>
      <trkpt lat="23.8965726736933" lon="120.53416013717651">
        <ele>35.24</ele>
      </trkpt>
      <trkpt lat="23.896765122190118" lon="120.53427773527801">
        <ele>35.28</ele>
      </trkpt>
      <trkpt lat="23.896958827972412" lon="120.53439617156982">
        <ele>35.32</ele>
      </trkpt>
      <trkpt lat="23.89720500446856" lon="120.53457805886865">
        <ele>35.33</ele>
      </trkpt>
      <trkpt lat="23.89745118096471" lon="120.5347600299865">
        <ele>35.32</ele>
      </trkpt>
      <trkpt lat="23.897697357460856" lon="120.53494191728532">
        <ele>35.32</ele>
      </trkpt>
      <trkpt lat="23.897945964708924" lon="120.53512573242188">
        <ele>35.32</ele>
      </trkpt>
      <trkpt lat="23.898159954696894" lon="120.53528088144958">
        <ele>35.3</ele>
      </trkpt>
      <trkpt lat="23.898373944684863" lon="120.53543603047729">
        <ele>35.22</ele>
      </trkpt>
      <trkpt lat="23.898588018491864" lon="120.53559126332402">
        <ele>35.21</ele>
      </trkpt>
      <trkpt lat="23.898804187774658" lon="120.53574800491333">
        <ele>35.24</ele>
      </trkpt>
      <trkpt lat="23.898943243548274" lon="120.53583358414471">
        <ele>35.28</ele>
      </trkpt>
      <trkpt lat="23.899083137512207" lon="120.53591966629028">
        <ele>35.33</ele>
      </trkpt>
      <trkpt lat="23.899275669828057" lon="120.53602661937475">
        <ele>35.37</ele>
      </trkpt>
      <trkpt lat="23.899469459429383" lon="120.53613424301147">
        <ele>35.44</ele>
      </trkpt>
      <trkpt lat="23.899726113304496" lon="120.53627857938409">
        <ele>35.51</ele>
      </trkpt>
      <trkpt lat="23.89998285099864" lon="120.53642299957573">
        <ele>35.52</ele>
      </trkpt>
      <trkpt lat="23.900239504873753" lon="120.53656741976738">
        <ele>35.49</ele>
      </trkpt>
      <trkpt lat="23.900499427691102" lon="120.53671360015869">
        <ele>35.48</ele>
      </trkpt>
      <trkpt lat="23.900670502334833" lon="120.53679909557104">
        <ele>35.51</ele>
      </trkpt>
      <trkpt lat="23.90084275044501" lon="120.53688526153564">
        <ele>35.54</ele>
      </trkpt>
      <trkpt lat="23.90109940432012" lon="120.53702959790826">
        <ele>35.6</ele>
      </trkpt>
      <trkpt lat="23.901356142014265" lon="120.5371740180999">
        <ele>35.65</ele>
      </trkpt>
      <trkpt lat="23.901612795889378" lon="120.53731843829155">
        <ele>35.66</ele>
      </trkpt>
      <trkpt lat="23.901872718706727" lon="120.53746461868286">
        <ele>35.62</ele>
      </trkpt>
      <trkpt lat="23.902136497199535" lon="120.53760007023811">
        <ele>35.6</ele>
      </trkpt>
      <trkpt lat="23.902400275692344" lon="120.53773552179337">
        <ele>35.58</ele>
      </trkpt>
      <trkpt lat="23.902666652575135" lon="120.53787231445312">
        <ele>35.61</ele>
      </trkpt>
      <trkpt lat="23.902666568756104" lon="120.53787231445312">
        <ele>35.59</ele>
      </trkpt>
      <trkpt lat="23.902826998382807" lon="120.53795780986547">
        <ele>35.56</ele>
      </trkpt>
      <trkpt lat="23.902988517656922" lon="120.53804397583008">
        <ele>35.52</ele>
      </trkpt>
      <trkpt lat="23.903234442695975" lon="120.53818294778466">
        <ele>35.49</ele>
      </trkpt>
      <trkpt lat="23.90348196029663" lon="120.53832292556763">
        <ele>35.48</ele>
      </trkpt>
      <trkpt lat="23.903653621673584" lon="120.53847312927246">
        <ele>35.4</ele>
      </trkpt>
      <trkpt lat="23.903889656066895" lon="120.53866624832153">
        <ele>35.32</ele>
      </trkpt>
      <trkpt lat="23.904082272201777" lon="120.53881603293121">
        <ele>35.27</ele>
      </trkpt>
      <trkpt lat="23.90427497215569" lon="120.53896590135992">
        <ele>35.21</ele>
      </trkpt>
      <trkpt lat="23.904469097033143" lon="120.53911685943604">
        <ele>35.09</ele>
      </trkpt>
      <trkpt lat="23.904650984331965" lon="120.53924527019262">
        <ele>34.95</ele>
      </trkpt>
      <trkpt lat="23.90483387745917" lon="120.53937435150146">
        <ele>34.78</ele>
      </trkpt>
      <trkpt lat="23.905058428645134" lon="120.53949731402099">
        <ele>34.63</ele>
      </trkpt>
      <trkpt lat="23.90528306365013" lon="120.53962027654052">
        <ele>34.46</ele>
      </trkpt>
      <trkpt lat="23.90550769865513" lon="120.53974332287908">
        <ele>34.31</ele>
      </trkpt>
      <trkpt lat="23.905735099688172" lon="120.5398678779602">
        <ele>34.2</ele>
      </trkpt>
      <trkpt lat="23.905981108546257" lon="120.54000684991479">
        <ele>34.07</ele>
      </trkpt>
      <trkpt lat="23.90622711740434" lon="120.5401459056884">
        <ele>33.92</ele>
      </trkpt>
      <trkpt lat="23.906473126262426" lon="120.54028496146202">
        <ele>33.74</ele>
      </trkpt>
      <trkpt lat="23.90671913512051" lon="120.54042401723564">
        <ele>33.53</ele>
      </trkpt>
      <trkpt lat="23.906965143978596" lon="120.54056307300925">
        <ele>33.35</ele>
      </trkpt>
      <trkpt lat="23.907215679064393" lon="120.54070472717285">
        <ele>33.17</ele>
      </trkpt>
      <trkpt lat="23.907493790611625" lon="120.54086515679955">
        <ele>32.99</ele>
      </trkpt>
      <trkpt lat="23.90777357853949" lon="120.54102659225464">
        <ele>32.77</ele>
      </trkpt>
      <trkpt lat="23.907966697588563" lon="120.54113388061523">
        <ele>32.59</ele>
      </trkpt>
      <trkpt lat="23.908116398379207" lon="120.54121937602758">
        <ele>32.47</ele>
      </trkpt>
      <trkpt lat="23.90826710499823" lon="120.54130554199219">
        <ele>32.36</ele>
      </trkpt>
      <trkpt lat="23.908514622598886" lon="120.54145222529769">
        <ele>32.28</ele>
      </trkpt>
      <trkpt lat="23.908762224018574" lon="120.54159890860319">
        <ele>32.15</ele>
      </trkpt>
      <trkpt lat="23.90900974161923" lon="120.5417455919087">
        <ele>31.96</ele>
      </trkpt>
      <trkpt lat="23.909257343038917" lon="120.5418922752142">
        <ele>31.75</ele>
      </trkpt>
      <trkpt lat="23.909504860639572" lon="120.54203904233873">
        <ele>31.61</ele>
      </trkpt>
      <trkpt lat="23.90975246205926" lon="120.54218572564423">
        <ele>31.51</ele>
      </trkpt>
      <trkpt lat="23.91000517643988" lon="120.5423355102539">
        <ele>31.38</ele>
      </trkpt>
      <trkpt lat="23.910240456461906" lon="120.54246383719146">
        <ele>31.24</ele>
      </trkpt>
      <trkpt lat="23.910477245226502" lon="120.54259300231934">
        <ele>31.1</ele>
      </trkpt>
      <trkpt lat="23.910701796412468" lon="120.54271060042083">
        <ele>30.99</ele>
      </trkpt>
      <trkpt lat="23.910927856341004" lon="120.54282903671265">
        <ele>30.89</ele>
      </trkpt>
      <trkpt lat="23.911134554073215" lon="120.54293590597808">
        <ele>30.76</ele>
      </trkpt>
      <trkpt lat="23.911341335624456" lon="120.54304285906255">
        <ele>30.61</ele>
      </trkpt>
      <trkpt lat="23.91155012883246" lon="120.54315090179443">
        <ele>30.46</ele>
      </trkpt>
      <trkpt lat="23.9118174277246" lon="120.54328987374902">
        <ele>30.31</ele>
      </trkpt>
      <trkpt lat="23.912086570635438" lon="120.54342985153198">
        <ele>30.27</ele>
      </trkpt>
      <trkpt lat="23.912086486816406" lon="120.54342985153198">
        <ele>30.19</ele>
      </trkpt>
      <trkpt lat="23.9123164024204" lon="120.54354208521545">
        <ele>30.19</ele>
      </trkpt>
      <trkpt lat="23.912546318024397" lon="120.54365440271795">
        <ele>30.14</ele>
      </trkpt>
      <trkpt lat="23.912776233628392" lon="120.54376663640141">
        <ele>30.11</ele>
      </trkpt>
      <trkpt lat="23.91300925053656" lon="120.54388046264648">
        <ele>30.09</ele>
      </trkpt>
      <trkpt lat="23.91326665878296" lon="120.5440092086792">
        <ele>30.07</ele>
      </trkpt>
      <trkpt lat="23.913549967110157" lon="120.54414549842477">
        <ele>29.98</ele>
      </trkpt>
      <trkpt lat="23.913833359256387" lon="120.54428187198937">
        <ele>29.85</ele>
      </trkpt>
      <trkpt lat="23.914116751402617" lon="120.54441816173494">
        <ele>29.71</ele>
      </trkpt>
      <trkpt lat="23.914400143548846" lon="120.54455453529954">
        <ele>29.61</ele>
      </trkpt>
      <trkpt lat="23.914683451876044" lon="120.54469082504511">
        <ele>29.61</ele>
      </trkpt>
      <trkpt lat="23.914966844022274" lon="120.54482719860971">
        <ele>29.61</ele>
      </trkpt>
      <trkpt lat="23.915250236168504" lon="120.54496357217431">
        <ele>29.59</ele>
      </trkpt>
      <trkpt lat="23.915541172027588" lon="120.54510354995728">
        <ele>29.58</ele>
      </trkpt>
      <trkpt lat="23.91576211899519" lon="120.54520329460502">
        <ele>29.58</ele>
      </trkpt>
      <trkpt lat="23.915983149781823" lon="120.54530312307179">
        <ele>29.59</ele>
      </trkpt>
      <trkpt lat="23.916206443682313" lon="120.54540395736694">
        <ele>29.58</ele>
      </trkpt>
      <trkpt lat="23.91620635986328" lon="120.54540395736694">
        <ele>29.58</ele>
      </trkpt>
      <trkpt lat="23.91649503260851" lon="120.5455375649035">
        <ele>29.54</ele>
      </trkpt>
      <trkpt lat="23.91678378917277" lon="120.54567125625908">
        <ele>29.58</ele>
      </trkpt>
      <trkpt lat="23.917072461917996" lon="120.54580486379564">
        <ele>29.63</ele>
      </trkpt>
      <trkpt lat="23.917365157976747" lon="120.54594039916992">
        <ele>29.65</ele>
      </trkpt>
      <trkpt lat="23.917632456868887" lon="120.54605799727142">
        <ele>29.68</ele>
      </trkpt>
      <trkpt lat="23.917901599779725" lon="120.54617643356323">
        <ele>29.78</ele>
      </trkpt>
      <trkpt lat="23.918137634173036" lon="120.54628372192383">
        <ele>29.84</ele>
      </trkpt>
      <trkpt lat="23.918415578082204" lon="120.54641732946038">
        <ele>29.86</ele>
      </trkpt>
      <trkpt lat="23.918693605810404" lon="120.54655102081597">
        <ele>29.84</ele>
      </trkpt>
      <trkpt lat="23.918971633538604" lon="120.54668471217155">
        <ele>29.87</ele>
      </trkpt>
      <trkpt lat="23.91925343312323" lon="120.5468201637268">
        <ele>29.89</ele>
      </trkpt>
      <trkpt lat="23.91951092518866" lon="120.54699182510376">
        <ele>29.9</ele>
      </trkpt>
      <trkpt lat="23.919639587402344" lon="120.54707765579224">
        <ele>29.92</ele>
      </trkpt>
      <trkpt lat="23.919789791107178" lon="120.54724931716919">
        <ele>29.92</ele>
      </trkpt>
      <trkpt lat="23.91996145248413" lon="120.54752826690674">
        <ele>29.98</ele>
      </trkpt>
      <trkpt lat="23.92011878080666" lon="120.54782146587968">
        <ele>30.05</ele>
      </trkpt>
      <trkpt lat="23.92027610912919" lon="120.54811466485262">
        <ele>30.06</ele>
      </trkpt>
      <trkpt lat="23.920433521270752" lon="120.54840803146362">
        <ele>30.07</ele>
      </trkpt>
      <trkpt lat="23.920530080795288" lon="120.54857960902154">
        <ele>30.11</ele>
      </trkpt>
      <trkpt lat="23.920626724138856" lon="120.54875135421753">
        <ele>30.13</ele>
      </trkpt>
      <trkpt lat="23.92075547017157" lon="120.54898738861084">
        <ele>30.14</ele>
      </trkpt>
      <trkpt lat="23.920877007767558" lon="120.54921621456742">
        <ele>30.19</ele>
      </trkpt>
      <trkpt lat="23.920998629182577" lon="120.54944512434304">
        <ele>30.28</ele>
      </trkpt>
      <trkpt lat="23.921120250597596" lon="120.54967403411865">
        <ele>30.36</ele>
      </trkpt>
      <trkpt lat="23.92124899663031" lon="120.54991006851196">
        <ele>30.44</ele>
      </trkpt>
      <trkpt lat="23.92124891281128" lon="120.54991006851196">
        <ele>30.5</ele>
      </trkpt>
      <trkpt lat="23.921334827318788" lon="120.55008172988892">
        <ele>30.56</ele>
      </trkpt>
      <trkpt lat="23.92148503102362" lon="120.55037140846252">
        <ele>30.63</ele>
      </trkpt>
      <trkpt lat="23.921635234728456" lon="120.55066108703613">
        <ele>30.68</ele>
      </trkpt>
      <trkpt lat="23.9217209815979" lon="120.550821935758">
        <ele>30.72</ele>
      </trkpt>
      <trkpt lat="23.92180689610541" lon="120.55098295211792">
        <ele>30.78</ele>
      </trkpt>
      <trkpt lat="23.921892642974854" lon="120.55113307200372">
        <ele>30.85</ele>
      </trkpt>
      <trkpt lat="23.92197847366333" lon="120.55128335952759">
        <ele>30.88</ele>
      </trkpt>
      <trkpt lat="23.922085762023926" lon="120.55145502090454">
        <ele>30.91</ele>
      </trkpt>
      <trkpt lat="23.92221450805664" lon="120.55160522460938">
        <ele>30.94</ele>
      </trkpt>
      <trkpt lat="23.922343337908387" lon="120.55171251296997">
        <ele>30.97</ele>
      </trkpt>
      <trkpt lat="23.92247200012207" lon="120.55179834365845">
        <ele>31.0</ele>
      </trkpt>
      <trkpt lat="23.922600829973817" lon="120.55188417434692">
        <ele>31.02</ele>
      </trkpt>
      <trkpt lat="23.922879779711366" lon="120.55199146270752">
        <ele>31.03</ele>
      </trkpt>
      <trkpt lat="23.923127632588148" lon="120.5520426761359">
        <ele>31.03</ele>
      </trkpt>
      <trkpt lat="23.923375569283962" lon="120.55209397338331">
        <ele>31.05</ele>
      </trkpt>
      <trkpt lat="23.923623422160745" lon="120.55214527063072">
        <ele>31.06</ele>
      </trkpt>
      <trkpt lat="23.92387135885656" lon="120.55219656787813">
        <ele>31.01</ele>
      </trkpt>
      <trkpt lat="23.924124324694276" lon="120.55224895477295">
        <ele>30.95</ele>
      </trkpt>
      <trkpt lat="23.924124240875244" lon="120.55224895477295">
        <ele>30.94</ele>
      </trkpt>
      <trkpt lat="23.92439137212932" lon="120.55230586789548">
        <ele>30.92</ele>
      </trkpt>
      <trkpt lat="23.924658503383398" lon="120.55236286483705">
        <ele>30.93</ele>
      </trkpt>
      <trkpt lat="23.924925634637475" lon="120.55241986177862">
        <ele>30.94</ele>
      </trkpt>
      <trkpt lat="23.925192849710584" lon="120.55247685872018">
        <ele>30.92</ele>
      </trkpt>
      <trkpt lat="23.92545998096466" lon="120.55253385566175">
        <ele>30.91</ele>
      </trkpt>
      <trkpt lat="23.92573365010321" lon="120.55259227752686">
        <ele>30.85</ele>
      </trkpt>
      <trkpt lat="23.92573356628418" lon="120.55259227752686">
        <ele>30.82</ele>
      </trkpt>
      <trkpt lat="23.926007067784667" lon="120.55264776572585">
        <ele>30.74</ele>
      </trkpt>
      <trkpt lat="23.926280653104186" lon="120.55270333774388">
        <ele>30.69</ele>
      </trkpt>
      <trkpt lat="23.926554238423705" lon="120.5527589097619">
        <ele>30.66</ele>
      </trkpt>
      <trkpt lat="23.926827823743224" lon="120.55281448177993">
        <ele>30.61</ele>
      </trkpt>
      <trkpt lat="23.927106941118836" lon="120.5528712272644">
        <ele>30.54</ele>
      </trkpt>
      <trkpt lat="23.927106857299805" lon="120.5528712272644">
        <ele>30.5</ele>
      </trkpt>
      <trkpt lat="23.92729922197759" lon="120.55290324613452">
        <ele>30.49</ele>
      </trkpt>
      <trkpt lat="23.92749317921698" lon="120.55293560028076">
        <ele>30.46</ele>
      </trkpt>
      <trkpt lat="23.927621925249696" lon="120.55295705795288">
        <ele>30.41</ele>
      </trkpt>
      <trkpt lat="23.92779358662665" lon="120.55299997329712">
        <ele>30.39</ele>
      </trkpt>
      <trkpt lat="23.92803934402764" lon="120.55305336602032">
        <ele>30.37</ele>
      </trkpt>
      <trkpt lat="23.92828711308539" lon="120.55310726165771">
        <ele>30.31</ele>
      </trkpt>
      <trkpt lat="23.928515017032623" lon="120.55314992554486">
        <ele>30.21</ele>
      </trkpt>
      <trkpt lat="23.92874300479889" lon="120.55319267325103">
        <ele>30.07</ele>
      </trkpt>
      <trkpt lat="23.9289737585932" lon="120.55323600769043">
        <ele>30.01</ele>
      </trkpt>
      <trkpt lat="23.92920970916748" lon="120.55330038070679">
        <ele>29.96</ele>
      </trkpt>
      <trkpt lat="23.929445827379823" lon="120.55334329605103">
        <ele>29.88</ele>
      </trkpt>
      <trkpt lat="23.929680939763784" lon="120.55342166684568">
        <ele>29.82</ele>
      </trkpt>
      <trkpt lat="23.929916052147746" lon="120.55350003764033">
        <ele>29.78</ele>
      </trkpt>
      <trkpt lat="23.930153846740723" lon="120.55357933044434">
        <ele>29.79</ele>
      </trkpt>
      <trkpt lat="23.930303463712335" lon="120.55363272316754">
        <ele>29.77</ele>
      </trkpt>
      <trkpt lat="23.930454337969422" lon="120.55368661880493">
        <ele>29.75</ele>
      </trkpt>
      <trkpt lat="23.93045425415039" lon="120.55368661880493">
        <ele>29.72</ele>
      </trkpt>
      <trkpt lat="23.930682325735688" lon="120.55377923883498">
        <ele>29.69</ele>
      </trkpt>
      <trkpt lat="23.930910397320986" lon="120.55387185886502">
        <ele>29.64</ele>
      </trkpt>
      <trkpt lat="23.931140983477235" lon="120.55396556854248">
        <ele>29.64</ele>
      </trkpt>
      <trkpt lat="23.931140899658203" lon="120.55396556854248">
        <ele>29.63</ele>
      </trkpt>
      <trkpt lat="23.931397469714284" lon="120.55407243780792">
        <ele>29.62</ele>
      </trkpt>
      <trkpt lat="23.931654039770365" lon="120.55417939089239">
        <ele>29.59</ele>
      </trkpt>
      <trkpt lat="23.931910693645477" lon="120.55428626015782">
        <ele>29.58</ele>
      </trkpt>
      <trkpt lat="23.932170951738954" lon="120.55439472198486">
        <ele>29.62</ele>
      </trkpt>
      <trkpt lat="23.932170867919922" lon="120.55439472198486">
        <ele>29.64</ele>
      </trkpt>
      <trkpt lat="23.93241318874061" lon="120.5544944666326">
        <ele>29.71</ele>
      </trkpt>
      <trkpt lat="23.9326555095613" lon="120.55459421128035">
        <ele>29.73</ele>
      </trkpt>
      <trkpt lat="23.932900512591004" lon="120.55469512939453">
        <ele>29.73</ele>
      </trkpt>
      <trkpt lat="23.93311433494091" lon="120.55478774942458">
        <ele>29.7</ele>
      </trkpt>
      <trkpt lat="23.933328157290816" lon="120.55488036945462">
        <ele>29.71</ele>
      </trkpt>
      <trkpt lat="23.93354424275458" lon="120.55497407913208">
        <ele>29.76</ele>
      </trkpt>
      <trkpt lat="23.933801651000977" lon="120.55508136749268">
        <ele>29.83</ele>
      </trkpt>
      <trkpt lat="23.934015557169914" lon="120.55518823675811">
        <ele>29.95</ele>
      </trkpt>
      <trkpt lat="23.93423088826239" lon="120.55529594421387">
        <ele>30.05</ele>
      </trkpt>
      <trkpt lat="23.93423080444336" lon="120.55529594421387">
        <ele>30.11</ele>
      </trkpt>
      <trkpt lat="23.93439115025103" lon="120.55538143962622">
        <ele>30.19</ele>
      </trkpt>
      <trkpt lat="23.934552669525146" lon="120.55546760559082">
        <ele>30.25</ele>
      </trkpt>
      <trkpt lat="23.934766659513116" lon="120.55559593252838">
        <ele>30.37</ele>
      </trkpt>
      <trkpt lat="23.93498190678656" lon="120.55572509765625">
        <ele>30.43</ele>
      </trkpt>
      <trkpt lat="23.93523151986301" lon="120.55589625611901">
        <ele>30.46</ele>
      </trkpt>
      <trkpt lat="23.935481132939458" lon="120.55606749840081">
        <ele>30.49</ele>
      </trkpt>
      <trkpt lat="23.9357328414917" lon="120.55624008178711">
        <ele>30.59</ele>
      </trkpt>
      <trkpt lat="23.93599041737616" lon="120.55643320083618">
        <ele>30.7</ele>
      </trkpt>
      <trkpt lat="23.93599033355713" lon="120.55643320083618">
        <ele>30.74</ele>
      </trkpt>
      <trkpt lat="23.936129556968808" lon="120.55657242424786">
        <ele>30.78</ele>
      </trkpt>
      <trkpt lat="23.936269283294678" lon="120.55671215057373">
        <ele>30.8</ele>
      </trkpt>
      <trkpt lat="23.936453517526388" lon="120.55691348388791">
        <ele>30.75</ele>
      </trkpt>
      <trkpt lat="23.93663783557713" lon="120.55711490102112">
        <ele>30.75</ele>
      </trkpt>
      <trkpt lat="23.936822153627872" lon="120.55731631815434">
        <ele>30.77</ele>
      </trkpt>
      <trkpt lat="23.937006387859583" lon="120.55751773528755">
        <ele>30.78</ele>
      </trkpt>
      <trkpt lat="23.937192047014832" lon="120.55772066116333">
        <ele>30.77</ele>
      </trkpt>
      <trkpt lat="23.937363708391786" lon="120.5579137802124">
        <ele>30.77</ele>
      </trkpt>
      <trkpt lat="23.93754576332867" lon="120.55810656398535">
        <ele>30.77</ele>
      </trkpt>
      <trkpt lat="23.93772840499878" lon="120.55830001831055">
        <ele>30.7</ele>
      </trkpt>
      <trkpt lat="23.937857151031494" lon="120.5584716796875">
        <ele>30.68</ele>
      </trkpt>
      <trkpt lat="23.938093185424805" lon="120.55868625640869">
        <ele>30.74</ele>
      </trkpt>
      <trkpt lat="23.938350761309266" lon="120.55887937545776">
        <ele>30.83</ele>
      </trkpt>
      <trkpt lat="23.938458049669862" lon="120.55894374847412">
        <ele>30.78</ele>
      </trkpt>
      <trkpt lat="23.938565254211426" lon="120.5590295791626">
        <ele>30.64</ele>
      </trkpt>
      <trkpt lat="23.938834816217422" lon="120.55918782949448">
        <ele>30.44</ele>
      </trkpt>
      <trkpt lat="23.93910437822342" lon="120.55934616364539">
        <ele>30.33</ele>
      </trkpt>
      <trkpt lat="23.939373940229416" lon="120.5595044977963">
        <ele>30.25</ele>
      </trkpt>
      <trkpt lat="23.939643586054444" lon="120.55966283194721">
        <ele>30.1</ele>
      </trkpt>
      <trkpt lat="23.939917171373963" lon="120.559823513031">
        <ele>29.94</ele>
      </trkpt>
      <trkpt lat="23.940098974853754" lon="120.55993046611547">
        <ele>29.88</ele>
      </trkpt>
      <trkpt lat="23.94028195179999" lon="120.5600380897522">
        <ele>29.76</ele>
      </trkpt>
      <trkpt lat="23.9405386056751" lon="120.56018510833383">
        <ele>29.61</ele>
      </trkpt>
      <trkpt lat="23.940795343369246" lon="120.56033221073449">
        <ele>29.44</ele>
      </trkpt>
      <trkpt lat="23.941051997244358" lon="120.56047931313515">
        <ele>29.29</ele>
      </trkpt>
      <trkpt lat="23.941308734938502" lon="120.56062633171678">
        <ele>29.19</ele>
      </trkpt>
      <trkpt lat="23.941565472632647" lon="120.56077343411744">
        <ele>29.1</ele>
      </trkpt>
      <trkpt lat="23.94182212650776" lon="120.5609205365181">
        <ele>28.99</ele>
      </trkpt>
      <trkpt lat="23.942078864201903" lon="120.56106755509973">
        <ele>28.85</ele>
      </trkpt>
      <trkpt lat="23.942341804504395" lon="120.56121826171875">
        <ele>28.69</ele>
      </trkpt>
      <trkpt lat="23.942580185830593" lon="120.56135882623494">
        <ele>28.57</ele>
      </trkpt>
      <trkpt lat="23.94281856715679" lon="120.56149939075112">
        <ele>28.54</ele>
      </trkpt>
      <trkpt lat="23.94305694848299" lon="120.56163995526731">
        <ele>28.54</ele>
      </trkpt>
      <trkpt lat="23.94329541362822" lon="120.56178060360253">
        <ele>28.5</ele>
      </trkpt>
      <trkpt lat="23.94353379495442" lon="120.56192116811872">
        <ele>28.35</ele>
      </trkpt>
      <trkpt lat="23.943772176280618" lon="120.5620617326349">
        <ele>28.15</ele>
      </trkpt>
      <trkpt lat="23.94401558674872" lon="120.56220531463623">
        <ele>28.02</ele>
      </trkpt>
      <trkpt lat="23.944254387170076" lon="120.56234437040985">
        <ele>28.0</ele>
      </trkpt>
      <trkpt lat="23.944493271410465" lon="120.56248342618346">
        <ele>27.96</ele>
      </trkpt>
      <trkpt lat="23.944732155650854" lon="120.56262248195708">
        <ele>27.88</ele>
      </trkpt>
      <trkpt lat="23.944971039891243" lon="120.5627615377307">
        <ele>27.78</ele>
      </trkpt>
      <trkpt lat="23.945209924131632" lon="120.56290059350431">
        <ele>27.65</ele>
      </trkpt>
      <trkpt lat="23.94545316696167" lon="120.56304216384888">
        <ele>27.55</ele>
      </trkpt>
      <trkpt lat="23.945688446983695" lon="120.56318121962249">
        <ele>27.53</ele>
      </trkpt>
      <trkpt lat="23.94592523574829" lon="120.56332111358643">
        <ele>27.54</ele>
      </trkpt>
      <trkpt lat="23.946171244606376" lon="120.56346008554101">
        <ele>27.54</ele>
      </trkpt>
      <trkpt lat="23.946418846026063" lon="120.56360006332397">
        <ele>27.57</ele>
      </trkpt>
      <trkpt lat="23.946675499901175" lon="120.56374976411462">
        <ele>27.57</ele>
      </trkpt>
      <trkpt lat="23.94693223759532" lon="120.5638995487243">
        <ele>27.61</ele>
      </trkpt>
      <trkpt lat="23.947188975289464" lon="120.56404924951494">
        <ele>27.62</ele>
      </trkpt>
      <trkpt lat="23.94744881428778" lon="120.56420087814331">
        <ele>27.62</ele>
      </trkpt>
      <trkpt lat="23.947684094309807" lon="120.5643345694989">
        <ele>27.67</ele>
      </trkpt>
      <trkpt lat="23.947919374331832" lon="120.56446826085448">
        <ele>27.75</ele>
      </trkpt>
      <trkpt lat="23.94815473817289" lon="120.56460195221007">
        <ele>27.81</ele>
      </trkpt>
      <trkpt lat="23.948392951861024" lon="120.56473731994629">
        <ele>27.84</ele>
      </trkpt>
      <trkpt lat="23.948585484176874" lon="120.56485491804779">
        <ele>27.86</ele>
      </trkpt>
      <trkpt lat="23.94877918995917" lon="120.5649733543396">
        <ele>27.9</ele>
      </trkpt>
      <trkpt lat="23.94895085133612" lon="120.56505918502808">
        <ele>27.95</ele>
      </trkpt>
      <trkpt lat="23.949154028669" lon="120.56517678312957">
        <ele>28.05</ele>
      </trkpt>
      <trkpt lat="23.949358547106385" lon="120.56529521942139">
        <ele>28.16</ele>
      </trkpt>
      <trkpt lat="23.949567088857293" lon="120.56541818194091">
        <ele>28.3</ele>
      </trkpt>
      <trkpt lat="23.949775714427233" lon="120.56554122827947">
        <ele>28.42</ele>
      </trkpt>
      <trkpt lat="23.94998425617814" lon="120.565664190799">
        <ele>28.56</ele>
      </trkpt>
      <trkpt lat="23.95019539631903" lon="120.56578874588013">
        <ele>28.7</ele>
      </trkpt>
      <trkpt lat="23.95028122700751" lon="120.56585311889648">
        <ele>28.83</ele>
      </trkpt>
      <trkpt lat="23.95045288838446" lon="120.56593894958496">
        <ele>28.99</ele>
      </trkpt>
      <trkpt lat="23.950560176745057" lon="120.56600332260132">
        <ele>29.14</ele>
      </trkpt>
      <trkpt lat="23.950560092926025" lon="120.56600332260132">
        <ele>29.26</ele>
      </trkpt>
      <trkpt lat="23.950838204473257" lon="120.56616375222802">
        <ele>29.44</ele>
      </trkpt>
      <trkpt lat="23.951118076220155" lon="120.5663251876831">
        <ele>29.55</ele>
      </trkpt>
      <trkpt lat="23.951397025957704" lon="120.56645393371582">
        <ele>29.63</ele>
      </trkpt>
      <trkpt lat="23.951568603515625" lon="120.56651830673218">
        <ele>29.7</ele>
      </trkpt>
      <trkpt lat="23.95171880722046" lon="120.5665397644043">
        <ele>29.79</ele>
      </trkpt>
      <trkpt lat="23.95199784077704" lon="120.56656122207642">
        <ele>29.88</ele>
      </trkpt>
      <trkpt lat="23.95226849243045" lon="120.56657538749278">
        <ele>29.96</ele>
      </trkpt>
      <trkpt lat="23.952539144083858" lon="120.56658963672817">
        <ele>30.03</ele>
      </trkpt>
      <trkpt lat="23.952813232317567" lon="120.56660413742065">
        <ele>30.16</ele>
      </trkpt>
      <trkpt lat="23.953105257824063" lon="120.56662542745471">
        <ele>30.3</ele>
      </trkpt>
      <trkpt lat="23.95339728333056" lon="120.5666468013078">
        <ele>30.41</ele>
      </trkpt>
      <trkpt lat="23.95369299687445" lon="120.56666851043701">
        <ele>30.46</ele>
      </trkpt>
      <trkpt lat="23.95394939929247" lon="120.56668125092983">
        <ele>30.5</ele>
      </trkpt>
      <trkpt lat="23.954205801710486" lon="120.56669407524168">
        <ele>30.48</ele>
      </trkpt>
      <trkpt lat="23.954462204128504" lon="120.56670689955354">
        <ele>30.42</ele>
      </trkpt>
      <trkpt lat="23.95471860654652" lon="120.56671972386539">
        <ele>30.37</ele>
      </trkpt>
      <trkpt lat="23.9549804572016" lon="120.56673288345337">
        <ele>30.39</ele>
      </trkpt>
      <trkpt lat="23.955226130783558" lon="120.56674889288843">
        <ele>30.46</ele>
      </trkpt>
      <trkpt lat="23.955471888184547" lon="120.56676490232348">
        <ele>30.58</ele>
      </trkpt>
      <trkpt lat="23.955717561766505" lon="120.56678091175854">
        <ele>30.62</ele>
      </trkpt>
      <trkpt lat="23.95596751011908" lon="120.56679725646973">
        <ele>30.58</ele>
      </trkpt>
      <trkpt lat="23.956170435994864" lon="120.5667971726507">
        <ele>30.48</ele>
      </trkpt>
      <trkpt lat="23.956375205889344" lon="120.56679725646973">
        <ele>30.41</ele>
      </trkpt>
      <trkpt lat="23.956375122070312" lon="120.56679725646973">
        <ele>30.36</ele>
      </trkpt>
      <trkpt lat="23.95655675791204" lon="120.5667971726507">
        <ele>30.26</ele>
      </trkpt>
      <trkpt lat="23.95673998631537" lon="120.56679725646973">
        <ele>30.16</ele>
      </trkpt>
      <trkpt lat="23.95699211396277" lon="120.56679298169911">
        <ele>30.07</ele>
      </trkpt>
      <trkpt lat="23.95724424161017" lon="120.56678870692849">
        <ele>29.99</ele>
      </trkpt>
      <trkpt lat="23.95749636925757" lon="120.56678443215787">
        <ele>29.95</ele>
      </trkpt>
      <trkpt lat="23.95774849690497" lon="120.56678015738726">
        <ele>29.93</ele>
      </trkpt>
      <trkpt lat="23.9580059889704" lon="120.56677579879761">
        <ele>29.9</ele>
      </trkpt>
      <trkpt lat="23.958005905151367" lon="120.56677579879761">
        <ele>29.79</ele>
      </trkpt>
      <trkpt lat="23.958240933716297" lon="120.56676867417991">
        <ele>29.71</ele>
      </trkpt>
      <trkpt lat="23.958475962281227" lon="120.56676154956222">
        <ele>29.56</ele>
      </trkpt>
      <trkpt lat="23.95871409215033" lon="120.56675434112549">
        <ele>29.39</ele>
      </trkpt>
      <trkpt lat="23.95901449956" lon="120.56675434112549">
        <ele>29.17</ele>
      </trkpt>
      <trkpt lat="23.95924952812493" lon="120.56675425730646">
        <ele>28.93</ele>
      </trkpt>
      <trkpt lat="23.95948455668986" lon="120.56675425730646">
        <ele>28.74</ele>
      </trkpt>
      <trkpt lat="23.95972260273993" lon="120.56675434112549">
        <ele>28.58</ele>
      </trkpt>
      <trkpt lat="23.96002166904509" lon="120.56674579158425">
        <ele>28.44</ele>
      </trkpt>
      <trkpt lat="23.960320819169283" lon="120.56673724204302">
        <ele>28.34</ele>
      </trkpt>
      <trkpt lat="23.960619969293475" lon="120.56672869250178">
        <ele>28.24</ele>
      </trkpt>
      <trkpt lat="23.960919119417667" lon="120.56672014296055">
        <ele>27.96</ele>
      </trkpt>
      <trkpt lat="23.96122463978827" lon="120.56671142578125">
        <ele>27.71</ele>
      </trkpt>
      <trkpt lat="23.961396301165223" lon="120.56671142578125">
        <ele>27.59</ele>
      </trkpt>
      <trkpt lat="23.961681118234992" lon="120.56671142578125">
        <ele>27.49</ele>
      </trkpt>
      <trkpt lat="23.961966019123793" lon="120.56671142578125">
        <ele>27.3</ele>
      </trkpt>
      <trkpt lat="23.96225460804999" lon="120.56671142578125">
        <ele>26.96</ele>
      </trkpt>
      <trkpt lat="23.962254524230957" lon="120.56671142578125">
        <ele>26.78</ele>
      </trkpt>
      <trkpt lat="23.962521571666002" lon="120.56670606136322">
        <ele>26.52</ele>
      </trkpt>
      <trkpt lat="23.96278870292008" lon="120.56670069694519">
        <ele>26.35</ele>
      </trkpt>
      <trkpt lat="23.963055834174156" lon="120.56669533252716">
        <ele>26.15</ele>
      </trkpt>
      <trkpt lat="23.963327491655946" lon="120.56668996810913">
        <ele>25.95</ele>
      </trkpt>
      <trkpt lat="23.963327407836914" lon="120.56668996810913">
        <ele>25.8</ele>
      </trkpt>
      <trkpt lat="23.96359445527196" lon="120.5666846036911">
        <ele>25.64</ele>
      </trkpt>
      <trkpt lat="23.963861586526036" lon="120.56667923927307">
        <ele>25.51</ele>
      </trkpt>
      <trkpt lat="23.964128717780113" lon="120.56667387485504">
        <ele>25.42</ele>
      </trkpt>
      <trkpt lat="23.964400375261903" lon="120.56666851043701">
        <ele>25.33</ele>
      </trkpt>
      <trkpt lat="23.96440029144287" lon="120.56666851043701">
        <ele>25.22</ele>
      </trkpt>
      <trkpt lat="23.96471008658409" lon="120.56666851043701">
        <ele>25.19</ele>
      </trkpt>
      <trkpt lat="23.965022647753358" lon="120.56666851043701">
        <ele>25.19</ele>
      </trkpt>
      <trkpt lat="23.965022563934326" lon="120.56666851043701">
        <ele>25.1</ele>
      </trkpt>
      <trkpt lat="23.965280139818788" lon="120.56668996810913">
        <ele>25.02</ele>
      </trkpt>
      <trkpt lat="23.965579206123948" lon="120.56670061312616">
        <ele>24.88</ele>
      </trkpt>
      <trkpt lat="23.965880870819092" lon="120.56671142578125">
        <ele>24.77</ele>
      </trkpt>
      <trkpt lat="23.96610165014863" lon="120.5667327158153">
        <ele>24.67</ele>
      </trkpt>
      <trkpt lat="23.9663225132972" lon="120.5667540896684">
        <ele>24.58</ele>
      </trkpt>
      <trkpt lat="23.966546142473817" lon="120.56677579879761">
        <ele>24.5</ele>
      </trkpt>
      <trkpt lat="23.966546058654785" lon="120.56677579879761">
        <ele>24.44</ele>
      </trkpt>
      <trkpt lat="23.96673833951354" lon="120.56679708883166">
        <ele>24.36</ele>
      </trkpt>
      <trkpt lat="23.96693229675293" lon="120.56681871414185">
        <ele>24.29</ele>
      </trkpt>
      <trkpt lat="23.967135306447744" lon="120.56685073301196">
        <ele>24.28</ele>
      </trkpt>
      <trkpt lat="23.967339992523193" lon="120.5668830871582">
        <ele>24.27</ele>
      </trkpt>
      <trkpt lat="23.967564459890127" lon="120.5669578537345">
        <ele>24.28</ele>
      </trkpt>
      <trkpt lat="23.967790687456727" lon="120.56703329086304">
        <ele>24.32</ele>
      </trkpt>
      <trkpt lat="23.967790603637695" lon="120.56703329086304">
        <ele>24.3</ele>
      </trkpt>
      <trkpt lat="23.968054298311472" lon="120.56713303551078">
        <ele>24.35</ele>
      </trkpt>
      <trkpt lat="23.96831799298525" lon="120.56723278015852">
        <ele>24.38</ele>
      </trkpt>
      <trkpt lat="23.968584621325135" lon="120.5673336982727">
        <ele>24.32</ele>
      </trkpt>
      <trkpt lat="23.968755695968866" lon="120.56742992252111">
        <ele>24.22</ele>
      </trkpt>
      <trkpt lat="23.96892794407904" lon="120.56752681732178">
        <ele>24.14</ele>
      </trkpt>
      <trkpt lat="23.96892786026001" lon="120.56752681732178">
        <ele>24.14</ele>
      </trkpt>
      <trkpt lat="23.96916389465332" lon="120.56767702102661">
        <ele>24.14</ele>
      </trkpt>
      <trkpt lat="23.969335220754147" lon="120.56782688945532">
        <ele>24.17</ele>
      </trkpt>
      <trkpt lat="23.96950730122626" lon="120.56797742843628">
        <ele>24.21</ele>
      </trkpt>
      <trkpt lat="23.96962506696582" lon="120.56809519417584">
        <ele>24.24</ele>
      </trkpt>
      <trkpt lat="23.96974333561957" lon="120.56821346282959">
        <ele>24.29</ele>
      </trkpt>
      <trkpt lat="23.96989337168634" lon="120.56842787191272">
        <ele>24.34</ele>
      </trkpt>
      <trkpt lat="23.97004349157214" lon="120.56864228099585">
        <ele>24.29</ele>
      </trkpt>
      <trkpt lat="23.97019394673407" lon="120.56885719299316">
        <ele>24.24</ele>
      </trkpt>
      <trkpt lat="23.970322525128722" lon="120.56903941556811">
        <ele>24.22</ele>
      </trkpt>
      <trkpt lat="23.9704514387995" lon="120.56922197341919">
        <ele>24.2</ele>
      </trkpt>
      <trkpt lat="23.970580184832215" lon="120.56937217712402">
        <ele>24.17</ele>
      </trkpt>
      <trkpt lat="23.97068738937378" lon="120.5695222131908">
        <ele>24.16</ele>
      </trkpt>
      <trkpt lat="23.970794761553407" lon="120.56967258453369">
        <ele>24.2</ele>
      </trkpt>
      <trkpt lat="23.970944797620177" lon="120.56988699361682">
        <ele>24.25</ele>
      </trkpt>
      <trkpt lat="23.97109491750598" lon="120.57010140269995">
        <ele>24.31</ele>
      </trkpt>
      <trkpt lat="23.97124537266791" lon="120.57031631469727">
        <ele>24.36</ele>
      </trkpt>
      <trkpt lat="23.971245288848877" lon="120.57031631469727">
        <ele>24.38</ele>
      </trkpt>
      <trkpt lat="23.97138820029795" lon="120.57051639072597">
        <ele>24.38</ele>
      </trkpt>
      <trkpt lat="23.971531111747026" lon="120.5707165505737">
        <ele>24.38</ele>
      </trkpt>
      <trkpt lat="23.97167444229126" lon="120.5709171295166">
        <ele>24.39</ele>
      </trkpt>
      <trkpt lat="23.97179229184985" lon="120.57104562409222">
        <ele>24.42</ele>
      </trkpt>
      <trkpt lat="23.971910560503602" lon="120.57117462158203">
        <ele>24.45</ele>
      </trkpt>
      <trkpt lat="23.972028326243162" lon="120.57130311615765">
        <ele>24.48</ele>
      </trkpt>
      <trkpt lat="23.97214651107788" lon="120.57143211364746">
        <ele>24.51</ele>
      </trkpt>
      <trkpt lat="23.972296714782715" lon="120.57156085968018">
        <ele>24.54</ele>
      </trkpt>
      <trkpt lat="23.97242554463446" lon="120.5715823173523">
        <ele>24.58</ele>
      </trkpt>
      <trkpt lat="23.972649844363332" lon="120.57158223353326">
        <ele>24.61</ele>
      </trkpt>
      <trkpt lat="23.972876155748963" lon="120.5715823173523">
        <ele>24.66</ele>
      </trkpt>
      <trkpt lat="23.97287607192993" lon="120.5715823173523">
        <ele>24.68</ele>
      </trkpt>
      <trkpt lat="23.973150243982673" lon="120.57159296236932">
        <ele>24.73</ele>
      </trkpt>
      <trkpt lat="23.973424499854445" lon="120.57160360738635">
        <ele>24.74</ele>
      </trkpt>
      <trkpt lat="23.973698671907187" lon="120.57161433622241">
        <ele>24.73</ele>
      </trkpt>
      <trkpt lat="23.97397292777896" lon="120.57162498123944">
        <ele>24.77</ele>
      </trkpt>
      <trkpt lat="23.9742470998317" lon="120.5716357100755">
        <ele>24.78</ele>
      </trkpt>
      <trkpt lat="23.974528312683105" lon="120.57164669036865">
        <ele>24.81</ele>
      </trkpt>
      <trkpt lat="23.974838107824326" lon="120.57165733538568">
        <ele>24.82</ele>
      </trkpt>
      <trkpt lat="23.975150668993592" lon="120.57166814804077">
        <ele>24.84</ele>
      </trkpt>
      <trkpt lat="23.975322330370545" lon="120.57166814804077">
        <ele>24.82</ele>
      </trkpt>
      <trkpt lat="23.975322246551514" lon="120.57166814804077">
        <ele>24.8</ele>
      </trkpt>
      <trkpt lat="23.975546630099416" lon="120.5716787930578">
        <ele>24.74</ele>
      </trkpt>
      <trkpt lat="23.975772941485047" lon="120.57168960571289">
        <ele>24.69</ele>
      </trkpt>
      <trkpt lat="23.976039988920093" lon="120.57170025072992">
        <ele>24.66</ele>
      </trkpt>
      <trkpt lat="23.976309383288026" lon="120.57171106338501">
        <ele>24.57</ele>
      </trkpt>
      <trkpt lat="23.97656570188701" lon="120.57172170840204">
        <ele>24.45</ele>
      </trkpt>
      <trkpt lat="23.976824283599854" lon="120.57173252105713">
        <ele>24.42</ele>
      </trkpt>
      <trkpt lat="23.97708068601787" lon="120.57174316607416">
        <ele>24.42</ele>
      </trkpt>
      <trkpt lat="23.977339267730713" lon="120.57175397872925">
        <ele>24.38</ele>
      </trkpt>
      <trkpt lat="23.977553928270936" lon="120.57173252105713">
        <ele>24.32</ele>
      </trkpt>
      <trkpt lat="23.97773548029363" lon="120.57171114720404">
        <ele>24.26</ele>
      </trkpt>
      <trkpt lat="23.97791870869696" lon="120.57168960571289">
        <ele>24.2</ele>
      </trkpt>
      <trkpt lat="23.97810034453869" lon="120.57163612917066">
        <ele>24.11</ele>
      </trkpt>
      <trkpt lat="23.978283489122987" lon="120.5715823173523">
        <ele>23.99</ele>
      </trkpt>
      <trkpt lat="23.978283405303955" lon="120.5715823173523">
        <ele>23.9</ele>
      </trkpt>
      <trkpt lat="23.978443751111627" lon="120.571518111974">
        <ele>23.76</ele>
      </trkpt>
      <trkpt lat="23.978605354204774" lon="120.57145357131958">
        <ele>23.61</ele>
      </trkpt>
      <trkpt lat="23.978841388598084" lon="120.57134628295898">
        <ele>23.47</ele>
      </trkpt>
      <trkpt lat="23.978841304779053" lon="120.57134628295898">
        <ele>23.37</ele>
      </trkpt>
      <trkpt lat="23.979090750217438" lon="120.57122860103846">
        <ele>23.25</ele>
      </trkpt>
      <trkpt lat="23.979340279474854" lon="120.57111100293696">
        <ele>23.1</ele>
      </trkpt>
      <trkpt lat="23.97958980873227" lon="120.57099340483546">
        <ele>22.98</ele>
      </trkpt>
      <trkpt lat="23.979839254170656" lon="120.57087572291493">
        <ele>22.91</ele>
      </trkpt>
      <trkpt lat="23.980088783428073" lon="120.57075812481344">
        <ele>22.81</ele>
      </trkpt>
      <trkpt lat="23.980343341827393" lon="120.57063817977905">
        <ele>22.67</ele>
      </trkpt>
      <trkpt lat="23.980493042618036" lon="120.5705632455647">
        <ele>22.57</ele>
      </trkpt>
      <trkpt lat="23.98064374923706" lon="120.57048797607422">
        <ele>22.55</ele>
      </trkpt>
      <trkpt lat="23.980879867449403" lon="120.57033777236938">
        <ele>22.55</ele>
      </trkpt>
      <trkpt lat="23.981029652059078" lon="120.57022000662982">
        <ele>22.52</ele>
      </trkpt>
      <trkpt lat="23.98118019104004" lon="120.57010173797607">
        <ele>22.48</ele>
      </trkpt>
      <trkpt lat="23.98141580633819" lon="120.56987408548594">
        <ele>22.43</ele>
      </trkpt>
      <trkpt lat="23.981651421636343" lon="120.56964651681483">
        <ele>22.37</ele>
      </trkpt>
      <trkpt lat="23.981887036934495" lon="120.56941894814372">
        <ele>22.3</ele>
      </trkpt>
      <trkpt lat="23.982122652232647" lon="120.56919137947261">
        <ele>22.19</ele>
      </trkpt>
      <trkpt lat="23.9823582675308" lon="120.5689638108015">
        <ele>22.12</ele>
      </trkpt>
      <trkpt lat="23.98259388282895" lon="120.56873615831137">
        <ele>22.0</ele>
      </trkpt>
      <trkpt lat="23.982829498127103" lon="120.56850858964026">
        <ele>21.92</ele>
      </trkpt>
      <trkpt lat="23.983068466186523" lon="120.56827783584595">
        <ele>21.86</ele>
      </trkpt>
      <trkpt lat="23.98327197879553" lon="120.568085052073">
        <ele>21.85</ele>
      </trkpt>
      <trkpt lat="23.98347624577582" lon="120.5678915977478">
        <ele>21.84</ele>
      </trkpt>
      <trkpt lat="23.983476161956787" lon="120.5678915977478">
        <ele>21.79</ele>
      </trkpt>
      <trkpt lat="23.983700964599848" lon="120.56769881397486">
        <ele>21.78</ele>
      </trkpt>
      <trkpt lat="23.98392677307129" lon="120.56750535964966">
        <ele>21.73</ele>
      </trkpt>
      <trkpt lat="23.984065912663937" lon="120.56740905158222">
        <ele>21.67</ele>
      </trkpt>
      <trkpt lat="23.98420580662787" lon="120.56731224060059">
        <ele>21.58</ele>
      </trkpt>
      <trkpt lat="23.984387693926692" lon="120.56719447486103">
        <ele>21.49</ele>
      </trkpt>
      <trkpt lat="23.984570587053895" lon="120.56707620620728">
        <ele>21.39</ele>
      </trkpt>
      <trkpt lat="23.98479161784053" lon="120.5669335462153">
        <ele>21.31</ele>
      </trkpt>
      <trkpt lat="23.985012732446194" lon="120.56679088622332">
        <ele>21.26</ele>
      </trkpt>
      <trkpt lat="23.985235691070557" lon="120.56664705276489">
        <ele>21.24</ele>
      </trkpt>
      <trkpt lat="23.98536443710327" lon="120.56656122207642">
        <ele>21.22</ele>
      </trkpt>
      <trkpt lat="23.985535595566034" lon="120.56645418517292">
        <ele>21.17</ele>
      </trkpt>
      <trkpt lat="23.98570784367621" lon="120.56634664535522">
        <ele>21.1</ele>
      </trkpt>
      <trkpt lat="23.98593893274665" lon="120.56620113551617">
        <ele>21.02</ele>
      </trkpt>
      <trkpt lat="23.986170021817088" lon="120.56605562567711">
        <ele>20.96</ele>
      </trkpt>
      <trkpt lat="23.986401110887527" lon="120.56591011583805">
        <ele>20.95</ele>
      </trkpt>
      <trkpt lat="23.986632199957967" lon="120.565764605999">
        <ele>20.9</ele>
      </trkpt>
      <trkpt lat="23.986866557970643" lon="120.56561708450317">
        <ele>20.8</ele>
      </trkpt>
      <trkpt lat="23.987048361450434" lon="120.56549931876361">
        <ele>20.75</ele>
      </trkpt>
      <trkpt lat="23.987231254577637" lon="120.56538105010986">
        <ele>20.66</ele>
      </trkpt>
      <trkpt lat="23.987445244565606" lon="120.56524191051722">
        <ele>20.6</ele>
      </trkpt>
      <trkpt lat="23.987659234553576" lon="120.5651028547436">
        <ele>20.6</ele>
      </trkpt>
      <trkpt lat="23.987873224541545" lon="120.56496371515095">
        <ele>20.56</ele>
      </trkpt>
      <trkpt lat="23.988089645281434" lon="120.56482315063477">
        <ele>20.57</ele>
      </trkpt>
      <trkpt lat="23.988260803744197" lon="120.5647053848952">
        <ele>20.58</ele>
      </trkpt>
      <trkpt lat="23.98843296803534" lon="120.56458711624146">
        <ele>20.6</ele>
      </trkpt>
      <trkpt lat="23.98864754475653" lon="120.56445837020874">
        <ele>20.63</ele>
      </trkpt>
      <trkpt lat="23.9886474609375" lon="120.56445837020874">
        <ele>20.6</ele>
      </trkpt>
      <trkpt lat="23.988883579149842" lon="120.5643081665039">
        <ele>20.6</ele>
      </trkpt>
      <trkpt lat="23.9891189429909" lon="120.56415838189423">
        <ele>20.5</ele>
      </trkpt>
      <trkpt lat="23.989355647936463" lon="120.56400775909424">
        <ele>20.4</ele>
      </trkpt>
      <trkpt lat="23.98935556411743" lon="120.56400775909424">
        <ele>20.37</ele>
      </trkpt>
      <trkpt lat="23.98959444835782" lon="120.5638543702662">
        <ele>20.33</ele>
      </trkpt>
      <trkpt lat="23.98983341641724" lon="120.56370098143816">
        <ele>20.32</ele>
      </trkpt>
      <trkpt lat="23.99007238447666" lon="120.56354767642915">
        <ele>20.25</ele>
      </trkpt>
      <trkpt lat="23.990311352536082" lon="120.56339428760111">
        <ele>20.23</ele>
      </trkpt>
      <trkpt lat="23.990550320595503" lon="120.5632409825921">
        <ele>20.21</ele>
      </trkpt>
      <trkpt lat="23.990793311968446" lon="120.56308507919312">
        <ele>20.21</ele>
      </trkpt>
      <trkpt lat="23.991007218137383" lon="120.56294593960047">
        <ele>20.25</ele>
      </trkpt>
      <trkpt lat="23.99122246541083" lon="120.56280612945557">
        <ele>20.27</ele>
      </trkpt>
      <trkpt lat="23.991489848122" lon="120.56263488717377">
        <ele>20.26</ele>
      </trkpt>
      <trkpt lat="23.991757314652205" lon="120.56246372871101">
        <ele>20.23</ele>
      </trkpt>
      <trkpt lat="23.99202478118241" lon="120.56229257024825">
        <ele>20.19</ele>
      </trkpt>
      <trkpt lat="23.992292247712612" lon="120.56212132796645">
        <ele>20.15</ele>
      </trkpt>
      <trkpt lat="23.992559714242816" lon="120.56195016950369">
        <ele>20.1</ele>
      </trkpt>
      <trkpt lat="23.992831707000732" lon="120.56177616119385">
        <ele>20.14</ele>
      </trkpt>
      <trkpt lat="23.99306707084179" lon="120.56162637658417">
        <ele>20.13</ele>
      </trkpt>
      <trkpt lat="23.993302434682846" lon="120.5614765919745">
        <ele>20.03</ele>
      </trkpt>
      <trkpt lat="23.993537798523903" lon="120.56132680736482">
        <ele>20.01</ele>
      </trkpt>
      <trkpt lat="23.99377324618399" lon="120.56117702275515">
        <ele>20.02</ele>
      </trkpt>
      <trkpt lat="23.99400861002505" lon="120.56102723814547">
        <ele>20.01</ele>
      </trkpt>
      <trkpt lat="23.994243973866105" lon="120.5608774535358">
        <ele>19.98</ele>
      </trkpt>
      <trkpt lat="23.994484031572938" lon="120.56072473526001">
        <ele>19.95</ele>
      </trkpt>
      <trkpt lat="23.994719395413995" lon="120.56056422181427">
        <ele>19.92</ele>
      </trkpt>
      <trkpt lat="23.99495610035956" lon="120.56040287017822">
        <ele>19.87</ele>
      </trkpt>
      <trkpt lat="23.994956016540527" lon="120.56040287017822">
        <ele>19.85</ele>
      </trkpt>
      <trkpt lat="23.995063388720155" lon="120.56033849716187">
        <ele>19.8</ele>
      </trkpt>
      <trkpt lat="23.99521317332983" lon="120.56024218909442">
        <ele>19.76</ele>
      </trkpt>
      <trkpt lat="23.995363796129823" lon="120.5601453781128">
        <ele>19.73</ele>
      </trkpt>
      <trkpt lat="23.995606284588575" lon="120.55999559350312">
        <ele>19.73</ele>
      </trkpt>
      <trkpt lat="23.995848773047328" lon="120.55984580889344">
        <ele>19.77</ele>
      </trkpt>
      <trkpt lat="23.996093356981874" lon="120.55969476699829">
        <ele>19.77</ele>
      </trkpt>
      <trkpt lat="23.996093273162842" lon="120.55969476699829">
        <ele>19.77</ele>
      </trkpt>
      <trkpt lat="23.99634389206767" lon="120.55953274480999">
        <ele>19.71</ele>
      </trkpt>
      <trkpt lat="23.99659459479153" lon="120.55937072262168">
        <ele>19.66</ele>
      </trkpt>
      <trkpt lat="23.996845297515392" lon="120.55920870043337">
        <ele>19.63</ele>
      </trkpt>
      <trkpt lat="23.99709591642022" lon="120.55904667824507">
        <ele>19.69</ele>
      </trkpt>
      <trkpt lat="23.997346619144082" lon="120.55888465605676">
        <ele>19.75</ele>
      </trkpt>
      <trkpt lat="23.997597321867943" lon="120.55872263386846">
        <ele>19.86</ele>
      </trkpt>
      <trkpt lat="23.997852886095643" lon="120.55855751037598">
        <ele>19.98</ele>
      </trkpt>
      <trkpt lat="23.99785280227661" lon="120.55855751037598">
        <ele>19.99</ele>
      </trkpt>
      <trkpt lat="23.998052459210157" lon="120.55844334885478">
        <ele>19.98</ele>
      </trkpt>
      <trkpt lat="23.998252116143703" lon="120.55832927115262">
        <ele>19.95</ele>
      </trkpt>
      <trkpt lat="23.998453617095947" lon="120.55821418762207">
        <ele>19.91</ele>
      </trkpt>
      <trkpt lat="23.998656710609794" lon="120.55813933722675">
        <ele>19.88</ele>
      </trkpt>
      <trkpt lat="23.998861396685243" lon="120.55806398391724">
        <ele>19.86</ele>
      </trkpt>
      <trkpt lat="23.99914026260376" lon="120.55797815322876">
        <ele>19.83</ele>
      </trkpt>
      <trkpt lat="23.99935483932495" lon="120.5579137802124">
        <ele>19.79</ele>
      </trkpt>
      <trkpt lat="23.999568494036794" lon="120.55787815712392">
        <ele>19.79</ele>
      </trkpt>
      <trkpt lat="23.999782232567668" lon="120.55784253403544">
        <ele>19.86</ele>
      </trkpt>
      <trkpt lat="23.999998653307557" lon="120.5578064918518">
        <ele>19.88</ele>
      </trkpt>
      <trkpt lat="23.999998569488525" lon="120.5578064918518">
        <ele>19.88</ele>
      </trkpt>
      <trkpt lat="24.000233681872487" lon="120.55776374414563">
        <ele>19.84</ele>
      </trkpt>
      <trkpt lat="24.000470722094178" lon="120.55772066116333">
        <ele>19.87</ele>
      </trkpt>
      <trkpt lat="24.000748498365283" lon="120.55767791345716">
        <ele>19.87</ele>
      </trkpt>
      <trkpt lat="24.001026274636388" lon="120.55763516575098">
        <ele>19.85</ele>
      </trkpt>
      <trkpt lat="24.001307487487793" lon="120.55759191513062">
        <ele>19.78</ele>
      </trkpt>
      <trkpt lat="24.001467749476433" lon="120.55754908360541">
        <ele>19.76</ele>
      </trkpt>
      <trkpt lat="24.00162935256958" lon="120.55750608444214">
        <ele>19.76</ele>
      </trkpt>
      <trkpt lat="24.00180034339428" lon="120.55744187906384">
        <ele>19.77</ele>
      </trkpt>
      <trkpt lat="24.001972675323486" lon="120.55737733840942">
        <ele>19.73</ele>
      </trkpt>
      <trkpt lat="24.002143749967217" lon="120.55729175917804">
        <ele>19.66</ele>
      </trkpt>
      <trkpt lat="24.002315998077393" lon="120.55720567703247">
        <ele>19.59</ele>
      </trkpt>
      <trkpt lat="24.002476343885064" lon="120.55712009780109">
        <ele>19.52</ele>
      </trkpt>
      <trkpt lat="24.00263786315918" lon="120.55703401565552">
        <ele>19.5</ele>
      </trkpt>
      <trkpt lat="24.002905245870352" lon="120.55688423104584">
        <ele>19.54</ele>
      </trkpt>
      <trkpt lat="24.003172712400556" lon="120.55673444643617">
        <ele>19.6</ele>
      </trkpt>
      <trkpt lat="24.003440095111728" lon="120.55658474564552">
        <ele>19.53</ele>
      </trkpt>
      <trkpt lat="24.00371083058417" lon="120.55643320083618">
        <ele>19.52</ele>
      </trkpt>
      <trkpt lat="24.003951475024223" lon="120.55629942566156">
        <ele>19.55</ele>
      </trkpt>
      <trkpt lat="24.004192119464278" lon="120.55616573430598">
        <ele>19.54</ele>
      </trkpt>
      <trkpt lat="24.004432763904333" lon="120.55603204295039">
        <ele>19.51</ele>
      </trkpt>
      <trkpt lat="24.00467642582953" lon="120.5558967590332">
        <ele>19.5</ele>
      </trkpt>
      <trkpt lat="24.004676342010498" lon="120.5558967590332">
        <ele>19.48</ele>
      </trkpt>
      <trkpt lat="24.004911622032523" lon="120.55576122365892">
        <ele>19.47</ele>
      </trkpt>
      <trkpt lat="24.00514698587358" lon="120.55562577210367">
        <ele>19.42</ele>
      </trkpt>
      <trkpt lat="24.00538452900946" lon="120.55548906326294">
        <ele>19.41</ele>
      </trkpt>
      <trkpt lat="24.005544874817133" lon="120.55540348403156">
        <ele>19.42</ele>
      </trkpt>
      <trkpt lat="24.00570639409125" lon="120.55531740188599">
        <ele>19.42</ele>
      </trkpt>
      <trkpt lat="24.005941674113274" lon="120.5551889911294">
        <ele>19.38</ele>
      </trkpt>
      <trkpt lat="24.0061769541353" lon="120.55506066419184">
        <ele>19.33</ele>
      </trkpt>
      <trkpt lat="24.00641449727118" lon="120.55493116378784">
        <ele>19.31</ele>
      </trkpt>
      <trkpt lat="24.006639048457146" lon="120.55480275303125">
        <ele>19.31</ele>
      </trkpt>
      <trkpt lat="24.006863683462143" lon="120.5546744260937">
        <ele>19.31</ele>
      </trkpt>
      <trkpt lat="24.00708831846714" lon="120.55454601533711">
        <ele>19.28</ele>
      </trkpt>
      <trkpt lat="24.007315719500184" lon="120.55441617965698">
        <ele>19.24</ele>
      </trkpt>
      <trkpt lat="24.00758042000234" lon="120.55426907725632">
        <ele>19.3</ele>
      </trkpt>
      <trkpt lat="24.0078451205045" lon="120.55412197485566">
        <ele>19.31</ele>
      </trkpt>
      <trkpt lat="24.008109821006656" lon="120.55397495627403">
        <ele>19.34</ele>
      </trkpt>
      <trkpt lat="24.008374605327845" lon="120.55382785387337">
        <ele>19.36</ele>
      </trkpt>
      <trkpt lat="24.008639305830002" lon="120.55368083529174">
        <ele>19.34</ele>
      </trkpt>
      <trkpt lat="24.00890400633216" lon="120.55353373289108">
        <ele>19.29</ele>
      </trkpt>
      <trkpt lat="24.009168790653348" lon="120.55338663049042">
        <ele>19.24</ele>
      </trkpt>
      <trkpt lat="24.00944002903998" lon="120.55323600769043">
        <ele>19.2</ele>
      </trkpt>
      <trkpt lat="24.009689558297396" lon="120.55309695191681">
        <ele>19.23</ele>
      </trkpt>
      <trkpt lat="24.009939171373844" lon="120.5529578961432">
        <ele>19.23</ele>
      </trkpt>
      <trkpt lat="24.01018870063126" lon="120.55281884036958">
        <ele>19.2</ele>
      </trkpt>
      <trkpt lat="24.01043831370771" lon="120.55267978459597">
        <ele>19.15</ele>
      </trkpt>
      <trkpt lat="24.010687842965126" lon="120.55254072882235">
        <ele>19.15</ele>
      </trkpt>
      <trkpt lat="24.01094206608832" lon="120.55239915847778">
        <ele>19.16</ele>
      </trkpt>
      <trkpt lat="24.011145243421197" lon="120.55228147655725">
        <ele>19.13</ele>
      </trkpt>
      <trkpt lat="24.011349761858582" lon="120.55216312408447">
        <ele>19.14</ele>
      </trkpt>
      <trkpt lat="24.011570708826184" lon="120.55204904638231">
        <ele>19.1</ele>
      </trkpt>
      <trkpt lat="24.011791739612818" lon="120.55193496868014">
        <ele>18.99</ele>
      </trkpt>
      <trkpt lat="24.012014865875244" lon="120.55181980133057">
        <ele>18.91</ele>
      </trkpt>
      <trkpt lat="24.012250062078238" lon="120.55170857347548">
        <ele>18.84</ele>
      </trkpt>
      <trkpt lat="24.012485342100263" lon="120.5515973456204">
        <ele>18.8</ele>
      </trkpt>
      <trkpt lat="24.012720622122288" lon="120.55148611776531">
        <ele>18.77</ele>
      </trkpt>
      <trkpt lat="24.012955902144313" lon="120.55137488991022">
        <ele>18.68</ele>
      </trkpt>
      <trkpt lat="24.01319512166083" lon="120.55126190185547">
        <ele>18.57</ele>
      </trkpt>
      <trkpt lat="24.013195037841797" lon="120.55126190185547">
        <ele>18.49</ele>
      </trkpt>
      <trkpt lat="24.01334465481341" lon="120.55120842531323">
        <ele>18.42</ele>
      </trkpt>
      <trkpt lat="24.013495445251465" lon="120.55115461349487">
        <ele>18.35</ele>
      </trkpt>
      <trkpt lat="24.01378504000604" lon="120.55104958824813">
        <ele>18.26</ele>
      </trkpt>
      <trkpt lat="24.014074634760618" lon="120.55094464682043">
        <ele>18.16</ele>
      </trkpt>
      <trkpt lat="24.014364229515195" lon="120.55083970539272">
        <ele>18.07</ele>
      </trkpt>
      <trkpt lat="24.01465382426977" lon="120.55073476396501">
        <ele>17.99</ele>
      </trkpt>
      <trkpt lat="24.01494341902435" lon="120.5506298225373">
        <ele>17.88</ele>
      </trkpt>
      <trkpt lat="24.015233013778925" lon="120.5505248811096">
        <ele>17.75</ele>
      </trkpt>
      <trkpt lat="24.0155226085335" lon="120.55041993968189">
        <ele>17.63</ele>
      </trkpt>
      <trkpt lat="24.01581220328808" lon="120.55031499825418">
        <ele>17.54</ele>
      </trkpt>
      <trkpt lat="24.016101798042655" lon="120.55020997300744">
        <ele>17.42</ele>
      </trkpt>
      <trkpt lat="24.01639139279723" lon="120.55010503157973">
        <ele>17.27</ele>
      </trkpt>
      <trkpt lat="24.01669272221625" lon="120.54999589920044">
        <ele>17.14</ele>
      </trkpt>
      <trkpt lat="24.016842423006892" lon="120.54992096498609">
        <ele>17.04</ele>
      </trkpt>
      <trkpt lat="24.016993129625916" lon="120.5498456954956">
        <ele>16.95</ele>
      </trkpt>
      <trkpt lat="24.017153475433588" lon="120.54974938742816">
        <ele>16.88</ele>
      </trkpt>
      <trkpt lat="24.017314910888672" lon="120.54965257644653">
        <ele>16.81</ele>
      </trkpt>
      <trkpt lat="24.017508029937744" lon="120.54948091506958">
        <ele>16.69</ele>
      </trkpt>
      <trkpt lat="24.01770081371069" lon="120.54927731864154">
        <ele>16.66</ele>
      </trkpt>
      <trkpt lat="24.01789426803589" lon="120.54907321929932">
        <ele>16.6</ele>
      </trkpt>
      <trkpt lat="24.01808931492269" lon="120.54883098229766">
        <ele>16.51</ele>
      </trkpt>
      <trkpt lat="24.018284361809492" lon="120.548588745296">
        <ele>16.46</ele>
      </trkpt>
      <trkpt lat="24.018479408696294" lon="120.54834650829434">
        <ele>16.47</ele>
      </trkpt>
      <trkpt lat="24.018674539402127" lon="120.54810435511172">
        <ele>16.49</ele>
      </trkpt>
      <trkpt lat="24.01886958628893" lon="120.54786211811006">
        <ele>16.49</ele>
      </trkpt>
      <trkpt lat="24.01906463317573" lon="120.5476198811084">
        <ele>16.51</ele>
      </trkpt>
      <trkpt lat="24.019259680062532" lon="120.54737764410675">
        <ele>16.49</ele>
      </trkpt>
      <trkpt lat="24.019454810768366" lon="120.54713549092412">
        <ele>16.52</ele>
      </trkpt>
      <trkpt lat="24.019649857655168" lon="120.54689325392246">
        <ele>16.59</ele>
      </trkpt>
      <trkpt lat="24.019847000017762" lon="120.54664850234985">
        <ele>16.65</ele>
      </trkpt>
      <trkpt lat="24.01984691619873" lon="120.54664850234985">
        <ele>16.7</ele>
      </trkpt>
      <trkpt lat="24.02001304551959" lon="120.54643409326673">
        <ele>16.77</ele>
      </trkpt>
      <trkpt lat="24.02017917484045" lon="120.5462196841836">
        <ele>16.84</ele>
      </trkpt>
      <trkpt lat="24.020345387980342" lon="120.5460053589195">
        <ele>16.87</ele>
      </trkpt>
      <trkpt lat="24.020512187853456" lon="120.54579019546509">
        <ele>16.91</ele>
      </trkpt>
      <trkpt lat="24.020640766248107" lon="120.54562934674323">
        <ele>16.98</ele>
      </trkpt>
      <trkpt lat="24.020769679918885" lon="120.5454683303833">
        <ele>17.07</ele>
      </trkpt>
      <trkpt lat="24.020769596099854" lon="120.5454683303833">
        <ele>17.18</ele>
      </trkpt>
      <trkpt lat="24.02097319252789" lon="120.54521108977497">
        <ele>17.3</ele>
      </trkpt>
      <trkpt lat="24.02117687277496" lon="120.54495384916663">
        <ele>17.53</ele>
      </trkpt>
      <trkpt lat="24.021380553022027" lon="120.5446966085583">
        <ele>17.68</ele>
      </trkpt>
      <trkpt lat="24.021584149450064" lon="120.54443936794996">
        <ele>17.78</ele>
      </trkpt>
      <trkpt lat="24.021787829697132" lon="120.54418212734163">
        <ele>17.85</ele>
      </trkpt>
      <trkpt lat="24.021992767229676" lon="120.54392337799072">
        <ele>17.95</ele>
      </trkpt>
      <trkpt lat="24.021992683410645" lon="120.54392337799072">
        <ele>18.09</ele>
      </trkpt>
      <trkpt lat="24.022189155220985" lon="120.54367686621845">
        <ele>18.23</ele>
      </trkpt>
      <trkpt lat="24.022385627031326" lon="120.54343035444617">
        <ele>18.35</ele>
      </trkpt>
      <trkpt lat="24.022582098841667" lon="120.5431838426739">
        <ele>18.52</ele>
      </trkpt>
      <trkpt lat="24.02277865447104" lon="120.54293733090162">
        <ele>18.75</ele>
      </trkpt>
      <trkpt lat="24.02297512628138" lon="120.54269081912935">
        <ele>18.95</ele>
      </trkpt>
      <trkpt lat="24.023172855377197" lon="120.5424427986145">
        <ele>19.12</ele>
      </trkpt>
      <trkpt lat="24.023344349116087" lon="120.54222302511334">
        <ele>19.29</ele>
      </trkpt>
      <trkpt lat="24.023515842854977" lon="120.54200333543122">
        <ele>19.38</ele>
      </trkpt>
      <trkpt lat="24.023687336593866" lon="120.54178356193006">
        <ele>19.47</ele>
      </trkpt>
      <trkpt lat="24.02385958470404" lon="120.54156303405762">
        <ele>19.55</ele>
      </trkpt>
      <trkpt lat="24.024056727066636" lon="120.54133152589202">
        <ele>19.65</ele>
      </trkpt>
      <trkpt lat="24.02425386942923" lon="120.54110010154545">
        <ele>19.78</ele>
      </trkpt>
      <trkpt lat="24.024451095610857" lon="120.54086859337986">
        <ele>19.9</ele>
      </trkpt>
      <trkpt lat="24.02464823797345" lon="120.54063716903329">
        <ele>20.01</ele>
      </trkpt>
      <trkpt lat="24.024846637621522" lon="120.54040431976318">
        <ele>20.1</ele>
      </trkpt>
      <trkpt lat="24.02501804754138" lon="120.5402114521712">
        <ele>20.16</ele>
      </trkpt>
      <trkpt lat="24.025189960375428" lon="120.54001808166504">
        <ele>20.2</ele>
      </trkpt>
      <trkpt lat="24.025372015312314" lon="120.53982521407306">
        <ele>20.2</ele>
      </trkpt>
      <trkpt lat="24.025554656982422" lon="120.5396318435669">
        <ele>20.21</ele>
      </trkpt>
      <trkpt lat="24.025726318359375" lon="120.53946018218994">
        <ele>20.21</ele>
      </trkpt>
      <trkpt lat="24.025919437408447" lon="120.53935289382935">
        <ele>20.24</ele>
      </trkpt>
      <trkpt lat="24.02606964111328" lon="120.53928852081299">
        <ele>20.28</ele>
      </trkpt>
      <trkpt lat="24.026319002732635" lon="120.5392029415816">
        <ele>20.27</ele>
      </trkpt>
      <trkpt lat="24.02656844817102" lon="120.53911744616926">
        <ele>20.29</ele>
      </trkpt>
      <trkpt lat="24.026820743456483" lon="120.53903102874756">
        <ele>20.3</ele>
      </trkpt>
      <trkpt lat="24.02702383697033" lon="120.53895617835224">
        <ele>20.27</ele>
      </trkpt>
      <trkpt lat="24.027228439226747" lon="120.53888082504272">
        <ele>20.25</ele>
      </trkpt>
      <trkpt lat="24.027228355407715" lon="120.53888082504272">
        <ele>20.22</ele>
      </trkpt>
      <trkpt lat="24.027399430051446" lon="120.53881661966443">
        <ele>20.18</ele>
      </trkpt>
      <trkpt lat="24.027571761980653" lon="120.53875207901001">
        <ele>20.14</ele>
      </trkpt>
      <trkpt lat="24.027865631505847" lon="120.53865049034357">
        <ele>20.12</ele>
      </trkpt>
      <trkpt lat="24.028159584850073" lon="120.53854898549616">
        <ele>20.05</ele>
      </trkpt>
      <trkpt lat="24.0284535381943" lon="120.53844739682972">
        <ele>20.0</ele>
      </trkpt>
      <trkpt lat="24.028751933947206" lon="120.53834438323975">
        <ele>20.04</ele>
      </trkpt>
      <trkpt lat="24.028933569788933" lon="120.53828017786145">
        <ele>19.98</ele>
      </trkpt>
      <trkpt lat="24.02911671437323" lon="120.53821563720703">
        <ele>19.89</ele>
      </trkpt>
      <trkpt lat="24.029413517564535" lon="120.53812771104276">
        <ele>19.73</ele>
      </trkpt>
      <trkpt lat="24.02971040457487" lon="120.53803986869752">
        <ele>19.54</ele>
      </trkpt>
      <trkpt lat="24.030007291585207" lon="120.53795194253325">
        <ele>19.4</ele>
      </trkpt>
      <trkpt lat="24.030304178595543" lon="120.53786410018802">
        <ele>19.26</ele>
      </trkpt>
      <trkpt lat="24.03060106560588" lon="120.53777617402375">
        <ele>19.16</ele>
      </trkpt>
      <trkpt lat="24.030897952616215" lon="120.53768833167851">
        <ele>19.07</ele>
      </trkpt>
      <trkpt lat="24.03119483962655" lon="120.53760048933327">
        <ele>18.98</ele>
      </trkpt>
      <trkpt lat="24.031491726636887" lon="120.537512563169">
        <ele>18.84</ele>
      </trkpt>
      <trkpt lat="24.031798923388124" lon="120.53742170333862">
        <ele>18.69</ele>
      </trkpt>
      <trkpt lat="24.031798839569092" lon="120.53742170333862">
        <ele>18.55</ele>
      </trkpt>
      <trkpt lat="24.032001849263906" lon="120.53735749796033">
        <ele>18.46</ele>
      </trkpt>
      <trkpt lat="24.032206535339355" lon="120.53729295730591">
        <ele>18.36</ele>
      </trkpt>
      <trkpt lat="24.032452376559377" lon="120.53721810691059">
        <ele>18.27</ele>
      </trkpt>
      <trkpt lat="24.032700145617127" lon="120.53714275360107">
        <ele>18.09</ele>
      </trkpt>
      <trkpt lat="24.032956548035145" lon="120.53707863204181">
        <ele>17.89</ele>
      </trkpt>
      <trkpt lat="24.033215129747987" lon="120.53701400756836">
        <ele>17.65</ele>
      </trkpt>
      <trkpt lat="24.033494079485536" lon="120.53692817687988">
        <ele>17.4</ele>
      </trkpt>
      <trkpt lat="24.033686444163322" lon="120.53687470033765">
        <ele>17.14</ele>
      </trkpt>
      <trkpt lat="24.03388031758368" lon="120.53682088851929">
        <ele>16.93</ele>
      </trkpt>
      <trkpt lat="24.03415926732123" lon="120.53673505783081">
        <ele>16.71</ele>
      </trkpt>
      <trkpt lat="24.034401504322886" lon="120.53665660321712">
        <ele>16.55</ele>
      </trkpt>
      <trkpt lat="24.034643741324544" lon="120.53657823242247">
        <ele>16.44</ele>
      </trkpt>
      <trkpt lat="24.034888744354248" lon="120.5364990234375">
        <ele>16.29</ele>
      </trkpt>
      <trkpt lat="24.035081192851067" lon="120.53641344420612">
        <ele>16.11</ele>
      </trkpt>
      <trkpt lat="24.035274982452393" lon="120.53632736206055">
        <ele>15.9</ele>
      </trkpt>
      <trkpt lat="24.03548888862133" lon="120.53620968014002">
        <ele>15.68</ele>
      </trkpt>
      <trkpt lat="24.035704219713807" lon="120.53609132766724">
        <ele>15.47</ele>
      </trkpt>
      <trkpt lat="24.03586456552148" lon="120.53600574843585">
        <ele>15.29</ele>
      </trkpt>
      <trkpt lat="24.036026084795594" lon="120.53591966629028">
        <ele>15.09</ele>
      </trkpt>
      <trkpt lat="24.036305034533143" lon="120.53581237792969">
        <ele>14.94</ele>
      </trkpt>
      <trkpt lat="24.036529418081045" lon="120.5357481725514">
        <ele>14.78</ele>
      </trkpt>
      <trkpt lat="24.036755645647645" lon="120.53568363189697">
        <ele>14.58</ele>
      </trkpt>
      <trkpt lat="24.037065440788865" lon="120.53563015535474">
        <ele>14.43</ele>
      </trkpt>
      <trkpt lat="24.0373779181391" lon="120.53557634353638">
        <ele>14.39</ele>
      </trkpt>
      <trkpt lat="24.037548825144768" lon="120.53554424084723">
        <ele>14.27</ele>
      </trkpt>
      <trkpt lat="24.037721240893006" lon="120.53551197052002">
        <ele>14.14</ele>
      </trkpt>
      <trkpt lat="24.037881502881646" lon="120.53547986783087">
        <ele>13.99</ele>
      </trkpt>
      <trkpt lat="24.038043105974793" lon="120.53544759750366">
        <ele>13.84</ele>
      </trkpt>
      <trkpt lat="24.03804302215576" lon="120.53544759750366">
        <ele>13.75</ele>
      </trkpt>
      <trkpt lat="24.03831015340984" lon="120.53540124557912">
        <ele>13.62</ele>
      </trkpt>
      <trkpt lat="24.038577284663916" lon="120.53535497747362">
        <ele>13.55</ele>
      </trkpt>
      <trkpt lat="24.038844415917993" lon="120.53530862554908">
        <ele>13.47</ele>
      </trkpt>
      <trkpt lat="24.03911154717207" lon="120.53526235744357">
        <ele>13.38</ele>
      </trkpt>
      <trkpt lat="24.039378678426147" lon="120.53521600551903">
        <ele>13.34</ele>
      </trkpt>
      <trkpt lat="24.03965243138373" lon="120.53516864776611">
        <ele>13.34</ele>
      </trkpt>
      <trkpt lat="24.039834067225456" lon="120.53512590005994">
        <ele>13.32</ele>
      </trkpt>
      <trkpt lat="24.040017211809754" lon="120.53508281707764">
        <ele>13.29</ele>
      </trkpt>
      <trkpt lat="24.04030865058303" lon="120.53500696085393">
        <ele>13.25</ele>
      </trkpt>
      <trkpt lat="24.040600089356303" lon="120.53493118844926">
        <ele>13.17</ele>
      </trkpt>
      <trkpt lat="24.040891528129578" lon="120.53485541604459">
        <ele>13.13</ele>
      </trkpt>
      <trkpt lat="24.041183050721884" lon="120.53477964363992">
        <ele>13.11</ele>
      </trkpt>
      <trkpt lat="24.041474489495158" lon="120.53470387123525">
        <ele>13.12</ele>
      </trkpt>
      <trkpt lat="24.041765928268433" lon="120.53462809883058">
        <ele>13.16</ele>
      </trkpt>
      <trkpt lat="24.042057367041707" lon="120.53455232642591">
        <ele>13.16</ele>
      </trkpt>
      <trkpt lat="24.042348889634013" lon="120.53447655402124">
        <ele>13.13</ele>
      </trkpt>
      <trkpt lat="24.042640328407288" lon="120.53440078161657">
        <ele>13.14</ele>
      </trkpt>
      <trkpt lat="24.042931767180562" lon="120.5343250092119">
        <ele>13.13</ele>
      </trkpt>
      <trkpt lat="24.043235862627625" lon="120.53424596786499">
        <ele>13.06</ele>
      </trkpt>
      <trkpt lat="24.043235778808594" lon="120.53424596786499">
        <ele>13.05</ele>
      </trkpt>
      <trkpt lat="24.043522188439965" lon="120.5341732967645">
        <ele>13.1</ele>
      </trkpt>
      <trkpt lat="24.043808598071337" lon="120.534100625664">
        <ele>13.12</ele>
      </trkpt>
      <trkpt lat="24.04409500770271" lon="120.5340279545635">
        <ele>13.21</ele>
      </trkpt>
      <trkpt lat="24.04438141733408" lon="120.533955283463">
        <ele>13.22</ele>
      </trkpt>
      <trkpt lat="24.044673526659608" lon="120.53388118743896">
        <ele>13.09</ele>
      </trkpt>
      <trkpt lat="24.044973934069276" lon="120.53379535675049">
        <ele>12.92</ele>
      </trkpt>
      <trkpt lat="24.044973850250244" lon="120.53379535675049">
        <ele>12.89</ele>
      </trkpt>
      <trkpt lat="24.045259673148394" lon="120.53373123519123">
        <ele>12.78</ele>
      </trkpt>
      <trkpt lat="24.045545579865575" lon="120.53366711363196">
        <ele>12.72</ele>
      </trkpt>
      <trkpt lat="24.045831402763724" lon="120.5336029920727">
        <ele>12.64</ele>
      </trkpt>
      <trkpt lat="24.046117309480906" lon="120.53353887051344">
        <ele>12.61</ele>
      </trkpt>
      <trkpt lat="24.046403132379055" lon="120.53347474895418">
        <ele>12.63</ele>
      </trkpt>
      <trkpt lat="24.046689039096236" lon="120.53341062739491">
        <ele>12.65</ele>
      </trkpt>
      <trkpt lat="24.046974861994386" lon="120.53334650583565">
        <ele>12.61</ele>
      </trkpt>
      <trkpt lat="24.047269904986024" lon="120.53328037261963">
        <ele>12.54</ele>
      </trkpt>
      <trkpt lat="24.047570312395692" lon="120.53321599960327">
        <ele>12.48</ele>
      </trkpt>
      <trkpt lat="24.04765614308417" lon="120.53317308425903">
        <ele>12.43</ele>
      </trkpt>
      <trkpt lat="24.04792536981404" lon="120.53310896269977">
        <ele>12.42</ele>
      </trkpt>
      <trkpt lat="24.04819468036294" lon="120.53304484114051">
        <ele>12.39</ele>
      </trkpt>
      <trkpt lat="24.04846390709281" lon="120.53298071958125">
        <ele>12.32</ele>
      </trkpt>
      <trkpt lat="24.04873321764171" lon="120.53291659802198">
        <ele>12.24</ele>
      </trkpt>
      <trkpt lat="24.049007892608643" lon="120.53285121917725">
        <ele>12.22</ele>
      </trkpt>
      <trkpt lat="24.049210818484426" lon="120.53282984532416">
        <ele>12.21</ele>
      </trkpt>
      <trkpt lat="24.049415588378906" lon="120.53280830383301">
        <ele>12.19</ele>
      </trkpt>
      <trkpt lat="24.04960870742798" lon="120.53280830383301">
        <ele>12.16</ele>
      </trkpt>
      <trkpt lat="24.04978036880493" lon="120.53285121917725">
        <ele>12.08</ele>
      </trkpt>
      <trkpt lat="24.05005931854248" lon="120.53293704986572">
        <ele>11.97</ele>
      </trkpt>
      <trkpt lat="24.05033726245165" lon="120.5330331902951">
        <ele>11.91</ele>
      </trkpt>
      <trkpt lat="24.05061730183661" lon="120.5331301689148">
        <ele>11.91</ele>
      </trkpt>
      <trkpt lat="24.050617218017578" lon="120.5331301689148">
        <ele>11.87</ele>
      </trkpt>
      <trkpt lat="24.05078829266131" lon="120.53319429047406">
        <ele>11.84</ele>
      </trkpt>
      <trkpt lat="24.050960624590516" lon="120.53325891494751">
        <ele>11.77</ele>
      </trkpt>
      <trkpt lat="24.051175201311707" lon="120.53334474563599">
        <ele>11.65</ele>
      </trkpt>
      <trkpt lat="24.051431687548757" lon="120.53343552164733">
        <ele>11.6</ele>
      </trkpt>
      <trkpt lat="24.051688173785806" lon="120.53352646529675">
        <ele>11.61</ele>
      </trkpt>
      <trkpt lat="24.051944743841887" lon="120.53361732512712">
        <ele>11.66</ele>
      </trkpt>
      <trkpt lat="24.052205085754395" lon="120.53370952606201">
        <ele>11.69</ele>
      </trkpt>
      <trkpt lat="24.052462577819824" lon="120.53377389907837">
        <ele>11.69</ele>
      </trkpt>
      <trkpt lat="24.05274035409093" lon="120.53381656296551">
        <ele>11.66</ele>
      </trkpt>
      <trkpt lat="24.053020477294922" lon="120.53385972976685">
        <ele>11.62</ele>
      </trkpt>
      <trkpt lat="24.05319138430059" lon="120.53385964594781">
        <ele>11.63</ele>
      </trkpt>
      <trkpt lat="24.053363800048828" lon="120.53385972976685">
        <ele>11.64</ele>
      </trkpt>
      <trkpt lat="24.053609557449818" lon="120.53385964594781">
        <ele>11.67</ele>
      </trkpt>
      <trkpt lat="24.0538574103266" lon="120.53385972976685">
        <ele>11.74</ele>
      </trkpt>
      <trkpt lat="24.054060336202383" lon="120.53384900093079">
        <ele>11.81</ele>
      </trkpt>
      <trkpt lat="24.054265106096864" lon="120.53383827209473">
        <ele>11.87</ele>
      </trkpt>
      <trkpt lat="24.05456551350653" lon="120.53383827209473">
        <ele>12.03</ele>
      </trkpt>
      <trkpt lat="24.054789813235402" lon="120.53382754325867">
        <ele>12.15</ele>
      </trkpt>
      <trkpt lat="24.055016040802002" lon="120.53381681442261">
        <ele>12.3</ele>
      </trkpt>
      <trkpt lat="24.05518694780767" lon="120.53381681442261">
        <ele>12.41</ele>
      </trkpt>
      <trkpt lat="24.055359363555908" lon="120.53381681442261">
        <ele>12.54</ele>
      </trkpt>
      <trkpt lat="24.055530270561576" lon="120.53380608558655">
        <ele>12.67</ele>
      </trkpt>
      <trkpt lat="24.055702686309814" lon="120.53379535675049">
        <ele>12.82</ele>
      </trkpt>
      <trkpt lat="24.056003093719482" lon="120.53379535675049">
        <ele>12.96</ele>
      </trkpt>
      <trkpt lat="24.056227477267385" lon="120.53384874947369">
        <ele>13.1</ele>
      </trkpt>
      <trkpt lat="24.056453788653016" lon="120.53390264511108">
        <ele>13.32</ele>
      </trkpt>
      <trkpt lat="24.056561077013612" lon="120.5339241027832">
        <ele>13.53</ele>
      </trkpt>
      <trkpt lat="24.05681756325066" lon="120.53400104865432">
        <ele>13.74</ele>
      </trkpt>
      <trkpt lat="24.05707404948771" lon="120.53407799452543">
        <ele>13.95</ele>
      </trkpt>
      <trkpt lat="24.05733053572476" lon="120.53415494039655">
        <ele>14.19</ele>
      </trkpt>
      <trkpt lat="24.05758710578084" lon="120.53423188626766">
        <ele>14.42</ele>
      </trkpt>
      <trkpt lat="24.05784853734076" lon="120.53431034088135">
        <ele>14.65</ele>
      </trkpt>
      <trkpt lat="24.058078285306692" lon="120.53437974303961">
        <ele>14.89</ele>
      </trkpt>
      <trkpt lat="24.058308117091656" lon="120.5344492290169">
        <ele>15.07</ele>
      </trkpt>
      <trkpt lat="24.058537865057588" lon="120.53451871499419">
        <ele>15.24</ele>
      </trkpt>
      <trkpt lat="24.058771217241883" lon="120.5345892906189">
        <ele>15.46</ele>
      </trkpt>
      <trkpt lat="24.05877113342285" lon="120.5345892906189">
        <ele>15.69</ele>
      </trkpt>
      <trkpt lat="24.0590276196599" lon="120.53466405719519">
        <ele>15.96</ele>
      </trkpt>
      <trkpt lat="24.059286201372743" lon="120.53473949432373">
        <ele>16.25</ele>
      </trkpt>
      <trkpt lat="24.0595284383744" lon="120.53481074050069">
        <ele>16.5</ele>
      </trkpt>
      <trkpt lat="24.059770675376058" lon="120.53488198667765">
        <ele>16.77</ele>
      </trkpt>
      <trkpt lat="24.060015762224793" lon="120.53495407104492">
        <ele>17.0</ele>
      </trkpt>
      <trkpt lat="24.060250874608755" lon="120.53502883762121">
        <ele>17.23</ele>
      </trkpt>
      <trkpt lat="24.060487831011415" lon="120.53510427474976">
        <ele>17.44</ele>
      </trkpt>
      <trkpt lat="24.060637447983027" lon="120.53515766747296">
        <ele>17.61</ele>
      </trkpt>
      <trkpt lat="24.060788238421082" lon="120.53521156311035">
        <ele>17.77</ele>
      </trkpt>
      <trkpt lat="24.06078815460205" lon="120.53521156311035">
        <ele>17.89</ele>
      </trkpt>
      <trkpt lat="24.060937939211726" lon="120.5352970585227">
        <ele>18.04</ele>
      </trkpt>
      <trkpt lat="24.06108864583075" lon="120.5353832244873">
        <ele>18.21</ele>
      </trkpt>
      <trkpt lat="24.061313197016716" lon="120.53549009375274">
        <ele>18.32</ele>
      </trkpt>
      <trkpt lat="24.061539256945252" lon="120.5355978012085">
        <ele>18.25</ele>
      </trkpt>
      <trkpt lat="24.061745954677463" lon="120.53570467047393">
        <ele>18.13</ele>
      </trkpt>
      <trkpt lat="24.061952736228704" lon="120.5358116235584">
        <ele>18.08</ele>
      </trkpt>
      <trkpt lat="24.062161529436707" lon="120.53591966629028">
        <ele>18.08</ele>
      </trkpt>
      <trkpt lat="24.0623967256397" lon="120.53603726439178">
        <ele>18.06</ele>
      </trkpt>
      <trkpt lat="24.06263359822333" lon="120.5361557006836">
        <ele>18.01</ele>
      </trkpt>
      <trkpt lat="24.06284817494452" lon="120.53626298904419">
        <ele>17.91</ele>
      </trkpt>
      <trkpt lat="24.063133327290416" lon="120.53640556521714">
        <ele>17.82</ele>
      </trkpt>
      <trkpt lat="24.06341847963631" lon="120.53654814139009">
        <ele>17.79</ele>
      </trkpt>
      <trkpt lat="24.063706481829286" lon="120.53669214248657">
        <ele>17.69</ele>
      </trkpt>
      <trkpt lat="24.06379222869873" lon="120.53673505783081">
        <ele>17.61</ele>
      </trkpt>
      <trkpt lat="24.06399892643094" lon="120.53683480247855">
        <ele>17.5</ele>
      </trkpt>
      <trkpt lat="24.064205707982183" lon="120.53693463094532">
        <ele>17.4</ele>
      </trkpt>
      <trkpt lat="24.064414501190186" lon="120.53703546524048">
        <ele>17.33</ele>
      </trkpt>
      <trkpt lat="24.06458616256714" lon="120.5370569229126">
        <ele>17.25</ele>
      </trkpt>
      <trkpt lat="24.064814317971468" lon="120.53717091679573">
        <ele>17.16</ele>
      </trkpt>
      <trkpt lat="24.065042473375797" lon="120.5372849944979">
        <ele>17.07</ele>
      </trkpt>
      <trkpt lat="24.065272891893983" lon="120.5374002456665">
        <ele>16.99</ele>
      </trkpt>
      <trkpt lat="24.065433237701654" lon="120.53748574107885">
        <ele>16.92</ele>
      </trkpt>
      <trkpt lat="24.06559475697577" lon="120.53757190704346">
        <ele>16.84</ele>
      </trkpt>
      <trkpt lat="24.065744960680604" lon="120.53763628005981">
        <ele>16.73</ele>
      </trkpt>
      <trkpt lat="24.066002452746034" lon="120.53778648376465">
        <ele>16.55</ele>
      </trkpt>
      <trkpt lat="24.066281402483582" lon="120.53793668746948">
        <ele>16.37</ele>
      </trkpt>
      <trkpt lat="24.06634577549994" lon="120.53797960281372">
        <ele>16.24</ele>
      </trkpt>
      <trkpt lat="24.066452980041504" lon="120.5380654335022">
        <ele>16.1</ele>
      </trkpt>
      <trkpt lat="24.066646099090576" lon="120.53830146789551">
        <ele>15.94</ele>
      </trkpt>
      <trkpt lat="24.06681038439274" lon="120.53848000243306">
        <ele>15.77</ele>
      </trkpt>
      <trkpt lat="24.0669746696949" lon="120.53865853697062">
        <ele>15.62</ele>
      </trkpt>
      <trkpt lat="24.067139709368348" lon="120.53883790969849">
        <ele>15.54</ele>
      </trkpt>
      <trkpt lat="24.067300390452147" lon="120.53903077729046">
        <ele>15.46</ele>
      </trkpt>
      <trkpt lat="24.067461574450135" lon="120.53922414779663">
        <ele>15.35</ele>
      </trkpt>
      <trkpt lat="24.067525947466493" lon="120.53926706314087">
        <ele>15.22</ele>
      </trkpt>
      <trkpt lat="24.06763323582709" lon="120.5394172668457">
        <ele>15.08</ele>
      </trkpt>
      <trkpt lat="24.067818894982338" lon="120.53963150829077">
        <ele>14.97</ele>
      </trkpt>
      <trkpt lat="24.06800463795662" lon="120.53984583355486">
        <ele>14.86</ele>
      </trkpt>
      <trkpt lat="24.068191135302186" lon="120.54006099700928">
        <ele>14.77</ele>
      </trkpt>
      <trkpt lat="24.068191051483154" lon="120.54006099700928">
        <ele>14.68</ele>
      </trkpt>
      <trkpt lat="24.068308901041746" lon="120.5401894915849">
        <ele>14.61</ele>
      </trkpt>
      <trkpt lat="24.068427169695497" lon="120.5403184890747">
        <ele>14.55</ele>
      </trkpt>
      <trkpt lat="24.068534458056092" lon="120.54044723510742">
        <ele>14.48</ele>
      </trkpt>
      <trkpt lat="24.06870586797595" lon="120.54064001888037">
        <ele>14.4</ele>
      </trkpt>
      <trkpt lat="24.06887778081" lon="120.54083347320557">
        <ele>14.35</ele>
      </trkpt>
      <trkpt lat="24.069038461893797" lon="120.54101561196148">
        <ele>14.31</ele>
      </trkpt>
      <trkpt lat="24.069199645891786" lon="120.54119825363159">
        <ele>14.27</ele>
      </trkpt>
      <trkpt lat="24.0693283919245" lon="120.54134845733643">
        <ele>14.23</ele>
      </trkpt>
      <trkpt lat="24.069542633369565" lon="120.54159488528967">
        <ele>14.15</ele>
      </trkpt>
      <trkpt lat="24.069757545366883" lon="120.54184198379517">
        <ele>14.15</ele>
      </trkpt>
      <trkpt lat="24.06989668495953" lon="120.54195974953473">
        <ele>14.16</ele>
      </trkpt>
      <trkpt lat="24.070036495104432" lon="120.54207801818848">
        <ele>14.16</ele>
      </trkpt>
      <trkpt lat="24.0700364112854" lon="120.54207801818848">
        <ele>14.19</ele>
      </trkpt>
      <trkpt lat="24.07029390335083" lon="120.54222822189331">
        <ele>14.19</ele>
      </trkpt>
      <trkpt lat="24.070508563891053" lon="120.54229259490967">
        <ele>14.21</ele>
      </trkpt>
      <trkpt lat="24.07078642398119" lon="120.54238873533905">
        <ele>14.26</ele>
      </trkpt>
      <trkpt lat="24.07106646336615" lon="120.54248571395874">
        <ele>14.38</ele>
      </trkpt>
      <trkpt lat="24.071290930733085" lon="120.54257120937109">
        <ele>14.5</ele>
      </trkpt>
      <trkpt lat="24.07151539810002" lon="120.54265670478344">
        <ele>14.59</ele>
      </trkpt>
      <trkpt lat="24.071739949285984" lon="120.54274220019579">
        <ele>14.7</ele>
      </trkpt>
      <trkpt lat="24.071967685595155" lon="120.54282903671265">
        <ele>14.8</ele>
      </trkpt>
      <trkpt lat="24.071967601776123" lon="120.54282903671265">
        <ele>14.92</ele>
      </trkpt>
      <trkpt lat="24.072160804644227" lon="120.542893409729">
        <ele>15.04</ele>
      </trkpt>
      <trkpt lat="24.07231042161584" lon="120.54295753128827">
        <ele>15.19</ele>
      </trkpt>
      <trkpt lat="24.072461212053895" lon="120.54302215576172">
        <ele>15.35</ele>
      </trkpt>
      <trkpt lat="24.072461128234863" lon="120.54302215576172">
        <ele>15.49</ele>
      </trkpt>
      <trkpt lat="24.07266774214804" lon="120.54309340193868">
        <ele>15.66</ele>
      </trkpt>
      <trkpt lat="24.072874439880252" lon="120.54316464811563">
        <ele>15.82</ele>
      </trkpt>
      <trkpt lat="24.07308348454535" lon="120.54323673248291">
        <ele>15.96</ele>
      </trkpt>
      <trkpt lat="24.0733624342829" lon="120.5433440208435">
        <ele>16.08</ele>
      </trkpt>
      <trkpt lat="24.07359846867621" lon="120.54342985153198">
        <ele>16.19</ele>
      </trkpt>
      <trkpt lat="24.073812207207084" lon="120.54350822232664">
        <ele>16.36</ele>
      </trkpt>
      <trkpt lat="24.07402602955699" lon="120.54358659312129">
        <ele>16.62</ele>
      </trkpt>
      <trkpt lat="24.074242198839784" lon="120.5436658859253">
        <ele>16.83</ele>
      </trkpt>
      <trkpt lat="24.074242115020752" lon="120.5436658859253">
        <ele>16.98</ele>
      </trkpt>
      <trkpt lat="24.074530703946948" lon="120.54377275519073">
        <ele>17.11</ele>
      </trkpt>
      <trkpt lat="24.07482147216797" lon="120.54388046264648">
        <ele>17.22</ele>
      </trkpt>
      <trkpt lat="24.07510050572455" lon="120.54396629333496">
        <ele>17.39</ele>
      </trkpt>
      <trkpt lat="24.075400913134217" lon="120.54405212402344">
        <ele>17.61</ele>
      </trkpt>
      <trkpt lat="24.075646586716175" lon="120.54408414289355">
        <ele>17.74</ele>
      </trkpt>
      <trkpt lat="24.075894439592957" lon="120.5441164970398">
        <ele>17.83</ele>
      </trkpt>
      <trkpt lat="24.07608755864203" lon="120.54413795471191">
        <ele>17.97</ele>
      </trkpt>
      <trkpt lat="24.076259220018983" lon="120.54418087005615">
        <ele>18.14</ele>
      </trkpt>
      <trkpt lat="24.076569015160203" lon="120.5442235339433">
        <ele>18.27</ele>
      </trkpt>
      <trkpt lat="24.076881492510438" lon="120.54426670074463">
        <ele>18.41</ele>
      </trkpt>
      <trkpt lat="24.076881408691406" lon="120.54426670074463">
        <ele>18.52</ele>
      </trkpt>
      <trkpt lat="24.07709606923163" lon="120.54430961608887">
        <ele>18.65</ele>
      </trkpt>
      <trkpt lat="24.077396392822266" lon="120.5443525314331">
        <ele>18.77</ele>
      </trkpt>
      <trkpt lat="24.077653968706727" lon="120.54439544677734">
        <ele>18.85</ele>
      </trkpt>
      <trkpt lat="24.077889919281006" lon="120.54448127746582">
        <ele>18.94</ele>
      </trkpt>
      <trkpt lat="24.07811447046697" lon="120.54457750171423">
        <ele>19.03</ele>
      </trkpt>
      <trkpt lat="24.07834061421454" lon="120.54467439651489">
        <ele>19.09</ele>
      </trkpt>
      <trkpt lat="24.078625682741404" lon="120.54480263963342">
        <ele>19.13</ele>
      </trkpt>
      <trkpt lat="24.0789108350873" lon="120.54493096657097">
        <ele>19.17</ele>
      </trkpt>
      <trkpt lat="24.079198921099305" lon="120.54506063461304">
        <ele>19.21</ele>
      </trkpt>
      <trkpt lat="24.0794341173023" lon="120.54516750387847">
        <ele>19.26</ele>
      </trkpt>
      <trkpt lat="24.079670989885926" lon="120.54527521133423">
        <ele>19.32</ele>
      </trkpt>
      <trkpt lat="24.079907024279237" lon="120.5453610420227">
        <ele>19.41</ele>
      </trkpt>
      <trkpt lat="24.08013149164617" lon="120.54545726627111">
        <ele>19.52</ele>
      </trkpt>
      <trkpt lat="24.08035763539374" lon="120.54555416107178">
        <ele>19.62</ele>
      </trkpt>
      <trkpt lat="24.080529296770692" lon="120.54563999176025">
        <ele>19.67</ele>
      </trkpt>
      <trkpt lat="24.08052921295166" lon="120.54563999176025">
        <ele>19.7</ele>
      </trkpt>
      <trkpt lat="24.080722415819764" lon="120.54570436477661">
        <ele>19.7</ele>
      </trkpt>
      <trkpt lat="24.08080816268921" lon="120.54574728012085">
        <ele>19.69</ele>
      </trkpt>
      <trkpt lat="24.081001365557313" lon="120.54576873779297">
        <ele>19.63</ele>
      </trkpt>
      <trkpt lat="24.08122214488685" lon="120.54579002782702">
        <ele>19.65</ele>
      </trkpt>
      <trkpt lat="24.08144292421639" lon="120.54581140168011">
        <ele>19.67</ele>
      </trkpt>
      <trkpt lat="24.081666553393006" lon="120.54583311080933">
        <ele>19.76</ele>
      </trkpt>
      <trkpt lat="24.081838130950928" lon="120.54585456848145">
        <ele>19.86</ele>
      </trkpt>
      <trkpt lat="24.081966876983643" lon="120.5459189414978">
        <ele>19.9</ele>
      </trkpt>
      <trkpt lat="24.08207416534424" lon="120.5460262298584">
        <ele>19.91</ele>
      </trkpt>
      <trkpt lat="24.08225999213755" lon="120.54627634584904">
        <ele>19.82</ele>
      </trkpt>
      <trkpt lat="24.082445818930864" lon="120.54652646183968">
        <ele>19.74</ele>
      </trkpt>
      <trkpt lat="24.082632148638368" lon="120.54677724838257">
        <ele>19.68</ele>
      </trkpt>
      <trkpt lat="24.082632064819336" lon="120.54677724838257">
        <ele>19.68</ele>
      </trkpt>
      <trkpt lat="24.082673890516162" lon="120.54682955145836">
        <ele>19.67</ele>
      </trkpt>
      <trkpt lat="24.082675147801638" lon="120.54683114401996">
        <ele>19.68</ele>
      </trkpt>
      <trkpt lat="24.08280381001532" lon="120.54699182510376">
        <ele>19.66</ele>
      </trkpt>
      <trkpt lat="24.082954013720155" lon="120.54722785949707">
        <ele>19.67</ele>
      </trkpt>
      <trkpt lat="24.082975471392274" lon="120.54733514785767">
        <ele>19.7</ele>
      </trkpt>
      <trkpt lat="24.08299684524536" lon="120.54761409759521">
        <ele>19.77</ele>
      </trkpt>
      <trkpt lat="24.08299684524536" lon="120.5478862579912">
        <ele>19.8</ele>
      </trkpt>
      <trkpt lat="24.08299684524536" lon="120.54815841838717">
        <ele>19.79</ele>
      </trkpt>
      <trkpt lat="24.082996929064393" lon="120.54842948913574">
        <ele>19.79</ele>
      </trkpt>
      <trkpt lat="24.08299684524536" lon="120.54842948913574">
        <ele>19.83</ele>
      </trkpt>
      <trkpt lat="24.08299684524536" lon="120.54862260818481">
        <ele>19.87</ele>
      </trkpt>
      <trkpt lat="24.083018386736512" lon="120.54885864257812">
        <ele>19.99</ele>
      </trkpt>
      <trkpt lat="24.08310421742499" lon="120.54913759231567">
        <ele>20.15</ele>
      </trkpt>
      <trkpt lat="24.083125675097108" lon="120.54924488067627">
        <ele>20.23</ele>
      </trkpt>
      <trkpt lat="24.083211505785584" lon="120.54953120648861">
        <ele>20.37</ele>
      </trkpt>
      <trkpt lat="24.083297420293093" lon="120.54981753230095">
        <ele>20.4</ele>
      </trkpt>
      <trkpt lat="24.083383167162538" lon="120.55010318756104">
        <ele>20.38</ele>
      </trkpt>
      <trkpt lat="24.083404624834657" lon="120.55023193359375">
        <ele>20.35</ele>
      </trkpt>
      <trkpt lat="24.083479726687074" lon="120.55047886446118">
        <ele>20.29</ele>
      </trkpt>
      <trkpt lat="24.08355482853949" lon="120.55072546005249">
        <ele>20.33</ele>
      </trkpt>
      <trkpt lat="24.083640659227967" lon="120.55101530626416">
        <ele>20.41</ele>
      </trkpt>
      <trkpt lat="24.083726489916444" lon="120.5513048171997">
        <ele>20.47</ele>
      </trkpt>
      <trkpt lat="24.083726406097412" lon="120.5513048171997">
        <ele>20.5</ele>
      </trkpt>
      <trkpt lat="24.0837908629328" lon="120.5515193939209">
        <ele>20.52</ele>
      </trkpt>
      <trkpt lat="24.08385523594916" lon="120.55179834365845">
        <ele>20.5</ele>
      </trkpt>
      <trkpt lat="24.083926733583212" lon="120.55204887874424">
        <ele>20.5</ele>
      </trkpt>
      <trkpt lat="24.083998315036297" lon="120.55229941383004">
        <ele>20.47</ele>
      </trkpt>
      <trkpt lat="24.08406972885132" lon="120.55254936218262">
        <ele>20.46</ele>
      </trkpt>
      <trkpt lat="24.084112644195557" lon="120.55267810821533">
        <ele>20.53</ele>
      </trkpt>
      <trkpt lat="24.084166372194886" lon="120.55287139490247">
        <ele>20.6</ele>
      </trkpt>
      <trkpt lat="24.084220016375184" lon="120.55306434631348">
        <ele>20.65</ele>
      </trkpt>
      <trkpt lat="24.0842951182276" lon="120.55328973568976">
        <ele>20.63</ele>
      </trkpt>
      <trkpt lat="24.084370220080018" lon="120.55351495742798">
        <ele>20.62</ele>
      </trkpt>
      <trkpt lat="24.084445321932435" lon="120.5537296179682">
        <ele>20.63</ele>
      </trkpt>
      <trkpt lat="24.084520423784852" lon="120.55394411087036">
        <ele>20.68</ele>
      </trkpt>
      <trkpt lat="24.08456333912909" lon="120.55413722991943">
        <ele>20.75</ele>
      </trkpt>
      <trkpt lat="24.084638440981507" lon="120.55436261929572">
        <ele>20.8</ele>
      </trkpt>
      <trkpt lat="24.084713542833924" lon="120.55458784103394">
        <ele>20.81</ele>
      </trkpt>
      <trkpt lat="24.0847993735224" lon="120.55482395924628">
        <ele>20.8</ele>
      </trkpt>
      <trkpt lat="24.084885204210877" lon="120.55505990982056">
        <ele>20.77</ele>
      </trkpt>
      <trkpt lat="24.084938848391175" lon="120.55523165501654">
        <ele>20.8</ele>
      </trkpt>
      <trkpt lat="24.084992492571473" lon="120.55540323257446">
        <ele>20.86</ele>
      </trkpt>
      <trkpt lat="24.08507832325995" lon="120.55566089227796">
        <ele>21.03</ele>
      </trkpt>
      <trkpt lat="24.085164237767458" lon="120.55591855198145">
        <ele>21.14</ele>
      </trkpt>
      <trkpt lat="24.085249984636903" lon="120.55617570877075">
        <ele>21.18</ele>
      </trkpt>
      <trkpt lat="24.085357189178467" lon="120.55647611618042">
        <ele>21.13</ele>
      </trkpt>
      <trkpt lat="24.0853572729975" lon="120.55647611618042">
        <ele>21.16</ele>
      </trkpt>
      <trkpt lat="24.085421646013856" lon="120.5566478613764">
        <ele>21.15</ele>
      </trkpt>
      <trkpt lat="24.085486019030213" lon="120.55681943893433">
        <ele>21.18</ele>
      </trkpt>
      <trkpt lat="24.08557184971869" lon="120.55707709863782">
        <ele>21.24</ele>
      </trkpt>
      <trkpt lat="24.085657680407166" lon="120.55733442306519">
        <ele>21.31</ele>
      </trkpt>
      <trkpt lat="24.085743511095643" lon="120.55759208276868">
        <ele>21.33</ele>
      </trkpt>
      <trkpt lat="24.08582934178412" lon="120.55784940719604">
        <ele>21.3</ele>
      </trkpt>
      <trkpt lat="24.085904443636537" lon="120.55808560922742">
        <ele>21.28</ele>
      </trkpt>
      <trkpt lat="24.085979545488954" lon="120.55832147598267">
        <ele>21.29</ele>
      </trkpt>
      <trkpt lat="24.08604391850531" lon="120.55851467885077">
        <ele>21.33</ele>
      </trkpt>
      <trkpt lat="24.08610829152167" lon="120.55870771408081">
        <ele>21.39</ele>
      </trkpt>
      <trkpt lat="24.086194122210145" lon="120.55895104072988">
        <ele>21.48</ele>
      </trkpt>
      <trkpt lat="24.086280036717653" lon="120.55919436737895">
        <ele>21.55</ele>
      </trkpt>
      <trkpt lat="24.086365783587098" lon="120.55943727493286">
        <ele>21.65</ele>
      </trkpt>
      <trkpt lat="24.086440885439515" lon="120.55965193547308">
        <ele>21.65</ele>
      </trkpt>
      <trkpt lat="24.086515987291932" lon="120.55986642837524">
        <ele>21.64</ele>
      </trkpt>
      <trkpt lat="24.08658036030829" lon="120.56005963124335">
        <ele>21.64</ele>
      </trkpt>
      <trkpt lat="24.086644733324647" lon="120.56025266647339">
        <ele>21.76</ele>
      </trkpt>
      <trkpt lat="24.08673777244985" lon="120.56051024235785">
        <ele>21.88</ele>
      </trkpt>
      <trkpt lat="24.086830811575055" lon="120.56076790206134">
        <ele>21.93</ele>
      </trkpt>
      <trkpt lat="24.086923683062196" lon="120.56102514266968">
        <ele>21.93</ele>
      </trkpt>
      <trkpt lat="24.08702560700476" lon="120.5613418109715">
        <ele>21.94</ele>
      </trkpt>
      <trkpt lat="24.08712761476636" lon="120.56165856309235">
        <ele>21.96</ele>
      </trkpt>
      <trkpt lat="24.087229622527957" lon="120.5619753152132">
        <ele>21.94</ele>
      </trkpt>
      <trkpt lat="24.08733137883246" lon="120.5622911453247">
        <ele>21.84</ele>
      </trkpt>
      <trkpt lat="24.087438667193055" lon="120.56259783916175">
        <ele>21.78</ele>
      </trkpt>
      <trkpt lat="24.087546039372683" lon="120.56290461681783">
        <ele>21.81</ele>
      </trkpt>
      <trkpt lat="24.08765341155231" lon="120.56321131065488">
        <ele>21.92</ele>
      </trkpt>
      <trkpt lat="24.087760699912906" lon="120.56351808831096">
        <ele>22.0</ele>
      </trkpt>
      <trkpt lat="24.087868072092533" lon="120.56382486596704">
        <ele>22.03</ele>
      </trkpt>
      <trkpt lat="24.08797544427216" lon="120.56413155980408">
        <ele>22.06</ele>
      </trkpt>
      <trkpt lat="24.088082313537598" lon="120.56443691253662">
        <ele>22.09</ele>
      </trkpt>
      <trkpt lat="24.088178873062134" lon="120.56469448842108">
        <ele>22.06</ele>
      </trkpt>
      <trkpt lat="24.08827543258667" lon="120.56495189666748">
        <ele>22.07</ele>
      </trkpt>
      <trkpt lat="24.0882755164057" lon="120.56495189666748">
        <ele>22.05</ele>
      </trkpt>
      <trkpt lat="24.088404262438416" lon="120.56525230407715">
        <ele>22.11</ele>
      </trkpt>
      <trkpt lat="24.088575588539243" lon="120.56543435901403">
        <ele>22.07</ele>
      </trkpt>
      <trkpt lat="24.08874750137329" lon="120.56561708450317">
        <ele>21.97</ele>
      </trkpt>
      <trkpt lat="24.088897705078125" lon="120.56574583053589">
        <ele>21.88</ele>
      </trkpt>
      <trkpt lat="24.08914379775524" lon="120.56589553132653">
        <ele>21.78</ele>
      </trkpt>
      <trkpt lat="24.089391315355897" lon="120.56604623794556">
        <ele>21.74</ele>
      </trkpt>
      <trkpt lat="24.089655177667737" lon="120.56621739640832">
        <ele>21.7</ele>
      </trkpt>
      <trkpt lat="24.08991912379861" lon="120.56638855487108">
        <ele>21.63</ele>
      </trkpt>
      <trkpt lat="24.090185249224305" lon="120.56656122207642">
        <ele>21.61</ele>
      </trkpt>
      <trkpt lat="24.090393790975213" lon="120.56668954901397">
        <ele>21.6</ele>
      </trkpt>
      <trkpt lat="24.090602416545153" lon="120.56681795977056">
        <ele>21.57</ele>
      </trkpt>
      <trkpt lat="24.090811042115092" lon="120.56694628670812">
        <ele>21.51</ele>
      </trkpt>
      <trkpt lat="24.09102209843695" lon="120.56707620620728">
        <ele>21.42</ele>
      </trkpt>
      <trkpt lat="24.09102201461792" lon="120.56707620620728">
        <ele>21.37</ele>
      </trkpt>
      <trkpt lat="24.091282356530428" lon="120.56724024005234">
        <ele>21.3</ele>
      </trkpt>
      <trkpt lat="24.091542698442936" lon="120.56740427389741">
        <ele>21.23</ele>
      </trkpt>
      <trkpt lat="24.091803040355444" lon="120.56756830774248">
        <ele>21.22</ele>
      </trkpt>
      <trkpt lat="24.092063382267952" lon="120.56773234158754">
        <ele>21.14</ele>
      </trkpt>
      <trkpt lat="24.09232372418046" lon="120.56789637543261">
        <ele>21.06</ele>
      </trkpt>
      <trkpt lat="24.09258850850165" lon="120.56806325912476">
        <ele>20.96</ele>
      </trkpt>
      <trkpt lat="24.092738293111324" lon="120.56815948337317">
        <ele>20.92</ele>
      </trkpt>
      <trkpt lat="24.092888915911317" lon="120.56825637817383">
        <ele>20.88</ele>
      </trkpt>
      <trkpt lat="24.09303903579712" lon="120.5683422088623">
        <ele>20.84</ele>
      </trkpt>
      <trkpt lat="24.093124866485596" lon="120.56859970092773">
        <ele>20.86</ele>
      </trkpt>
      <trkpt lat="24.093167781829834" lon="120.56870698928833">
        <ele>20.84</ele>
      </trkpt>
      <trkpt lat="24.093167781829834" lon="120.56887865066528">
        <ele>20.82</ele>
      </trkpt>
      <trkpt lat="24.093081951141357" lon="120.56917905807495">
        <ele>20.79</ele>
      </trkpt>
      <trkpt lat="24.093028223142028" lon="120.56943680159748">
        <ele>20.7</ele>
      </trkpt>
      <trkpt lat="24.09297466278076" lon="120.56969404220581">
        <ele>20.64</ele>
      </trkpt>
      <trkpt lat="24.09294239245355" lon="120.56998405605555">
        <ele>20.64</ele>
      </trkpt>
      <trkpt lat="24.092910289764404" lon="120.57027339935303">
        <ele>20.69</ele>
      </trkpt>
      <trkpt lat="24.09289595670998" lon="120.57050968520343">
        <ele>20.68</ele>
      </trkpt>
      <trkpt lat="24.092881623655558" lon="120.57074605487287">
        <ele>20.69</ele>
      </trkpt>
      <trkpt lat="24.092867458239198" lon="120.57098150253296">
        <ele>20.69</ele>
      </trkpt>
      <trkpt lat="24.092867458239198" lon="120.57122860103846">
        <ele>20.69</ele>
      </trkpt>
      <trkpt lat="24.092867458239198" lon="120.5714750289917">
        <ele>20.66</ele>
      </trkpt>
      <trkpt lat="24.092867374420166" lon="120.5714750289917">
        <ele>20.62</ele>
      </trkpt>
      <trkpt lat="24.092856645584106" lon="120.57165758684278">
        <ele>20.55</ele>
      </trkpt>
      <trkpt lat="24.09284600056708" lon="120.57183980941772">
        <ele>20.41</ele>
      </trkpt>
      <trkpt lat="24.092835187911987" lon="120.57209763675928">
        <ele>20.3</ele>
      </trkpt>
      <trkpt lat="24.09282454289496" lon="120.57235479354858">
        <ele>20.24</ele>
      </trkpt>
      <trkpt lat="24.092835187911987" lon="120.57266634888947">
        <ele>20.19</ele>
      </trkpt>
      <trkpt lat="24.092845916748047" lon="120.57297706604004">
        <ele>20.24</ele>
      </trkpt>
      <trkpt lat="24.092878103256226" lon="120.57326707988977">
        <ele>20.24</ele>
      </trkpt>
      <trkpt lat="24.092910289764404" lon="120.57355642318726">
        <ele>20.23</ele>
      </trkpt>
      <trkpt lat="24.09299612045288" lon="120.57387853972614">
        <ele>20.26</ele>
      </trkpt>
      <trkpt lat="24.093081951141357" lon="120.57420015335083">
        <ele>20.23</ele>
      </trkpt>
      <trkpt lat="24.093178594484925" lon="120.57450072839856">
        <ele>20.16</ele>
      </trkpt>
      <trkpt lat="24.09327515400946" lon="120.57480096817017">
        <ele>20.11</ele>
      </trkpt>
      <trkpt lat="24.093360984697938" lon="120.57505862787366">
        <ele>20.08</ele>
      </trkpt>
      <trkpt lat="24.093446899205446" lon="120.57531628757715">
        <ele>20.11</ele>
      </trkpt>
      <trkpt lat="24.093532813712955" lon="120.57557394728065">
        <ele>20.12</ele>
      </trkpt>
      <trkpt lat="24.093618476763368" lon="120.57583093643188">
        <ele>20.16</ele>
      </trkpt>
      <trkpt lat="24.093721490353346" lon="120.57614869438112">
        <ele>20.23</ele>
      </trkpt>
      <trkpt lat="24.093824587762356" lon="120.57646653614938">
        <ele>20.31</ele>
      </trkpt>
      <trkpt lat="24.093927685171366" lon="120.57678437791765">
        <ele>20.19</ele>
      </trkpt>
      <trkpt lat="24.094030782580376" lon="120.57710213586688">
        <ele>20.05</ele>
      </trkpt>
      <trkpt lat="24.094133460894227" lon="120.5774188041687">
        <ele>20.0</ele>
      </trkpt>
      <trkpt lat="24.094224656000733" lon="120.57768719270825">
        <ele>20.11</ele>
      </trkpt>
      <trkpt lat="24.09431593492627" lon="120.5779555812478">
        <ele>20.34</ele>
      </trkpt>
      <trkpt lat="24.09440721385181" lon="120.57822396978736">
        <ele>20.44</ele>
      </trkpt>
      <trkpt lat="24.094498241320252" lon="120.57849168777466">
        <ele>20.34</ele>
      </trkpt>
      <trkpt lat="24.09449815750122" lon="120.57849168777466">
        <ele>20.32</ele>
      </trkpt>
      <trkpt lat="24.094602847471833" lon="120.57881372049451">
        <ele>20.15</ele>
      </trkpt>
      <trkpt lat="24.094707537442446" lon="120.57913583703339">
        <ele>20.15</ele>
      </trkpt>
      <trkpt lat="24.09481222741306" lon="120.57945795357227">
        <ele>20.22</ele>
      </trkpt>
      <trkpt lat="24.09491691738367" lon="120.57978007011116">
        <ele>20.29</ele>
      </trkpt>
      <trkpt lat="24.095021607354283" lon="120.58010218665004">
        <ele>20.3</ele>
      </trkpt>
      <trkpt lat="24.095126297324896" lon="120.58042430318892">
        <ele>20.21</ele>
      </trkpt>
      <trkpt lat="24.09523098729551" lon="120.5807464197278">
        <ele>20.1</ele>
      </trkpt>
      <trkpt lat="24.0953350905329" lon="120.58106660842896">
        <ele>20.01</ele>
      </trkpt>
      <trkpt lat="24.095420921221375" lon="120.58132426813245">
        <ele>19.89</ele>
      </trkpt>
      <trkpt lat="24.095506751909852" lon="120.58158192783594">
        <ele>19.79</ele>
      </trkpt>
      <trkpt lat="24.095592498779297" lon="120.58183908462524">
        <ele>19.69</ele>
      </trkpt>
      <trkpt lat="24.095635414123535" lon="120.58194637298584">
        <ele>19.65</ele>
      </trkpt>
      <trkpt lat="24.095721328631043" lon="120.58183908462524">
        <ele>19.64</ele>
      </trkpt>
      <trkpt lat="24.095860635861754" lon="120.58166759088635">
        <ele>19.69</ele>
      </trkpt>
      <trkpt lat="24.096000278368592" lon="120.58149576187134">
        <ele>19.72</ele>
      </trkpt>
      <trkpt lat="24.096143105998635" lon="120.58131705969572">
        <ele>19.72</ele>
      </trkpt>
      <trkpt lat="24.09628601744771" lon="120.58113844133914">
        <ele>19.7</ele>
      </trkpt>
      <trkpt lat="24.096429347991943" lon="120.58095932006836">
        <ele>19.62</ele>
      </trkpt>
      <trkpt lat="24.096568571403623" lon="120.58080928400159">
        <ele>19.57</ele>
      </trkpt>
      <trkpt lat="24.096708297729492" lon="120.58065891265869">
        <ele>19.49</ele>
      </trkpt>
      <trkpt lat="24.096922874450684" lon="120.5804443359375">
        <ele>19.37</ele>
      </trkpt>
      <trkpt lat="24.097137451171875" lon="120.58027267456055">
        <ele>19.24</ele>
      </trkpt>
      <trkpt lat="24.097308609634638" lon="120.58016563765705">
        <ele>19.15</ele>
      </trkpt>
      <trkpt lat="24.09748077392578" lon="120.58005809783936">
        <ele>19.08</ele>
      </trkpt>
      <trkpt lat="24.09754514694214" lon="120.58001518249512">
        <ele>19.02</ele>
      </trkpt>
      <trkpt lat="24.097769614309072" lon="120.57991887442768">
        <ele>18.96</ele>
      </trkpt>
      <trkpt lat="24.09799575805664" lon="120.57982206344604">
        <ele>18.89</ele>
      </trkpt>
      <trkpt lat="24.098210334777832" lon="120.57975769042969">
        <ele>18.8</ele>
      </trkpt>
      <trkpt lat="24.098413344472647" lon="120.57972558774054">
        <ele>18.68</ele>
      </trkpt>
      <trkpt lat="24.098618030548096" lon="120.57969331741333">
        <ele>18.57</ele>
      </trkpt>
      <trkpt lat="24.098854064941406" lon="120.57967185974121">
        <ele>18.47</ele>
      </trkpt>
      <trkpt lat="24.099111557006836" lon="120.57969331741333">
        <ele>18.39</ele>
      </trkpt>
      <trkpt lat="24.099326133728027" lon="120.57971477508545">
        <ele>18.32</ele>
      </trkpt>
      <trkpt lat="24.09954071044922" lon="120.57975769042969">
        <ele>18.18</ele>
      </trkpt>
      <trkpt lat="24.099754448980093" lon="120.57982181198895">
        <ele>18.11</ele>
      </trkpt>
      <trkpt lat="24.099969947710633" lon="120.5798864364624">
        <ele>18.07</ele>
      </trkpt>
      <trkpt lat="24.10023707896471" lon="120.57998257689178">
        <ele>18.0</ele>
      </trkpt>
      <trkpt lat="24.10050630569458" lon="120.58007955551147">
        <ele>17.9</ele>
      </trkpt>
      <trkpt lat="24.100677967071533" lon="120.58012247085571">
        <ele>17.86</ele>
      </trkpt>
      <trkpt lat="24.100828170776367" lon="120.58014392852783">
        <ele>17.82</ele>
      </trkpt>
      <trkpt lat="24.101031264290214" lon="120.58022942394018">
        <ele>17.79</ele>
      </trkpt>
      <trkpt lat="24.10123586654663" lon="120.58031558990479">
        <ele>17.78</ele>
      </trkpt>
      <trkpt lat="24.101396212354302" lon="120.58037971146405">
        <ele>17.69</ele>
      </trkpt>
      <trkpt lat="24.101557731628418" lon="120.5804443359375">
        <ele>17.59</ele>
      </trkpt>
      <trkpt lat="24.101851098239422" lon="120.58054827153683">
        <ele>17.58</ele>
      </trkpt>
      <trkpt lat="24.102144548669457" lon="120.58065220713615">
        <ele>17.59</ele>
      </trkpt>
      <trkpt lat="24.10243791528046" lon="120.58075614273548">
        <ele>17.48</ele>
      </trkpt>
      <trkpt lat="24.102731365710497" lon="120.58086007833481">
        <ele>17.33</ele>
      </trkpt>
      <trkpt lat="24.1030247323215" lon="120.58096401393414">
        <ele>17.22</ele>
      </trkpt>
      <trkpt lat="24.103318182751536" lon="120.58106794953346">
        <ele>17.21</ele>
      </trkpt>
      <trkpt lat="24.10361154936254" lon="120.58117188513279">
        <ele>17.25</ele>
      </trkpt>
      <trkpt lat="24.103904999792576" lon="120.58127582073212">
        <ele>17.21</ele>
      </trkpt>
      <trkpt lat="24.10419836640358" lon="120.58137975633144">
        <ele>17.25</ele>
      </trkpt>
      <trkpt lat="24.104491816833615" lon="120.58148369193077">
        <ele>17.23</ele>
      </trkpt>
      <trkpt lat="24.10478518344462" lon="120.5815876275301">
        <ele>17.06</ele>
      </trkpt>
      <trkpt lat="24.105078633874655" lon="120.58169156312943">
        <ele>17.0</ele>
      </trkpt>
      <trkpt lat="24.10537200048566" lon="120.58179549872875">
        <ele>16.96</ele>
      </trkpt>
      <trkpt lat="24.105665450915694" lon="120.58189943432808">
        <ele>17.0</ele>
      </trkpt>
      <trkpt lat="24.105958817526698" lon="120.5820033699274">
        <ele>17.08</ele>
      </trkpt>
      <trkpt lat="24.106252267956734" lon="120.58210738934577">
        <ele>17.16</ele>
      </trkpt>
      <trkpt lat="24.106545634567738" lon="120.58221132494509">
        <ele>17.32</ele>
      </trkpt>
      <trkpt lat="24.106839084997773" lon="120.58231526054442">
        <ele>17.52</ele>
      </trkpt>
      <trkpt lat="24.107132451608777" lon="120.58241919614375">
        <ele>17.68</ele>
      </trkpt>
      <trkpt lat="24.107425902038813" lon="120.58252313174307">
        <ele>17.96</ele>
      </trkpt>
      <trkpt lat="24.107719268649817" lon="120.5826270673424">
        <ele>18.38</ele>
      </trkpt>
      <trkpt lat="24.108012719079852" lon="120.58273100294173">
        <ele>18.73</ele>
      </trkpt>
      <trkpt lat="24.108306085690856" lon="120.58283493854105">
        <ele>19.09</ele>
      </trkpt>
      <trkpt lat="24.10859953612089" lon="120.58293887414038">
        <ele>19.44</ele>
      </trkpt>
      <trkpt lat="24.108892902731895" lon="120.58304280973971">
        <ele>19.85</ele>
      </trkpt>
      <trkpt lat="24.10918635316193" lon="120.58314682915807">
        <ele>20.22</ele>
      </trkpt>
      <trkpt lat="24.109479719772935" lon="120.5832507647574">
        <ele>20.55</ele>
      </trkpt>
      <trkpt lat="24.10977317020297" lon="120.58335470035672">
        <ele>20.91</ele>
      </trkpt>
      <trkpt lat="24.110097885131836" lon="120.5834698677063">
        <ele>21.26</ele>
      </trkpt>
      <trkpt lat="24.110332997515798" lon="120.58355536311865">
        <ele>21.65</ele>
      </trkpt>
      <trkpt lat="24.110569953918457" lon="120.58364152908325">
        <ele>22.03</ele>
      </trkpt>
      <trkpt lat="24.110762318596244" lon="120.58370565064251">
        <ele>22.33</ele>
      </trkpt>
      <trkpt lat="24.1109561920166" lon="120.58377027511597">
        <ele>22.58</ele>
      </trkpt>
      <trkpt lat="24.111192226409912" lon="120.58389902114868">
        <ele>22.75</ele>
      </trkpt>
      <trkpt lat="24.111385345458984" lon="120.58400630950928">
        <ele>22.94</ele>
      </trkpt>
      <trkpt lat="24.111524485051632" lon="120.58411326259375">
        <ele>23.14</ele>
      </trkpt>
      <trkpt lat="24.111664295196533" lon="120.58422088623047">
        <ele>23.39</ele>
      </trkpt>
      <trkpt lat="24.111900329589844" lon="120.58443546295166">
        <ele>23.68</ele>
      </trkpt>
      <trkpt lat="24.112050365656614" lon="120.58462833054364">
        <ele>23.92</ele>
      </trkpt>
      <trkpt lat="24.11220073699951" lon="120.5848217010498">
        <ele>24.12</ele>
      </trkpt>
      <trkpt lat="24.112350940704346" lon="120.58510065078735">
        <ele>24.28</ele>
      </trkpt>
      <trkpt lat="24.112436771392822" lon="120.58529376983643">
        <ele>24.44</ele>
      </trkpt>
      <trkpt lat="24.112415313720703" lon="120.58550834655762">
        <ele>24.65</ele>
      </trkpt>
      <trkpt lat="24.112372398376465" lon="120.58563709259033">
        <ele>24.82</ele>
      </trkpt>
      <trkpt lat="24.112308025360107" lon="120.58572292327881">
        <ele>24.97</ele>
      </trkpt>
      <trkpt lat="24.112061765044928" lon="120.58592626824975">
        <ele>25.14</ele>
      </trkpt>
      <trkpt lat="24.111814498901367" lon="120.58613061904907">
        <ele>25.26</ele>
      </trkpt>
      <trkpt lat="24.11175012588501" lon="120.58621644973755">
        <ele>25.38</ele>
      </trkpt>
      <trkpt lat="24.111642837524414" lon="120.58645248413086">
        <ele>25.5</ele>
      </trkpt>
      <trkpt lat="24.111621379852295" lon="120.58658123016357">
        <ele>25.57</ele>
      </trkpt>
      <trkpt lat="24.111621379852295" lon="120.58675289154053">
        <ele>25.63</ele>
      </trkpt>
      <trkpt lat="24.111664295196533" lon="120.58692455291748">
        <ele>25.69</ele>
      </trkpt>
      <trkpt lat="24.111814498901367" lon="120.58711767196655">
        <ele>25.76</ele>
      </trkpt>
      <trkpt lat="24.111943244934082" lon="120.58724641799927">
        <ele>25.84</ele>
      </trkpt>
      <trkpt lat="24.112179279327393" lon="120.58731079101562">
        <ele>25.87</ele>
      </trkpt>
      <trkpt lat="24.112403830513358" lon="120.58741766028106">
        <ele>25.83</ele>
      </trkpt>
      <trkpt lat="24.112629890441895" lon="120.58752536773682">
        <ele>25.79</ele>
      </trkpt>
      <trkpt lat="24.112865924835205" lon="120.58767557144165">
        <ele>25.83</ele>
      </trkpt>
      <trkpt lat="24.113037586212158" lon="120.58782577514648">
        <ele>25.89</ele>
      </trkpt>
      <trkpt lat="24.11323070526123" lon="120.5880618095398">
        <ele>25.97</ele>
      </trkpt>
      <trkpt lat="24.11327362060547" lon="120.58831955306232">
        <ele>25.84</ele>
      </trkpt>
      <trkpt lat="24.11331661976874" lon="120.58857738040388">
        <ele>25.65</ele>
      </trkpt>
      <trkpt lat="24.113359451293945" lon="120.58883428573608">
        <ele>25.51</ele>
      </trkpt>
      <trkpt lat="24.113397002220154" lon="120.58910820633173">
        <ele>25.41</ele>
      </trkpt>
      <trkpt lat="24.113434636965394" lon="120.58938212692738">
        <ele>25.38</ele>
      </trkpt>
      <trkpt lat="24.113472271710634" lon="120.58965604752302">
        <ele>25.37</ele>
      </trkpt>
      <trkpt lat="24.11350973881781" lon="120.58992862701416">
        <ele>25.41</ele>
      </trkpt>
      <trkpt lat="24.11353119648993" lon="120.59017924591899">
        <ele>25.43</ele>
      </trkpt>
      <trkpt lat="24.11355265416205" lon="120.59042994864285">
        <ele>25.4</ele>
      </trkpt>
      <trkpt lat="24.113574028015137" lon="120.59067964553833">
        <ele>25.35</ele>
      </trkpt>
      <trkpt lat="24.113574028015137" lon="120.59092674404383">
        <ele>25.3</ele>
      </trkpt>
      <trkpt lat="24.113574028015137" lon="120.59117317199707">
        <ele>25.28</ele>
      </trkpt>
      <trkpt lat="24.113541757687926" lon="120.59140945784748">
        <ele>25.29</ele>
      </trkpt>
      <trkpt lat="24.11350965499878" lon="120.59164524078369">
        <ele>25.24</ele>
      </trkpt>
      <trkpt lat="24.11346665583551" lon="120.59184925630689">
        <ele>25.21</ele>
      </trkpt>
      <trkpt lat="24.113423908129334" lon="120.59205293655396">
        <ele>25.23</ele>
      </trkpt>
      <trkpt lat="24.113316535949707" lon="120.59236063621938">
        <ele>25.32</ele>
      </trkpt>
      <trkpt lat="24.11320916377008" lon="120.59266841970384">
        <ele>25.3</ele>
      </trkpt>
      <trkpt lat="24.113102043047547" lon="120.59297561645508">
        <ele>25.26</ele>
      </trkpt>
      <trkpt lat="24.113101959228516" lon="120.59297561645508">
        <ele>25.3</ele>
      </trkpt>
      <trkpt lat="24.112994587048888" lon="120.59329764917493">
        <ele>25.31</ele>
      </trkpt>
      <trkpt lat="24.11288721486926" lon="120.59361976571381">
        <ele>25.4</ele>
      </trkpt>
      <trkpt lat="24.112779842689633" lon="120.5939418822527">
        <ele>25.51</ele>
      </trkpt>
      <trkpt lat="24.112672889605165" lon="120.59426307678223">
        <ele>25.07</ele>
      </trkpt>
      <trkpt lat="24.112672805786133" lon="120.59426307678223">
        <ele>25.63</ele>
      </trkpt>
      <trkpt lat="24.112571803852916" lon="120.59455719776452">
        <ele>25.72</ele>
      </trkpt>
      <trkpt lat="24.11247088573873" lon="120.59485140256584">
        <ele>25.84</ele>
      </trkpt>
      <trkpt lat="24.112369967624545" lon="120.59514560736716">
        <ele>25.91</ele>
      </trkpt>
      <trkpt lat="24.11226904951036" lon="120.59543972834945">
        <ele>25.99</ele>
      </trkpt>
      <trkpt lat="24.112168131396174" lon="120.59573393315077">
        <ele>26.07</ele>
      </trkpt>
      <trkpt lat="24.11206721328199" lon="120.59602813795209">
        <ele>26.21</ele>
      </trkpt>
      <trkpt lat="24.111966295167804" lon="120.59632225893438">
        <ele>26.35</ele>
      </trkpt>
      <trkpt lat="24.11186537705362" lon="120.5966164637357">
        <ele>26.42</ele>
      </trkpt>
      <trkpt lat="24.111764458939433" lon="120.59691066853702">
        <ele>26.48</ele>
      </trkpt>
      <trkpt lat="24.111664295196533" lon="120.59720277786255">
        <ele>26.62</ele>
      </trkpt>
      <trkpt lat="24.111578380689025" lon="120.59747653082013">
        <ele>26.76</ele>
      </trkpt>
      <trkpt lat="24.111492466181517" lon="120.59775036759675">
        <ele>26.87</ele>
      </trkpt>
      <trkpt lat="24.11140663549304" lon="120.59802412055433">
        <ele>26.97</ele>
      </trkpt>
      <trkpt lat="24.11132105626166" lon="120.59829711914062">
        <ele>27.1</ele>
      </trkpt>
      <trkpt lat="24.11125659942627" lon="120.59851898811758">
        <ele>27.25</ele>
      </trkpt>
      <trkpt lat="24.11119214259088" lon="120.59874094091356">
        <ele>27.38</ele>
      </trkpt>
      <trkpt lat="24.111127937212586" lon="120.59896230697632">
        <ele>27.48</ele>
      </trkpt>
      <trkpt lat="24.111052751541138" lon="120.59919850900769">
        <ele>27.58</ele>
      </trkpt>
      <trkpt lat="24.110977733507752" lon="120.59943437576294">
        <ele>27.63</ele>
      </trkpt>
      <trkpt lat="24.110913276672363" lon="120.5996383074671">
        <ele>27.73</ele>
      </trkpt>
      <trkpt lat="24.110848987475038" lon="120.5998420715332">
        <ele>27.78</ele>
      </trkpt>
      <trkpt lat="24.110848903656006" lon="120.5998420715332">
        <ele>27.82</ele>
      </trkpt>
      <trkpt lat="24.110773717984557" lon="120.6000997312367">
        <ele>27.86</ele>
      </trkpt>
      <trkpt lat="24.110698783770204" lon="120.60035705566406">
        <ele>27.87</ele>
      </trkpt>
      <trkpt lat="24.110677326098084" lon="120.60042142868042">
        <ele>27.93</ele>
      </trkpt>
      <trkpt lat="24.110569953918457" lon="120.60073273256421">
        <ele>27.97</ele>
      </trkpt>
      <trkpt lat="24.110462749376893" lon="120.60104370117188">
        <ele>27.98</ele>
      </trkpt>
      <trkpt lat="24.110369626432657" lon="120.60132994316518">
        <ele>28.0</ele>
      </trkpt>
      <trkpt lat="24.110276587307453" lon="120.60161626897752">
        <ele>28.11</ele>
      </trkpt>
      <trkpt lat="24.11018354818225" lon="120.60190259478986">
        <ele>28.25</ele>
      </trkpt>
      <trkpt lat="24.110090509057045" lon="120.6021889206022">
        <ele>28.42</ele>
      </trkpt>
      <trkpt lat="24.10999746993184" lon="120.60247524641454">
        <ele>28.58</ele>
      </trkpt>
      <trkpt lat="24.109904849901795" lon="120.6027603149414">
        <ele>28.71</ele>
      </trkpt>
      <trkpt lat="24.109904766082764" lon="120.6027603149414">
        <ele>28.85</ele>
      </trkpt>
      <trkpt lat="24.109797393903136" lon="120.60306088998914">
        <ele>28.96</ele>
      </trkpt>
      <trkpt lat="24.109690273180604" lon="120.60336112976074">
        <ele>29.15</ele>
      </trkpt>
      <trkpt lat="24.109615087509155" lon="120.60359733179212">
        <ele>29.37</ele>
      </trkpt>
      <trkpt lat="24.10954006947577" lon="120.60383319854736">
        <ele>29.54</ele>
      </trkpt>
      <trkpt lat="24.10953998565674" lon="120.60383319854736">
        <ele>29.66</ele>
      </trkpt>
      <trkpt lat="24.109454238787293" lon="120.6040906906128">
        <ele>29.77</ele>
      </trkpt>
      <trkpt lat="24.109368324279785" lon="120.60434298589826">
        <ele>29.91</ele>
      </trkpt>
      <trkpt lat="24.109282409772277" lon="120.60459528118372">
        <ele>30.05</ele>
      </trkpt>
      <trkpt lat="24.10919649526477" lon="120.60484757646918">
        <ele>30.15</ele>
      </trkpt>
      <trkpt lat="24.109110916033387" lon="120.60509920120239">
        <ele>30.18</ele>
      </trkpt>
      <trkpt lat="24.10902500152588" lon="120.60535686090589">
        <ele>30.25</ele>
      </trkpt>
      <trkpt lat="24.108939254656434" lon="120.60561418533325">
        <ele>30.3</ele>
      </trkpt>
      <trkpt lat="24.108853340148926" lon="120.60587896965444">
        <ele>30.27</ele>
      </trkpt>
      <trkpt lat="24.108767425641418" lon="120.60614383779466">
        <ele>30.23</ele>
      </trkpt>
      <trkpt lat="24.108681762591004" lon="120.60640811920166">
        <ele>30.05</ele>
      </trkpt>
      <trkpt lat="24.108574390411377" lon="120.60671942308545">
        <ele>29.93</ele>
      </trkpt>
      <trkpt lat="24.108467185869813" lon="120.60703039169312">
        <ele>29.87</ele>
      </trkpt>
      <trkpt lat="24.10838839598" lon="120.60728092677891">
        <ele>29.79</ele>
      </trkpt>
      <trkpt lat="24.10830968990922" lon="120.60753146186471">
        <ele>29.69</ele>
      </trkpt>
      <trkpt lat="24.108231151476502" lon="120.60778141021729">
        <ele>29.64</ele>
      </trkpt>
      <trkpt lat="24.10823106765747" lon="120.60778141021729">
        <ele>29.41</ele>
      </trkpt>
      <trkpt lat="24.10817733965814" lon="120.60796388424933">
        <ele>29.15</ele>
      </trkpt>
      <trkpt lat="24.108123779296875" lon="120.60814619064331">
        <ele>28.85</ele>
      </trkpt>
      <trkpt lat="24.108073404058814" lon="120.60834752395749">
        <ele>28.46</ele>
      </trkpt>
      <trkpt lat="24.108023615553975" lon="120.60854676179588">
        <ele>28.1</ele>
      </trkpt>
      <trkpt lat="24.108023196458817" lon="120.60854860581458">
        <ele>27.79</ele>
      </trkpt>
      <trkpt lat="24.107952117919922" lon="120.60883283615112">
        <ele>27.43</ele>
      </trkpt>
      <trkpt lat="24.107724046334624" lon="120.60891833156347">
        <ele>27.09</ele>
      </trkpt>
      <trkpt lat="24.107495974749327" lon="120.60900382697582">
        <ele>26.7</ele>
      </trkpt>
      <trkpt lat="24.10726547241211" lon="120.60909032821655">
        <ele>26.34</ele>
      </trkpt>
      <trkpt lat="24.107179641723633" lon="120.60911178588867">
        <ele>26.03</ele>
      </trkpt>
      <trkpt lat="24.10688049159944" lon="120.60914380475879">
        <ele>25.7</ele>
      </trkpt>
      <trkpt lat="24.10657891072333" lon="120.60917615890503">
        <ele>25.48</ele>
      </trkpt>
      <trkpt lat="24.10640791989863" lon="120.60918680392206">
        <ele>25.16</ele>
      </trkpt>
      <trkpt lat="24.10623550415039" lon="120.60919761657715">
        <ele>24.81</ele>
      </trkpt>
      <trkpt lat="24.10606451332569" lon="120.609165513888">
        <ele>24.44</ele>
      </trkpt>
      <trkpt lat="24.105892265215516" lon="120.60913324356079">
        <ele>24.13</ele>
      </trkpt>
      <trkpt lat="24.105610130354762" lon="120.60907339677215">
        <ele>23.88</ele>
      </trkpt>
      <trkpt lat="24.105327995494008" lon="120.6090135499835">
        <ele>23.65</ele>
      </trkpt>
      <trkpt lat="24.105045860633254" lon="120.60895370319486">
        <ele>23.41</ele>
      </trkpt>
      <trkpt lat="24.1047637257725" lon="120.60889385640621">
        <ele>23.23</ele>
      </trkpt>
      <trkpt lat="24.10447597503662" lon="120.60883283615112">
        <ele>23.11</ele>
      </trkpt>
      <trkpt lat="24.104476058855653" lon="120.60883283615112">
        <ele>22.93</ele>
      </trkpt>
      <trkpt lat="24.104198198765516" lon="120.60877935960889">
        <ele>22.8</ele>
      </trkpt>
      <trkpt lat="24.103918159380555" lon="120.60872554779053">
        <ele>22.61</ele>
      </trkpt>
      <trkpt lat="24.10395998507738" lon="120.60856000520289">
        <ele>22.44</ele>
      </trkpt>
    </trkseg>
  </trk>
</gpx>
